scope,model,feature,n,events,HR_per_SD,HR_CI_low,HR_CI_high,p_LRT,q_BH,p_wald,C_index,PH_test_p,beta,se,converged
pooled,unadjusted,n_clusters_with_tumor,383,116,1.180332740159836,0.9890491681770315,1.4086108378828934,0.06777258554383063,0.28512283585709763,0.06607198074805001,0.5655279625329608,0.49797726680606946,0.1657963819140888,0.09020796707488087,True
pooled,unadjusted,wsi_tumor_n_islands,383,116,1.1613739011827955,0.9666172555604575,1.3953706398159629,0.11006236778122172,0.28512283585709763,0.11016406005078164,0.5439411232240545,0.5339084396094793,0.14960370184417707,0.09365120906312709,True
pooled,unadjusted,wsi_cluster_area_mm2,383,116,1.2006769123835317,0.9995634488641368,1.442254665843429,0.049189488449215286,0.28512283585709763,0.05054394756015776,0.5695226100987839,0.2803089693573678,0.18288549140587965,0.09353170298874038,True
pooled,unadjusted,wsi_tumor_area_mm2,383,116,1.2078318572722027,0.9936587800097867,1.4681677702553488,0.0523816250642044,0.28512283585709763,0.057943999845124626,0.5785745208390728,0.31744494124552775,0.1888268988248248,0.09958587232273641,True
pooled,unadjusted,wsi_tumor_perimeter_mm,383,116,1.1645822860470276,0.9710042917210463,1.3967517059792254,0.09979711596919758,0.28512283585709763,0.10043458299471958,0.5538195127710653,0.24995217776667739,0.152362469972925,0.09274839835480303,True
pooled,unadjusted,wsi_tumor_fraction_of_cluster,383,116,1.1080619349634475,0.9364281554731614,1.3111537116208902,0.2358953948273772,0.44230386530133226,0.23206847691842242,0.5440198354913613,0.5066243280673925,0.10261248474430901,0.08586477590687662,True
pooled,unadjusted,wsi_tumor_boundary_density_per_mm,383,116,0.8766726386550167,0.7374741610922672,1.0421448722054867,0.1330573233999789,0.28512283585709763,0.13568743919994702,0.5362666771616357,0.8711102879209336,-0.13162163034762775,0.0882156106333663,True
pooled,unadjusted,wsi_tumor_patch_density_per_mm2,383,116,0.9188371136069627,0.7709853864507775,1.0950423395547397,0.3439000121227632,0.573166686871272,0.3443193858612733,0.5241056318627259,0.8157143427098833,-0.08464641541860063,0.08950992050999003,True
pooled,unadjusted,wsi_area_weighted_tumor_largest_patch_index,383,116,1.0215349812500567,0.8545218559253742,1.2211902020779746,0.8152863106226406,0.8224320120431753,0.8150418491198659,0.5092683694753828,0.583305386802061,0.021306379672117466,0.09108141784812199,True
pooled,unadjusted,wsi_area_weighted_tumor_compactness_mean,383,116,0.9795472083335832,0.8177009746846524,1.1734274056896579,0.8224320120431753,0.8224320120431753,0.8225414213182817,0.5105277657522925,0.4197958874514689,-0.020664846400007226,0.09213965277128627,True
pooled,unadjusted,wsi_area_weighted_tumor_solidity_mean,383,116,1.1441814344876564,0.965392451469705,1.3560818225097895,0.12477894837803588,0.28512283585709763,0.120253005208462,0.5376441418395057,0.8824496749565414,0.13468947696261727,0.08668880194849597,True
pooled,unadjusted,wsi_area_weighted_tumor_elongation_mean,383,116,1.0474482701723578,0.8884233808803081,1.2349380962936143,0.58288377658223,0.7948415135212227,0.5810929636648533,0.5068676453225235,0.4540130983881703,0.046356987511053646,0.08401217186428693,True
pooled,unadjusted,wsi_area_weighted_tumor_boundary_fractal_dimension,373,116,0.9599652495780632,0.7936552634644625,1.1611253938829784,0.6743684473425657,0.8224320120431753,0.6738023108787123,0.502634138434106,0.761274094717048,-0.04085819353161568,0.09706525279714677,True
pooled,unadjusted,wsi_area_weighted_tumor_island_nnd_median_um,383,116,1.02290243920117,0.8518389907452412,1.2283182755092137,0.8083558381948491,0.8224320120431753,0.8083736473023876,0.5147782281868629,0.8799434851761143,0.02264411507194977,0.09336829749076851,True
pooled,unadjusted,wsi_area_weighted_tumor_island_gap_median_um,383,116,1.0585396683470807,0.8844238052896479,1.2669335931062855,0.5360741966161809,0.7948415135212227,0.5349454883669209,0.5196977448935417,0.5087267236028056,0.056890286891595906,0.09168836753652602,True
pooled,stage_adjusted,n_clusters_with_tumor,376,115,1.1207947148479258,0.935459368013306,1.3428491239538,0.21747316457146218,0.9074893388770126,0.21625176077894417,0.6954543608075721,,0.11403800051198841,0.09222222865666377,True
pooled,stage_adjusted,wsi_tumor_n_islands,376,115,1.1340180158339175,0.9455184698148252,1.3600970274940802,0.17451174897812854,0.9074893388770126,0.17510321800545378,0.6892797660153552,,0.12576709215812681,0.09274946366869241,True
pooled,stage_adjusted,wsi_cluster_area_mm2,376,115,1.0727543123345795,0.8991595377787955,1.27986387985749,0.43350926418078084,0.9289484232445303,0.43552151226098623,0.6903359467034976,,0.07022946476916331,0.09006339981944757,True
pooled,stage_adjusted,wsi_tumor_area_mm2,376,115,1.0876077669623843,0.9073503788514038,1.3036757159393058,0.3569179383542922,0.9074893388770126,0.3636863635064725,0.6926107974164195,,0.08398057512837709,0.0924526394660421,True
pooled,stage_adjusted,wsi_tumor_perimeter_mm,376,115,1.0978857500415036,0.9189261525984632,1.3116974816048028,0.3022261962688851,0.9074893388770126,0.303635041398993,0.6870455376365926,,0.09338628488795639,0.09078357193960034,True
pooled,stage_adjusted,wsi_tumor_fraction_of_cluster,376,115,1.0206757438224991,0.8610110352959046,1.2099484574777635,0.8137251274925963,0.9732937624345036,0.8135942756306135,0.6865174472925214,,0.020464901887568047,0.08679227535101176,True
pooled,stage_adjusted,wsi_tumor_boundary_density_per_mm,376,115,0.9761791757399317,0.8172095325143466,1.1660727698762658,0.7900805539094486,0.9732937624345036,0.7903595562053227,0.6894828776861518,,-0.0241091277173532,0.09068909364319602,True
pooled,stage_adjusted,wsi_tumor_patch_density_per_mm2,376,115,1.0228721526720763,0.8561238301560365,1.2220982571193182,0.8033628026479587,0.9732937624345036,0.8033012424745678,0.6731526993541049,,0.02261450620964767,0.09079324393635436,True
pooled,stage_adjusted,wsi_area_weighted_tumor_largest_patch_index,376,115,0.9610813343392773,0.8012218104991093,1.1528359801388515,0.6680551487090112,0.9732937624345036,0.6688818622503677,0.6809928098468538,,-0.03969623848468411,0.09281694631931563,True
pooled,stage_adjusted,wsi_area_weighted_tumor_compactness_mean,376,115,1.0094674047394867,0.8479090661862467,1.2018086394746035,0.9156973621327748,0.9732937624345036,0.9156645990830236,0.6817646341958808,,0.009422869729892385,0.08898201629640823,True
pooled,stage_adjusted,wsi_area_weighted_tumor_solidity_mean,376,115,1.0597518023326995,0.8813980445487778,1.2741960224365492,0.5389099839058067,0.9732937624345036,0.5370668822508061,0.6904578137059756,,0.05803473196414275,0.09402075363008475,True
pooled,stage_adjusted,wsi_area_weighted_tumor_elongation_mean,376,115,1.1164995589286586,0.939692261084343,1.3265739399081866,0.2154524208362344,0.9074893388770126,0.2102688108954049,0.6890766543445587,,0.11019839724977415,0.08795981448681496,True
pooled,stage_adjusted,wsi_area_weighted_tumor_boundary_fractal_dimension,366,115,1.0031483313979856,0.834503777609541,1.2058741994783484,0.9732937624345036,0.9732937624345036,0.9732976173424537,0.6758883354957519,,0.0031433857802667655,0.09390887493715423,True
pooled,stage_adjusted,wsi_area_weighted_tumor_island_nnd_median_um,376,115,0.9185948493162044,0.7646775041937219,1.1034932930058963,0.362995735550805,0.9074893388770126,0.3641525177939015,0.6708372263070236,,-0.08491011420805328,0.09356682804884334,True
pooled,stage_adjusted,wsi_area_weighted_tumor_island_gap_median_um,376,115,1.0108532929175853,0.8430968866591075,1.2119892695268406,0.9072306879457156,0.9732937624345036,0.9071829304998231,0.6885891863346468,,0.010794818645811824,0.09258582420224959,True
