wsi_name,sample_id,subject_id,wsi_n_clusters_scored,wsi_necrosis_area_um2,wsi_necrosis_perimeter_um,wsi_necrosis_fraction_of_cluster,wsi_dominant_necrosis_phenotype,source_file,OTHER_PATIENT_ID,PATIENT_ID,FORM_COMPLETION_DATE,HISTOLOGICAL_DIAGNOSIS,PROSPECTIVE_COLLECTION,RETROSPECTIVE_COLLECTION,SEX,TUMOR_SITE,RACE,ETHNICITY,LATERALITY,HISTORY_OTHER_MALIGNANCY,PRIMARY_SITE_PATIENT,LOCATION_LUNG_PARENCHYMA,INITIAL_PATHOLOGIC_DX_YEAR,METHOD_OF_INITIAL_SAMPLE_PROCUREMENT,METHOD_OF_INITIAL_SAMPLE_PROCUREMENT_OTHER,RESIDUAL_TUMOR,AJCC_STAGING_EDITION,AJCC_TUMOR_PATHOLOGIC_PT,AJCC_NODES_PATHOLOGIC_PN,AJCC_METASTASIS_PATHOLOGIC_PM,AJCC_PATHOLOGIC_TUMOR_STAGE,AJCC_NODES_CLINICAL_CT,AJCC_NODES_CLINICAL_CN,AJCC_METASTASIS_CLINICAL_CM,AJCC_CLINICAL_TUMOR_STAGE,PULMONARY_FUNCTION_TEST_INDICATOR,FEV1_PERCENT_REF_PREBRONCHOLIATOR,FEV1_PERCENT_REF_POSTBRONCHOLIATOR,FEV1_FVC_RATIO_PREBRONCHOLIATOR,FEV1_FVC_RATIO_POSTBRONCHOLIATOR,CARBON_MONOXIDE_DIFFUSION_DLCO,KRAS_GENE_ANALYSIS_INDICATOR,KRAS_MUTATION,KRAS_MUTATION_IDENTIFIED_TYPE,MUTATION_STATUS,MUTATION_TYPE,ALK_TRANSLOCATION_STATUS,ALK_ANALYSIS_TYPE,TOBACCO_SMOKING_HISTORY_INDICATOR,HISTORY_NEOADJUVANT_TRTYN,SMOKING_YEAR_STARTED,SMOKING_YEAR_STOPPED,SMOKING_PACK_YEARS,KARNOFSKY_PERFORMANCE_SCORE,ECOG_SCORE,PERFORMANCE_STATUS_TIMING,RADIATION_TREATMENT_ADJUVANT,PHARMACEUTICAL_TX_ADJUVANT,TREATMENT_OUTCOME_FIRST_COURSE,TUMOR_STATUS,NEW_TUMOR_EVENT_AFTER_INITIAL_TREATMENT,AGE,PRIMARY_SITE_OTHER,DAYS_TO_INITIAL_PATHOLOGIC_DIAGNOSIS,DAYS_TO_PATIENT_PROGRESSION_FREE,DAYS_TO_TUMOR_PROGRESSION,DISEASE_CODE,ALK_TRANSLOCATION_VARIANT,EXTRANODAL_INVOLVEMENT,HISTORY_IMMUNOLOGICAL_DISEASE,HISTORY_IMMUNOLOGICAL_DISEASE_OTHER,HISTORY_RELEVANT_INFECTIOUS_DX,HIV_STATUS,ICD_10,ICD_O_3_HISTOLOGY,ICD_O_3_SITE,INFORMED_CONSENT_VERIFIED,NUMBER_OF_LYMPHNODES_POSITIVE_BY_IHC,POS_LYMPH_NODE_LOCATION,PROJECT_CODE,STAGE_OTHER,TARGETED_MOLECULAR_THERAPY,TISSUE_SOURCE_SITE,OS_STATUS,OS_MONTHS,DFS_STATUS,DFS_MONTHS,clinical_match
TCGA-05-4244-01Z-00-DX1.d4ff32cd-38cf-40ea-8213-45c2b100ac01,TCGA-05-4244-01,TCGA-05-4244,2,0.0,0.0,0.0,absent,/data1/deasy/Himangi/male_psg_negative_features/TCGA-05-4244/necrosis_feature_wsi_summary.csv,34040b83-7e8a-4264-a551-b16621843e28,TCGA-05-4244,2010-07-22 00:00:00,Lung Adenocarcinoma,NO,YES,MALE,Lung,[Not Available],[Not Available],[Not Available],No,R-Lower,Peripheral Lung,2009,[Not Available],[Not Available],RX,6th,T2,N2,M1,Stage IV,[Not Applicable],[Not Applicable],[Not Applicable],[Not Applicable],[Not Available],[Not Available],[Not Available],[Not Available],[Not Available],[Not Available],[Not Available],[Not Available],[Not Available],[Not Available],[Not Available],[Not Available],[Not Available],4,No,[Not Available],[Not Available],38,[Not Available],[Not Available],[Not Available],[Not Available],[Not Available],[Not Available],TUMOR FREE,[Not Available],70,[Not Applicable],0,[Not Available],[Not Available],[Not Available],[Not Available],[Not Applicable],[Not Available],[Not Available],[Not Available],[Not Available],C34.3,8140/3,C34.3,YES,[Not Available],[Not Available],[Not Available],[Not Available],[Not Available],5,0:LIVING,0,0:DiseaseFree,0,matched
TCGA-05-4382-01Z-00-DX1.76b49a4c-dbbb-48b0-b677-6d3037e5ce88,TCGA-05-4382-01,TCGA-05-4382,7,8142.85,2557.28,0.0104,focal,/data1/deasy/Himangi/male_psg_negative_features/TCGA-05-4382/necrosis_feature_wsi_summary.csv,3434b91a-c05f-460f-a078-7b1bb6e7085d,TCGA-05-4382,2010-07-22 00:00:00,Lung Adenocarcinoma,NO,YES,Male,Lung,[Not Available],[Not Available],[Not Available],Yes,L-Upper,[Not Available],2009,[Not Available],[Not Available],R0,6th,T2,N0,M0,Stage IB,[Not Applicable],[Not Applicable],[Not Applicable],[Not Applicable],[Not Available],[Not Available],[Not Available],[Not Available],[Not Available],[Not Available],[Not Available],[Not Available],[Not Available],[Not Available],[Not Available],[Not Available],[Not Available],4,No,[Not Available],[Not Available],62,[Not Available],[Not Available],[Not Available],[Not Available],[Not Available],[Not Available],TUMOR FREE,[Not Available],68,[Not Applicable],0,[Not Available],[Not Available],[Not Available],[Not Available],[Not Applicable],[Not Available],[Not Available],[Not Available],[Not Available],C34.1,8255/3,C34.1,YES,[Not Available],[Not Available],[Not Available],[Not Available],[Not Available],5,0:LIVING,19.94,1:Recurred/Progressed,10.97,matched
TCGA-05-4395-01Z-00-DX1.20205276-ca16-46b2-914a-fe5e576a5cf9,TCGA-05-4395-01,TCGA-05-4395,1,0.0,0.0,0.0,absent,/data1/deasy/Himangi/male_psg_negative_features/TCGA-05-4395/necrosis_feature_wsi_summary.csv,762dea8a-5b41-4058-979a-b7876ed13d7e,TCGA-05-4395,2010-07-22 00:00:00,Lung Adenocarcinoma,NO,YES,Male,Lung,[Not Available],[Not Available],[Not Available],No,L-Upper,[Not Available],2006,[Not Available],[Not Available],R0,5th,T4,N2,M0,Stage IIIB,[Not Applicable],[Not Applicable],[Not Applicable],[Not Applicable],[Not Available],[Not Available],[Not Available],[Not Available],[Not Available],[Not Available],[Not Available],[Not Available],[Not Available],[Not Available],[Not Available],[Not Available],[Not Available],3,No,[Not Available],1983,[Not Available],[Not Available],[Not Available],[Not Available],[Not Available],[Not Available],[Not Available],TUMOR FREE,[Not Available],76,[Not Applicable],0,[Not Available],[Not Available],[Not Available],[Not Available],[Not Applicable],[Not Available],[Not Available],[Not Available],[Not Available],C34.1,8255/3,C34.1,YES,[Not Available],[Not Available],[Not Available],[Not Available],[Not Available],5,1:DECEASED,0,[Not Available],[Not Available],matched
TCGA-05-4397-01Z-00-DX1.00e9cdb3-b50e-439c-86b0-d7b73b802c0d,TCGA-05-4397-01,TCGA-05-4397,6,369830.62,9601.15,0.466,present,/data1/deasy/Himangi/male_psg_negative_features/TCGA-05-4397/necrosis_feature_wsi_summary.csv,6dfd47d2-831a-4386-9051-f78199a16bb5,TCGA-05-4397,2010-07-22 00:00:00,Lung Adenocarcinoma,NO,YES,Male,Lung,[Not Available],[Not Available],[Not Available],No,R-Middle,[Not Available],2006,[Not Available],[Not Available],R0,5th,T2,N1,M0,Stage IIB,[Not Applicable],[Not Applicable],[Not Applicable],[Not Applicable],[Not Available],[Not Available],[Not Available],[Not Available],[Not Available],[Not Available],[Not Available],[Not Available],[Not Available],[Not Available],[Not Available],[Not Available],[Not Available],2,No,[Not Available],[Not Available],45,[Not Available],[Not Available],[Not Available],[Not Available],[Not Available],[Not Available],[Not Available],[Not Available],65,[Not Applicable],0,[Not Available],[Not Available],[Not Available],[Not Available],[Not Applicable],[Not Available],[Not Available],[Not Available],[Not Available],C34.2,8255/3,C34.2,YES,[Not Available],[Not Available],[Not Available],[Not Available],[Not Available],5,1:DECEASED,24.01,[Not Available],[Not Available],matched
TCGA-05-4415-01Z-00-DX1.55E0C429-B308-4962-8DA9-41D7D3F7764E,TCGA-05-4415-01,TCGA-05-4415,5,1608.16,424.72,0.0032,focal,/data1/deasy/Himangi/male_psg_negative_features/TCGA-05-4415/necrosis_feature_wsi_summary.csv,d15b7b29-c5c5-41d8-b83b-7cc12fe92820,TCGA-05-4415,2010-07-22 00:00:00,Lung Adenocarcinoma,NO,YES,Male,Lung,[Not Available],[Not Available],[Not Available],No,L-Lower,[Not Available],2008,[Not Available],[Not Available],R0,6th,T4,N2,M0,Stage IIIB,[Not Applicable],[Not Applicable],[Not Applicable],[Not Applicable],[Not Available],[Not Available],[Not Available],[Not Available],[Not Available],[Not Available],[Not Available],[Not Available],[Not Available],[Not Available],[Not Available],[Not Available],[Not Available],4,No,1997,2007,29,[Not Available],[Not Available],[Not Available],[Not Available],[Not Available],[Not Available],WITH TUMOR,[Not Available],57,[Not Applicable],0,[Not Available],[Not Available],[Not Available],[Not Available],[Not Applicable],[Not Available],[Not Available],[Not Available],[Not Available],C34.3,8255/3,C34.3,YES,[Not Available],[Not Available],[Not Available],[Not Available],[Not Available],5,1:DECEASED,2.99,1:Recurred/Progressed,1.97,matched
TCGA-05-4418-01Z-00-DX1.f3863ea5-564f-482f-9878-cc104cf69401,TCGA-05-4418-01,TCGA-05-4418,9,520.16,137.65,0.0007,focal,/data1/deasy/Himangi/male_psg_negative_features/TCGA-05-4418/necrosis_feature_wsi_summary.csv,d2c1e896-6886-4122-bb48-5fbcd3f641f4,TCGA-05-4418,2010-07-22 00:00:00,Lung Adenocarcinoma,NO,YES,Male,Lung,[Not Available],[Not Available],[Not Available],Yes,L-Lower,[Not Available],2008,[Not Available],[Not Available],R0,6th,T3,N2,M0,Stage IIIA,[Not Applicable],[Not Applicable],[Not Applicable],[Not Applicable],[Not Available],[Not Available],[Not Available],[Not Available],[Not Available],[Not Available],[Not Available],[Not Available],[Not Available],[Not Available],[Not Available],[Not Available],[Not Available],2,No,[Not Available],[Not Available],25,[Not Available],[Not Available],[Not Available],[Not Available],[Not Available],[Not Available],[Not Available],[Not Available],69,[Not Applicable],0,[Not Available],[Not Available],[Not Available],[Not Available],[Not Applicable],[Not Available],[Not Available],[Not Available],[Not Available],C34.3,8255/3,C34.3,YES,[Not Available],[Not Available],[Not Available],[Not Available],[Not Available],5,1:DECEASED,9,[Not Available],[Not Available],matched
TCGA-05-4432-01Z-00-DX1.90d00d62-402b-404a-85e2-0edf869193ab,TCGA-05-4432-01,TCGA-05-4432,3,4792.19,464.95,0.0226,focal,/data1/deasy/Himangi/male_psg_negative_features/TCGA-05-4432/necrosis_feature_wsi_summary.csv,e737f650-b72d-44e7-b750-558a56716803,TCGA-05-4432,2010-07-22 00:00:00,Lung Adenocarcinoma,NO,YES,Male,Lung,[Not Available],[Not Available],[Not Available],No,R-Upper,[Not Available],2008,[Not Available],[Not Available],R0,6th,T2,N1,M0,Stage IIB,[Not Applicable],[Not Applicable],[Not Applicable],[Not Applicable],[Not Available],[Not Available],[Not Available],[Not Available],[Not Available],[Not Available],[Not Available],[Not Available],[Not Available],[Not Available],[Not Available],[Not Available],[Not Available],2,No,[Not Available],[Not Available],58,[Not Available],[Not Available],[Not Available],[Not Available],[Not Available],[Not Available],TUMOR FREE,[Not Available],66,[Not Applicable],0,[Not Available],[Not Available],[Not Available],[Not Available],[Not Applicable],[Not Available],[Not Available],[Not Available],[Not Available],C34.1,8255/3,C34.1,YES,[Not Available],[Not Available],[Not Available],[Not Available],[Not Available],5,0:LIVING,25,0:DiseaseFree,25,matched
TCGA-35-4123-01Z-00-DX1.990553a8-657e-49ec-9782-e6d30a4c4909,TCGA-35-4123-01,TCGA-35-4123,9,5059.82,1745.34,0.006,focal,/data1/deasy/Himangi/male_psg_negative_features/TCGA-35-4123/necrosis_feature_wsi_summary.csv,6cf49cf0-de4c-4c90-8358-eae19c6206b0,TCGA-35-4123,2010-12-20 00:00:00,Lung Adenocarcinoma,NO,YES,Male,Lung,WHITE,NOT HISPANIC OR LATINO,[Not Available],No,R-Upper,Peripheral Lung,2010,[Not Available],[Not Available],R0,7th,T1,N0,M0,Stage IA,[Not Applicable],[Not Applicable],[Not Applicable],[Not Applicable],YES,[Not Available],[Not Available],[Not Available],[Not Available],[Not Available],NO,[Not Available],[Not Available],NO,[Not Available],NO,[Not Available],4,No,1990,2010,20,90,1,Preoperative,[Not Available],[Not Available],[Not Available],TUMOR FREE,[Not Available],38,[Not Applicable],0,[Not Available],[Not Available],[Not Available],[Not Available],[Not Applicable],[Not Available],[Not Available],[Not Available],[Not Available],C34.1,8140/3,C34.1,YES,[Not Available],[Not Available],[Not Available],[Not Available],[Not Available],35,0:LIVING,5.98,0:DiseaseFree,5.98,matched
TCGA-38-4629-01Z-00-DX1.d00cc280-5370-4b9f-9655-6c35deb94647,TCGA-38-4629-01,TCGA-38-4629,2,0.0,0.0,0.0,absent,/data1/deasy/Himangi/male_psg_negative_features/TCGA-38-4629/necrosis_feature_wsi_summary.csv,127bf818-f7e5-46b5-a9de-39f6d96b8b83,TCGA-38-4629,2010-12-13 00:00:00,Lung Adenocarcinoma,NO,YES,Male,Lung,WHITE,NOT HISPANIC OR LATINO,[Not Available],Yes,R-Upper,Peripheral Lung,2003,[Not Available],[Not Available],R0,[Not Available],T3,N0,M0,Stage IIB,[Not Applicable],[Not Applicable],[Not Applicable],[Not Applicable],[Not Available],[Not Available],[Not Available],[Not Available],[Not Available],[Not Available],NO,[Not Available],[Not Available],NO,[Not Available],NO,[Not Available],4,No,[Not Available],2003,100,[Not Available],[Not Available],[Not Available],[Not Available],[Not Available],[Not Available],WITH TUMOR,[Not Available],68,[Not Applicable],0,[Not Available],[Not Available],[Not Available],[Not Available],[Not Applicable],[Not Available],[Not Available],[Not Available],[Not Available],C34.1,8140/3,C34.1,YES,[Not Available],[Not Available],[Not Available],[Not Available],[Not Available],38,1:DECEASED,28.38,1:Recurred/Progressed,12.45,matched
TCGA-44-2656-01Z-00-DX1.5f247f31-4bb5-460d-a1f7-7dcdba33c835,TCGA-44-2656-01,TCGA-44-2656,11,23636.81,4311.16,0.0289,focal,/data1/deasy/Himangi/male_psg_negative_features/TCGA-44-2656/necrosis_feature_wsi_summary.csv,42ca54fc-c1ae-41cd-bca1-7fe9810db460,TCGA-44-2656,2010-10-08 00:00:00,Lung Adenocarcinoma,YES,NO,Male,Lung,WHITE,NOT HISPANIC OR LATINO,[Not Available],No,R-Upper,[Not Available],2009,[Not Available],[Not Available],[Not Available],6th,T2,N0,M0,Stage IB,[Not Applicable],[Not Applicable],[Not Applicable],[Not Applicable],YES,79,84,86,86,72,NO,[Not Available],[Not Available],[Not Available],[Not Available],[Not Available],[Not Available],4,No,1994,2009,23,[Not Available],0,Pre-Adjuvant Therapy,[Not Available],[Not Available],[Not Available],TUMOR FREE,[Not Available],59,[Not Applicable],0,[Not Available],[Not Available],FPPP,[Not Available],[Not Applicable],[Not Available],[Not Available],[Not Available],[Not Available],C34.1,8140/3,C34.1,YES,[Not Available],[Not Available],TCGA,[Not Available],[Not Available],44,0:LIVING,46.94,1:Recurred/Progressed,18.66,matched
TCGA-44-2662-01Z-00-DX1.398f3f84-fd48-4454-b789-a3e90cd36d73,TCGA-44-2662-01,TCGA-44-2662,67,920900.47,96487.77,0.1094,present,/data1/deasy/Himangi/male_psg_negative_features/TCGA-44-2662/necrosis_feature_wsi_summary.csv,ccda26c1-a6d6-4317-8cf8-8a87e15ce12e,TCGA-44-2662,2010-10-12 00:00:00,Lung Adenocarcinoma,YES,NO,Male,Lung,WHITE,NOT HISPANIC OR LATINO,[Not Available],Yes,R-Upper,[Not Available],2009,[Not Available],[Not Available],R0,6th,T2,N0,M0,Stage IB,[Not Applicable],[Not Applicable],[Not Applicable],[Not Applicable],YES,67,73,88,94,78,NO,[Not Available],[Not Available],[Not Available],[Not Available],[Not Available],[Not Available],3,[Discrepancy],1956,1984,56,[Not Available],[Not Available],[Not Available],[Not Available],[Not Available],[Not Available],[Discrepancy],[Not Available],65,[Not Applicable],0,[Not Available],[Not Available],FPPP,[Not Available],[Not Applicable],[Not Available],[Not Available],[Not Available],[Not Available],C34.1,8140/3,C34.1,YES,[Not Available],[Not Available],TCGA,[Not Available],[Not Available],44,0:LIVING,42.05,1:Recurred/Progressed,8.05,matched
TCGA-44-2668-01Z-00-DX1.f66fa464-dad1-4a9f-8486-3d7579ca42b6,TCGA-44-2668-01,TCGA-44-2668,10,19635.13,2821.92,0.0173,focal,/data1/deasy/Himangi/male_psg_negative_features/TCGA-44-2668/necrosis_feature_wsi_summary.csv,bab43415-d413-40be-a4c0-2c40a52afe6a,TCGA-44-2668,2010-10-22 00:00:00,Lung Adenocarcinoma,YES,NO,Male,Lung,WHITE,NOT HISPANIC OR LATINO,[Not Available],No,R-Upper,[Not Available],2009,[Not Available],[Not Available],R0,6th,T2,N0,M0,Stage IB,[Not Applicable],[Not Applicable],[Not Applicable],[Not Applicable],YES,82,[Not Available],104,[Not Available],53,NO,[Not Available],[Not Available],[Not Available],[Not Available],[Not Available],[Not Available],4,No,1979,2009,60,[Not Available],0,Other,[Not Available],[Not Available],[Not Available],TUMOR FREE,[Not Available],51,[Not Applicable],0,[Not Available],[Not Available],FPPP,[Not Available],[Not Applicable],[Not Available],[Not Available],[Not Available],[Not Available],C34.1,8140/3,C34.1,YES,[Not Available],[Not Available],TCGA,[Not Available],[Not Available],44,1:DECEASED,25,1:Recurred/Progressed,14.22,matched
TCGA-44-7660-01Z-00-DX1.f96c114b-f0fc-498a-97cc-e262344de357,TCGA-44-7660-01,TCGA-44-7660,29,28743.25,4182.56,0.0081,focal,/data1/deasy/Himangi/male_psg_negative_features/TCGA-44-7660/necrosis_feature_wsi_summary.csv,a534b96b-1665-444a-9308-e610f2f0e510,TCGA-44-7660,2011-12-22 00:00:00,Lung Adenocarcinoma,YES,NO,Male,Lung,WHITE,NOT HISPANIC OR LATINO,[Not Available],No,R-Upper,[Not Available],2011,[Not Available],[Not Available],[Not Available],7th,T2,N0,MX,Stage IB,[Not Applicable],[Not Applicable],[Not Applicable],[Not Applicable],YES,83,94,92,95,80,NO,[Not Available],[Not Available],[Not Available],[Not Available],[Not Available],[Not Available],2,No,1949,[Not Available],124,[Not Available],1,Pre-Adjuvant Therapy,[Not Available],[Not Available],[Not Available],TUMOR FREE,[Not Available],72,[Not Applicable],0,[Not Available],[Not Available],[Not Available],[Not Available],[Not Applicable],[Not Available],[Not Available],[Not Available],[Not Available],C34.1,8140/3,C34.1,YES,[Not Available],[Not Available],[Not Available],[Not Available],[Not Available],44,0:LIVING,19.45,1:Recurred/Progressed,8.31,matched
TCGA-44-7662-01Z-00-DX1.2f0b6cea-795a-40ad-93a9-319858e6fb3b,TCGA-44-7662-01,TCGA-44-7662,3,20792.9,2443.89,0.0734,present,/data1/deasy/Himangi/male_psg_negative_features/TCGA-44-7662/necrosis_feature_wsi_summary.csv,ab9e6815-4d13-44db-93e5-553eb4f5bc95,TCGA-44-7662,2011-12-21 00:00:00,Lung Adenocarcinoma,YES,NO,Male,Lung,WHITE,NOT HISPANIC OR LATINO,[Not Available],No,L-Upper,[Not Available],2011,[Not Available],[Not Available],[Not Available],7th,T2a,N0,MX,Stage IB,[Not Applicable],[Not Applicable],[Not Applicable],[Not Applicable],YES,60,68,68,66,57,NO,[Not Available],[Not Available],[Not Available],[Not Available],[Not Available],[Not Available],2,No,1961,[Not Available],50,[Not Available],[Not Available],[Not Available],[Not Available],[Not Available],[Not Available],TUMOR FREE,[Not Available],61,[Not Applicable],0,[Not Available],[Not Available],[Not Available],[Not Available],[Not Applicable],[Not Available],[Not Available],[Not Available],[Not Available],C34.1,8140/3,C34.1,YES,[Not Available],[Not Available],[Not Available],[Not Available],[Not Available],44,0:LIVING,7.16,0:DiseaseFree,7.16,matched
TCGA-49-6745-01Z-00-DX6.3174fffa-c17c-44d1-8d21-1921a9ec1bee,TCGA-49-6745-01,TCGA-49-6745,8,16426.07,2623.23,0.0202,focal,/data1/deasy/Himangi/male_psg_negative_features/TCGA-49-6745/necrosis_feature_wsi_summary.csv,9c7875ad-ab71-4d48-b2e3-e4c7a46393e9,TCGA-49-6745,2011-08-11 00:00:00,Lung Adenocarcinoma,NO,YES,Male,Lung,WHITE,[Not Available],[Not Available],Yes,L-Upper,[Not Available],2011,[Not Available],[Not Available],[Not Available],7th,T2a,N2,M0,Stage IIIA,[Not Applicable],[Not Applicable],[Not Applicable],[Not Applicable],[Not Available],[Not Available],[Not Available],[Not Available],[Not Available],[Not Available],YES,NO,[Not Available],YES,[Not Available],[Not Available],[Not Available],4,No,[Not Available],[Not Available],20,[Not Available],[Not Available],[Not Available],[Not Available],[Not Available],[Not Available],TUMOR FREE,[Not Available],82,[Not Applicable],0,[Not Available],[Not Available],[Not Available],[Not Available],[Not Applicable],[Not Available],[Not Available],[Not Available],[Not Available],C34.1,8260/3,C34.1,YES,[Not Available],[Not Available],[Not Available],[Not Available],[Not Available],49,0:LIVING,17.15,0:DiseaseFree,17.15,matched
TCGA-49-AAR9-01Z-00-DX1.B6A9966E-89B8-404B-8ABC-1F8F8553D4DA,TCGA-49-AAR9-01,TCGA-49-AAR9,3,65.19,54.99,0.0002,focal,/data1/deasy/Himangi/male_psg_negative_features/TCGA-49-AAR9/necrosis_feature_wsi_summary.csv,47B749E6-E060-4AA1-8F29-976E489BA789,TCGA-49-AAR9,2014-06-18 00:00:00,Lung Adenocarcinoma,NO,YES,Male,Lung,BLACK OR AFRICAN AMERICAN,NOT HISPANIC OR LATINO,[Not Available],No,Other (please specify),[Not Available],1999,[Not Available],[Not Available],R0,5th,T3,N0,MX,Stage IIB,[Not Applicable],[Not Applicable],[Not Applicable],[Not Applicable],NO,[Not Available],[Not Available],[Not Available],[Not Available],[Not Available],[Not Available],[Not Available],[Not Available],[Not Available],[Not Available],[Not Available],[Not Available],2,No,[Not Available],[Not Available],[Not Available],80,1,Preoperative,NO,[Not Available],Progressive Disease,WITH TUMOR,NO,61,ALL 3 LOBES OF RT LUNG,0,[Not Available],[Not Available],[Not Available],[Not Available],[Not Applicable],[Not Available],[Not Available],[Not Available],[Not Available],C34.1,8140/3,C34.9,YES,[Not Available],[Not Available],[Not Available],[Not Available],NO,49,1:DECEASED,8.54,[Not Available],[Not Available],matched
TCGA-50-5066-02Z-00-DX1.A2CA045A-7956-4E04-9EC9-5856FC789110,TCGA-50-5066-02,TCGA-50-5066,21,26237.14,3527.74,0.0125,focal,/data1/deasy/Himangi/male_psg_negative_features/TCGA-50-5066/necrosis_feature_wsi_summary.csv,3199cfe5-3be3-43cd-a36b-5cf2c7a9929f,TCGA-50-5066,2011-07-02 00:00:00,Lung Adenocarcinoma,NO,YES,Male,Lung,BLACK OR AFRICAN AMERICAN,NOT HISPANIC OR LATINO,[Not Available],No,R-Upper,[Not Available],2009,[Not Available],[Not Available],R0,6th,T2,N0,M0,Stage IB,[Not Applicable],[Not Applicable],[Not Applicable],[Not Applicable],NO,[Not Available],[Not Available],[Not Available],[Not Available],[Not Available],YES,NO,[Not Available],YES,[Not Available],YES,[Not Available],1,No,[Not Available],[Not Available],[Not Available],[Not Available],[Not Available],[Not Available],[Not Available],[Not Available],[Not Available],[Not Available],[Not Available],72,[Not Applicable],0,[Not Available],[Not Available],[Not Available],[Not Available],[Not Applicable],[Not Available],[Not Available],[Not Available],[Not Available],C34.1,8255/3,C34.1,YES,[Not Available],[Not Available],[Not Available],[Not Available],[Not Available],50,0:LIVING,47.37,1:Recurred/Progressed,15.67,matched
TCGA-55-1592-01Z-00-DX1.ee15e261-2f9c-4a93-a19f-27cb1c3bae15,TCGA-55-1592-01,TCGA-55-1592,10,25358.93,7072.13,0.0277,focal,/data1/deasy/Himangi/male_psg_negative_features/TCGA-55-1592/necrosis_feature_wsi_summary.csv,a41c46da-7ed4-4192-bd16-b3cbb94a5133,TCGA-55-1592,2011-03-15 00:00:00,Lung Adenocarcinoma,NO,YES,Male,Lung,WHITE,NOT HISPANIC OR LATINO,[Not Available],Yes,L-Upper,[Not Available],2005,[Not Available],[Not Available],R0,[Not Available],T2,N0,M0,Stage IA,[Not Applicable],[Not Applicable],[Not Applicable],[Not Applicable],[Not Available],[Not Available],[Not Available],[Not Available],[Not Available],[Not Available],[Not Available],[Not Available],[Not Available],[Not Available],[Not Available],[Not Available],[Not Available],4,No,1957,1997,[Not Available],[Not Available],[Not Available],[Not Available],[Not Available],[Not Available],[Not Available],WITH TUMOR,[Not Available],65,[Not Applicable],0,[Not Available],[Not Available],[Not Available],[Not Available],[Not Applicable],[Not Available],[Not Available],[Not Available],[Not Available],C34.1,8140/3,C34.1,YES,[Not Available],[Not Available],[Not Available],[Not Available],[Not Available],55,1:DECEASED,23.03,1:Recurred/Progressed,14.85,matched
TCGA-55-1594-01Z-00-DX1.bd90c500-7c0b-4c45-a3f7-2d9177384b1d,TCGA-55-1594-01,TCGA-55-1594,2,0.0,0.0,0.0,absent,/data1/deasy/Himangi/male_psg_negative_features/TCGA-55-1594/necrosis_feature_wsi_summary.csv,6d72de06-232a-4983-a06c-eba6d82cb3f1,TCGA-55-1594,2010-09-14 00:00:00,Lung Adenocarcinoma,NO,YES,Male,Lung,WHITE,NOT HISPANIC OR LATINO,[Not Available],No,R-Lower,[Not Available],2005,[Not Available],[Not Available],R0,[Not Available],T2,N2,M0,Stage IIIA,[Not Applicable],[Not Applicable],[Not Applicable],[Not Applicable],[Not Available],[Not Available],[Not Available],[Not Available],[Not Available],[Not Available],[Not Available],[Not Available],[Not Available],[Not Available],[Not Available],[Not Available],[Not Available],2,No,1965,[Not Available],[Not Available],[Not Available],[Not Available],[Not Available],[Not Available],[Not Available],[Not Available],TUMOR FREE,[Not Available],68,[Not Applicable],0,[Not Available],[Not Available],[Not Available],[Not Available],[Not Applicable],[Not Available],[Not Available],[Not Available],[Not Available],C34.3,8140/3,C34.3,YES,[Not Available],[Not Available],[Not Available],[Not Available],[Not Available],55,0:LIVING,38.7,0:DiseaseFree,38.7,matched
TCGA-55-6975-01Z-00-DX1.2762a872-b1c3-47fd-8ed5-b715a5b20163,TCGA-55-6975-01,TCGA-55-6975,12,101079.35,14033.51,0.0748,present,/data1/deasy/Himangi/male_psg_negative_features/TCGA-55-6975/necrosis_feature_wsi_summary.csv,a046888c-f153-4f35-a1b6-23dd1691a91a,TCGA-55-6975,2011-07-27 00:00:00,Lung Adenocarcinoma,NO,YES,Male,Lung,WHITE,NOT HISPANIC OR LATINO,[Not Available],No,L-Lower,[Not Available],2004,[Not Available],[Not Available],[Not Available],6th,T2,N1,M0,Stage IIB,[Not Applicable],[Not Applicable],[Not Applicable],[Not Applicable],[Not Available],[Not Available],[Not Available],[Not Available],[Not Available],[Not Available],NO,[Not Available],[Not Available],NO,[Not Available],NO,[Not Available],4,No,[Not Available],2004,[Not Available],[Not Available],[Not Available],[Not Available],[Not Available],[Not Available],[Not Available],WITH TUMOR,[Not Available],61,[Not Applicable],0,[Not Available],[Not Available],[Not Available],[Not Available],[Not Applicable],[Not Available],[Not Available],[Not Available],[Not Available],C34.3,8255/3,C34.3,YES,[Not Available],[Not Available],[Not Available],[Not Available],[Not Available],55,1:DECEASED,3.88,[Not Available],[Not Available],matched
TCGA-55-6980-01Z-00-DX1.2f1d1858-42b9-4e3b-966d-2f3f429570a6,TCGA-55-6980-01,TCGA-55-6980,21,31487.64,9372.55,0.0117,focal,/data1/deasy/Himangi/male_psg_negative_features/TCGA-55-6980/necrosis_feature_wsi_summary.csv,2f0710f4-827b-45b2-9b7e-c27385b481a7,TCGA-55-6980,2011-07-27 00:00:00,Lung Adenocarcinoma,NO,YES,Male,Lung,WHITE,[Not Available],[Not Available],No,R-Lower,[Not Available],2006,[Not Available],[Not Available],R0,6th,T1,N0,M0,Stage IA,[Not Applicable],[Not Applicable],[Not Applicable],[Not Applicable],[Not Available],[Not Available],[Not Available],[Not Available],[Not Available],[Not Available],NO,[Not Available],[Not Available],NO,[Not Available],NO,[Not Available],1,No,[Not Available],[Not Available],[Not Available],[Not Available],[Not Available],[Not Available],[Not Available],[Not Available],[Not Available],TUMOR FREE,[Not Available],56,[Not Applicable],0,[Not Available],[Not Available],[Not Available],[Not Available],[Not Applicable],[Not Available],[Not Available],[Not Available],[Not Available],C34.3,8252/3,C34.3,YES,[Not Available],[Not Available],[Not Available],[Not Available],[Not Available],55,0:LIVING,69.28,0:DiseaseFree,69.28,matched
TCGA-55-7903-01Z-00-DX1.40fc5dcb-b5bb-46b4-90bd-2eeb3ea880f5,TCGA-55-7903-01,TCGA-55-7903,1,0.0,0.0,0.0,absent,/data1/deasy/Himangi/male_psg_negative_features/TCGA-55-7903/necrosis_feature_wsi_summary.csv,77c4dbb2-eceb-4e0d-bcde-63dc817d5f35,TCGA-55-7903,2012-03-10 00:00:00,Lung Adenocarcinoma,YES,NO,Male,Lung,WHITE,NOT HISPANIC OR LATINO,[Not Available],No,R-Lower,[Not Available],2011,[Not Available],[Not Available],R0,7th,T1b,N0,MX,Stage IA,[Not Applicable],[Not Applicable],[Not Applicable],[Not Applicable],YES,66,[Not Available],63,[Not Available],83,NO,[Not Available],[Not Available],NO,[Not Available],NO,[Not Available],2,No,[Not Available],[Not Available],40,[Not Available],[Not Available],[Not Available],[Not Available],[Not Available],[Not Available],TUMOR FREE,[Not Available],64,[Not Applicable],0,[Not Available],[Not Available],[Not Available],[Not Available],[Not Applicable],[Not Available],[Not Available],[Not Available],[Not Available],C34.3,8140/3,C34.3,YES,[Not Available],[Not Available],[Not Available],[Not Available],[Not Available],55,0:LIVING,18.63,0:DiseaseFree,18.63,matched
TCGA-55-7907-01Z-00-DX1.f5a264f5-3926-4d09-82f3-cd38d554f3db,TCGA-55-7907-01,TCGA-55-7907,19,61757.51,17156.79,0.0272,focal,/data1/deasy/Himangi/male_psg_negative_features/TCGA-55-7907/necrosis_feature_wsi_summary.csv,bf755bc2-b7aa-4c3c-8b3c-58b089b5cab6,TCGA-55-7907,2012-03-10 00:00:00,Lung Adenocarcinoma,YES,NO,Male,Lung,WHITE,NOT HISPANIC OR LATINO,[Not Available],No,L-Upper,[Not Available],2011,[Not Available],[Not Available],R0,7th,T2a,N1,MX,Stage IIA,[Not Applicable],[Not Applicable],[Not Applicable],[Not Applicable],YES,76,87,75,80,75,[Not Available],[Not Available],[Not Available],[Not Available],[Not Available],[Not Available],[Not Available],3,No,1954,1994,80,[Not Available],[Not Available],[Not Available],[Not Available],[Not Available],[Not Available],TUMOR FREE,[Not Available],77,[Not Applicable],0,[Not Available],[Not Available],[Not Available],[Not Available],[Not Applicable],[Not Available],[Not Available],[Not Available],[Not Available],C34.1,8140/3,C34.1,YES,[Not Available],[Not Available],[Not Available],[Not Available],[Not Available],55,1:DECEASED,11.27,1:Recurred/Progressed,9.66,matched
TCGA-55-8090-01Z-00-DX1.83f86d5f-7cb9-443a-a812-b19ba4aea836,TCGA-55-8090-01,TCGA-55-8090,4,9854.22,1855.43,0.0354,focal,/data1/deasy/Himangi/male_psg_negative_features/TCGA-55-8090/necrosis_feature_wsi_summary.csv,4d51ee44-e6f4-4bcb-be28-e9df54b39a8d,TCGA-55-8090,2012-07-08 00:00:00,Lung Adenocarcinoma,YES,NO,Male,Lung,WHITE,NOT HISPANIC OR LATINO,[Not Available],"Yes, History of Synchronous/Bilateral Malignancy",R-Lower,[Not Available],2011,[Not Available],[Not Available],R0,7th,T1a,N0,M0,Stage IA,[Not Applicable],[Not Applicable],[Not Applicable],[Not Applicable],YES,83,6,103,4,58,[Not Available],[Not Available],[Not Available],[Not Available],[Not Available],[Not Available],[Not Available],2,No,[Not Available],[Not Available],[Not Available],[Not Available],[Not Available],[Not Available],[Not Available],[Not Available],Complete Remission/Response,WITH TUMOR,NO,80,[Not Applicable],0,[Not Available],[Not Available],[Not Available],[Not Available],[Not Applicable],[Not Available],[Not Available],[Not Available],[Not Available],C34.3,8140/3,C34.3,YES,[Not Available],[Not Available],[Not Available],[Not Available],[Not Available],55,1:DECEASED,19.65,1:Recurred/Progressed,18,matched
TCGA-55-8302-01Z-00-DX1.E0C2B152-BBA9-4AA7-9E6B-BD57B68163CB,TCGA-55-8302-01,TCGA-55-8302,6,5232.46,1519.24,0.0093,focal,/data1/deasy/Himangi/male_psg_negative_features/TCGA-55-8302/necrosis_feature_wsi_summary.csv,807cc7d2-6e3b-4f2d-9531-0da994eeeada,TCGA-55-8302,2012-12-03 00:00:00,Lung Adenocarcinoma,YES,NO,Male,Lung,WHITE,[Not Available],[Not Available],No,R-Lower,[Not Available],2012,[Not Available],[Not Available],R0,7th,T2,N0,MX,Stage IB,[Not Applicable],[Not Applicable],[Not Applicable],[Not Applicable],[Not Available],[Not Available],[Not Available],[Not Available],[Not Available],[Not Available],[Not Available],[Not Available],[Not Available],[Not Available],[Not Available],[Not Available],[Not Available],2,No,1965,[Not Available],59,[Not Available],[Not Available],[Not Available],NO,[Not Available],Complete Remission/Response,TUMOR FREE,NO,54,[Not Applicable],0,[Not Available],[Not Available],[Not Available],[Not Available],[Not Applicable],[Not Available],[Not Available],[Not Available],[Not Available],C34.3,8140/3,C34.3,YES,[Not Available],[Not Available],[Not Available],[Not Available],NO,55,0:LIVING,15.7,0:DiseaseFree,15.7,matched
TCGA-55-8614-01Z-00-DX1.043DE2B5-A453-4570-8830-99170450658C,TCGA-55-8614-01,TCGA-55-8614,18,117999.42,8210.29,0.0473,focal,/data1/deasy/Himangi/male_psg_negative_features/TCGA-55-8614/necrosis_feature_wsi_summary.csv,a8de1beb-6296-44eb-bd63-c603f70faaf3,TCGA-55-8614,2013-01-11 00:00:00,Lung Adenocarcinoma,YES,NO,Male,Lung,WHITE,NOT HISPANIC OR LATINO,[Not Available],No,L-Upper,[Not Available],2011,[Not Available],[Not Available],R0,7th,T2a,N0,MX,Stage IB,[Not Applicable],[Not Applicable],[Not Applicable],[Not Applicable],YES,94,[Not Available],[Not Available],[Not Available],113,[Not Available],[Not Available],[Not Available],[Not Available],[Not Available],[Not Available],[Not Available],3,No,[Not Available],1995,40,[Not Available],[Not Available],[Not Available],NO,[Not Available],Complete Remission/Response,TUMOR FREE,NO,76,[Not Applicable],0,[Not Available],[Not Available],[Not Available],[Not Available],[Not Applicable],[Not Available],[Not Available],[Not Available],[Not Available],C34.1,8140/3,C34.1,YES,[Not Available],[Not Available],[Not Available],[Not Available],NO,55,0:LIVING,17.61,0:DiseaseFree,17.61,matched
TCGA-55-A4DF-01Z-00-DX1.C945E1AD-BEF4-403F-BB11-BAC831D24CDA,TCGA-55-A4DF-01,TCGA-55-A4DF,5,44541.03,4855.24,0.1289,present,/data1/deasy/Himangi/male_psg_negative_features/TCGA-55-A4DF/necrosis_feature_wsi_summary.csv,362000E4-CF7C-48FC-93CC-8F5994B442EA,TCGA-55-A4DF,2013-01-25 00:00:00,Lung Adenocarcinoma,YES,NO,Male,Lung,WHITE,NOT HISPANIC OR LATINO,[Not Available],"Yes, History of Synchronous/Bilateral Malignancy",R-Lower,[Not Available],2012,[Not Available],[Not Available],R0,7th,T1b,N0,MX,Stage IA,[Not Applicable],[Not Applicable],[Not Applicable],[Not Applicable],YES,47,58,[Not Available],[Not Available],82,[Not Available],[Not Available],[Not Available],[Not Available],[Not Available],[Not Available],[Not Available],3,No,[Not Available],1984,60,[Not Available],[Not Available],[Not Available],NO,[Not Available],Complete Remission/Response,TUMOR FREE,NO,88,[Not Applicable],0,[Not Available],[Not Available],[Not Available],[Not Available],[Not Applicable],[Not Available],[Not Available],[Not Available],[Not Available],C34.3,8140/3,C34.3,YES,[Not Available],[Not Available],[Not Available],[Not Available],NO,55,1:DECEASED,20.17,1:Recurred/Progressed,16.92,matched
TCGA-55-A4DG-01Z-00-DX1.9CE9B7BE-48EF-44F1-9C25-F15700A3E5DE,TCGA-55-A4DG-01,TCGA-55-A4DG,10,34799.58,4666.78,0.0295,focal,/data1/deasy/Himangi/male_psg_negative_features/TCGA-55-A4DG/necrosis_feature_wsi_summary.csv,3E34C7D9-90FA-41E2-BA6B-4BBC332ADC4E,TCGA-55-A4DG,2013-01-25 00:00:00,Lung Adenocarcinoma,YES,NO,Male,Lung,WHITE,NOT HISPANIC OR LATINO,[Not Available],No,R-Upper,[Not Available],2012,[Not Available],[Not Available],R0,7th,T1b,N0,MX,Stage IA,[Not Applicable],[Not Applicable],[Not Applicable],[Not Applicable],YES,[Not Available],[Not Available],73,[Not Available],61,[Not Available],[Not Available],[Not Available],[Not Available],[Not Available],[Not Available],[Not Available],4,No,[Not Available],2012,100,[Not Available],[Not Available],[Not Available],NO,[Not Available],Complete Remission/Response,TUMOR FREE,NO,71,[Not Applicable],0,[Not Available],[Not Available],[Not Available],[Not Available],[Not Applicable],[Not Available],[Not Available],[Not Available],[Not Available],C34.1,8140/3,C34.1,YES,[Not Available],[Not Available],[Not Available],[Not Available],NO,55,0:LIVING,19.97,0:DiseaseFree,19.97,matched
TCGA-62-A471-01Z-00-DX1.51A235BB-7F67-4C0D-8B15-2E26116D8822,TCGA-62-A471-01,TCGA-62-A471,36,62057.57,11175.28,0.0121,focal,/data1/deasy/Himangi/male_psg_negative_features/TCGA-62-A471/necrosis_feature_wsi_summary.csv,0075437E-BA1A-46BE-86D6-9773209A2B5E,TCGA-62-A471,2012-10-30 00:00:00,Lung Adenocarcinoma,NO,YES,Male,Lung,WHITE,NOT HISPANIC OR LATINO,[Not Available],No,L-Upper,Peripheral Lung,2010,[Not Available],[Not Available],R0,7th,T2b,N1,M0,Stage IIB,[Not Applicable],[Not Applicable],[Not Applicable],[Not Applicable],YES,104,[Not Available],75,[Not Available],[Not Available],NO,[Not Available],[Not Available],NO,[Not Available],NO,[Not Available],4,No,[Not Available],2006,30,100,0,Preoperative,NO,[Not Available],Complete Remission/Response,TUMOR FREE,NO,64,[Not Applicable],0,[Not Available],[Not Available],[Not Available],[Not Available],[Not Applicable],[Not Available],[Not Available],[Not Available],[Not Available],C34.1,8140/3,C34.1,YES,[Not Available],[Not Available],[Not Available],[Not Available],YES,62,0:LIVING,40.93,0:DiseaseFree,40.93,matched
TCGA-62-A472-01Z-00-DX1.C2F76C9A-C51A-4521-9B95-2A20063E9931,TCGA-62-A472-01,TCGA-62-A472,19,14632.59,4313.11,0.0097,focal,/data1/deasy/Himangi/male_psg_negative_features/TCGA-62-A472/necrosis_feature_wsi_summary.csv,E499069B-A16A-49E9-941A-E3E9EA62AF25,TCGA-62-A472,2012-10-30 00:00:00,Lung Adenocarcinoma,NO,YES,Male,Lung,WHITE,NOT HISPANIC OR LATINO,[Not Available],No,R-Lower,Central Lung,2011,[Not Available],[Not Available],R0,7th,T3,N0,M0,Stage IIB,[Not Applicable],[Not Applicable],[Not Applicable],[Not Applicable],YES,87,[Not Available],70,[Not Available],[Not Available],NO,[Not Available],[Not Available],NO,[Not Available],NO,[Not Available],2,No,[Not Available],[Not Available],60,80,1,Preoperative,NO,[Not Available],Complete Remission/Response,WITH TUMOR,YES,70,[Not Applicable],0,[Not Available],[Not Available],[Not Available],[Not Available],[Not Applicable],[Not Available],[Not Available],[Not Available],[Not Available],C34.3,8140/3,C34.3,YES,[Not Available],[Not Available],[Not Available],[Not Available],NO,62,0:LIVING,29.89,1:Recurred/Progressed,9.53,matched
TCGA-64-5775-01Z-00-DX1.9A338C1A-CDB6-41AF-B6D5-EDE608B5E3E1,TCGA-64-5775-01,TCGA-64-5775,16,660.16,432.48,0.0005,focal,/data1/deasy/Himangi/male_psg_negative_features/TCGA-64-5775/necrosis_feature_wsi_summary.csv,c8544fb3-b26e-4672-bb81-a271db724b04,TCGA-64-5775,2011-05-02 00:00:00,Lung Adenocarcinoma,NO,YES,Male,Lung,WHITE,NOT HISPANIC OR LATINO,[Not Available],No,L-Upper,[Not Available],2005,[Not Available],[Not Available],R0,[Not Available],T4,N0,M0,Stage IIIA,[Not Applicable],[Not Applicable],[Not Applicable],[Not Applicable],[Not Available],[Not Available],[Not Available],[Not Available],[Not Available],[Not Available],[Not Available],[Not Available],[Not Available],[Not Available],[Not Available],[Not Available],[Not Available],2,Yes,1950,[Not Available],110,[Not Available],[Not Available],[Not Available],[Not Available],[Not Available],[Not Available],WITH TUMOR,[Not Available],71,[Not Applicable],0,[Not Available],[Not Available],[Not Available],[Not Available],[Not Applicable],[Not Available],[Not Available],[Not Available],[Not Available],C34.1,8140/3,C34.1,YES,[Not Available],[Not Available],[Not Available],[Not Available],[Not Available],64,1:DECEASED,2.04,[Not Available],[Not Available],matched
TCGA-64-5815-01Z-00-DX1.1E3600B5-7E83-47BE-AC70-E0C2D623740B,TCGA-64-5815-01,TCGA-64-5815,49,82685.27,13788.63,0.0122,focal,/data1/deasy/Himangi/male_psg_negative_features/TCGA-64-5815/necrosis_feature_wsi_summary.csv,a65700c2-e58c-4fd4-aeb1-5686b8f4d212,TCGA-64-5815,2011-05-02 00:00:00,Lung Adenocarcinoma,NO,YES,Male,Lung,WHITE,NOT HISPANIC OR LATINO,[Not Available],No,R-Upper,Central Lung,2009,[Not Available],[Not Available],R0,6th,T2,N1,M0,Stage IIB,[Not Applicable],[Not Applicable],[Not Applicable],[Not Applicable],YES,89,[Not Available],76,[Not Available],87,YES,[Not Available],[Not Available],YES,[Not Available],[Not Available],[Not Available],3,No,[Not Available],1985,30,[Not Available],[Not Available],[Not Available],[Not Available],[Not Available],[Not Available],TUMOR FREE,[Not Available],74,[Not Applicable],0,[Not Available],[Not Available],[Not Available],[Not Available],[Not Applicable],[Not Available],[Not Available],[Not Available],[Not Available],C34.1,8255/3,C34.1,YES,[Not Available],[Not Available],[Not Available],[Not Available],[Not Available],64,0:LIVING,28.45,0:DiseaseFree,28.45,matched
TCGA-69-7978-01Z-00-DX1.90a2bf2f-18e2-4bfe-b858-d2de619e2493,TCGA-69-7978-01,TCGA-69-7978,20,42576.2,5592.75,0.0162,focal,/data1/deasy/Himangi/male_psg_negative_features/TCGA-69-7978/necrosis_feature_wsi_summary.csv,f462cfef-f60a-4d3e-b92d-b8d8f50b6bb3,TCGA-69-7978,2012-04-09 00:00:00,Lung Adenocarcinoma,NO,YES,Male,Lung,WHITE,NOT HISPANIC OR LATINO,[Not Available],No,R-Upper,Peripheral Lung,2011,[Not Available],[Not Available],[Not Available],7th,T2b,N1,MX,Stage IIB,[Not Applicable],[Not Applicable],[Not Applicable],[Not Applicable],YES,67,75,88,91,[Not Available],[Not Available],[Not Available],[Not Available],YES,Other,[Not Available],[Not Available],2,No,[Not Available],[Not Available],80,[Not Available],[Not Available],[Not Available],[Not Available],[Not Available],[Not Available],WITH TUMOR,[Not Available],59,[Not Applicable],0,[Not Available],[Not Available],[Not Available],[Not Available],[Not Applicable],[Not Available],[Not Available],[Not Available],[Not Available],C34.1,8255/3,C34.1,YES,[Not Available],[Not Available],[Not Available],[Not Available],[Not Available],69,0:LIVING,4.4,0:DiseaseFree,4.4,matched
TCGA-73-4675-01Z-00-DX1.1027587f-8ec4-4b8c-8768-ff7b669683e0,TCGA-73-4675-01,TCGA-73-4675,49,178462.54,41285.08,0.0463,focal,/data1/deasy/Himangi/male_psg_negative_features/TCGA-73-4675/necrosis_feature_wsi_summary.csv,ae39e358-08d7-4367-ae68-82b469e791e4,TCGA-73-4675,2011-01-07 00:00:00,Lung Adenocarcinoma,NO,YES,Male,Lung,WHITE,NOT HISPANIC OR LATINO,[Not Available],No,L-Lower,Peripheral Lung,2010,[Not Available],[Not Available],RX,7th,T3,N1,M0,Stage IIIA,[Not Applicable],[Not Applicable],[Not Applicable],[Not Applicable],YES,66,[Not Available],55,[Not Available],69,NO,[Not Available],[Not Available],NO,[Not Available],NO,[Not Available],4,No,1969,2010,41,[Not Available],0,Pre-Adjuvant Therapy,[Not Available],[Not Available],[Not Available],TUMOR FREE,[Not Available],59,[Not Applicable],0,[Not Available],[Not Available],[Not Available],[Not Available],[Not Applicable],[Not Available],[Not Available],[Not Available],[Not Available],C34.3,8140/3,C34.3,YES,[Not Available],[Not Available],[Not Available],[Not Available],[Not Available],73,1:DECEASED,30.29,1:Recurred/Progressed,11.86,matched
TCGA-73-4676-01Z-00-DX1.4d781bbc-a45e-4f9d-b6b6-2265282dff99,TCGA-73-4676-01,TCGA-73-4676,34,87379.35,18218.43,0.0229,focal,/data1/deasy/Himangi/male_psg_negative_features/TCGA-73-4676/necrosis_feature_wsi_summary.csv,195a5afb-b79f-44d2-9d12-884487630c2b,TCGA-73-4676,2011-05-18 00:00:00,Lung Adenocarcinoma,NO,YES,Male,Lung,WHITE,NOT HISPANIC OR LATINO,[Not Available],No,R-Upper,Peripheral Lung,2010,[Not Available],[Not Available],R0,7th,T2a,N1,M0,Stage IIA,[Not Applicable],[Not Applicable],[Not Applicable],[Not Applicable],YES,78,[Not Available],67,[Not Available],86,NO,[Not Available],[Not Available],NO,[Not Available],NO,[Not Available],4,Yes,1977,2009,48,70,1,Preoperative,[Not Available],[Not Available],[Not Available],TUMOR FREE,[Not Available],45,[Not Applicable],0,[Not Available],[Not Available],[Not Available],[Not Available],[Not Applicable],[Not Available],[Not Available],[Not Available],[Not Available],C34.1,8140/3,C34.1,YES,[Not Available],[Not Available],[Not Available],[Not Available],[Not Available],73,1:DECEASED,9.23,[Not Available],[Not Available],matched
TCGA-78-7148-01Z-00-DX1.aac94f79-77f2-45e6-b0c3-0b103fecbb22,TCGA-78-7148-01,TCGA-78-7148,54,282216.73,58913.74,0.0406,focal,/data1/deasy/Himangi/male_psg_negative_features/TCGA-78-7148/necrosis_feature_wsi_summary.csv,e8060c45-451d-4779-9584-f284db47e63e,TCGA-78-7148,2011-10-04 00:00:00,Lung Adenocarcinoma,NO,YES,Male,Lung,WHITE,[Not Available],[Not Available],No,L-Upper,Peripheral Lung,2001,[Not Available],[Not Available],R0,6th,T2,N1,M0,Stage IIB,[Not Applicable],[Not Applicable],[Not Applicable],[Not Applicable],[Not Available],[Not Available],[Not Available],[Not Available],[Not Available],[Not Available],NO,[Not Available],[Not Available],NO,[Not Available],NO,[Not Available],2,No,1944,[Not Available],57,[Not Available],0,Preoperative,[Not Available],[Not Available],[Not Available],[Not Available],[Not Available],71,[Not Applicable],0,[Not Available],[Not Available],[Not Available],[Not Available],[Not Applicable],[Not Available],[Not Available],[Not Available],[Not Available],C34.1,8255/3,C34.1,YES,[Not Available],[Not Available],[Not Available],[Not Available],[Not Available],78,1:DECEASED,20.57,1:Recurred/Progressed,5.98,matched
TCGA-78-7155-01Z-00-DX1.32258467-7550-4a1b-8df9-a869fb83e559,TCGA-78-7155-01,TCGA-78-7155,1,0.0,0.0,0.0,absent,/data1/deasy/Himangi/male_psg_negative_features/TCGA-78-7155/necrosis_feature_wsi_summary.csv,fc79086c-af9a-4c27-b074-f7050b6f3381,TCGA-78-7155,2011-09-28 00:00:00,Lung Adenocarcinoma,NO,YES,Male,Lung,WHITE,[Not Available],[Not Available],No,L-Upper,Peripheral Lung,2005,[Not Available],[Not Available],R0,6th,T2,N0,M0,Stage IB,[Not Applicable],[Not Applicable],[Not Applicable],[Not Applicable],[Not Available],[Not Available],[Not Available],[Not Available],[Not Available],[Not Available],NO,[Not Available],[Not Available],NO,[Not Available],NO,[Not Available],4,No,1957,2005,48,[Not Available],0,Preoperative,[Not Available],[Not Available],[Not Available],[Not Available],[Not Available],68,[Not Applicable],0,[Not Available],[Not Available],[Not Available],[Not Available],[Not Applicable],[Not Available],[Not Available],[Not Available],[Not Available],C34.1,8140/3,C34.1,YES,[Not Available],[Not Available],[Not Available],[Not Available],[Not Available],78,1:DECEASED,38.47,1:Recurred/Progressed,6.87,matched
TCGA-78-8640-01Z-00-DX1.6F929E56-34D5-45A6-8A9E-ACB4B88A68B1,TCGA-78-8640-01,TCGA-78-8640,62,352936.7,62087.75,0.0442,focal,/data1/deasy/Himangi/male_psg_negative_features/TCGA-78-8640/necrosis_feature_wsi_summary.csv,18478121-f1d1-4bdd-9511-8ab22f4a0660,TCGA-78-8640,2012-10-23 00:00:00,Lung Adenocarcinoma,NO,YES,Male,Lung,[Not Available],[Not Available],[Not Available],No,L-Upper,Peripheral Lung,1994,[Not Available],[Not Available],R0,6th,T1,N1,M0,Stage IIA,[Not Applicable],[Not Applicable],[Not Applicable],[Not Applicable],YES,66,[Not Available],73,[Not Available],[Not Available],NO,[Not Available],[Not Available],NO,[Not Available],NO,[Not Available],2,No,1949,[Not Available],45,[Not Available],0,Preoperative,NO,[Not Available],Complete Remission/Response,TUMOR FREE,NO,59,[Not Applicable],0,[Not Available],[Not Available],[Not Available],[Not Available],[Not Applicable],[Not Available],[Not Available],[Not Available],[Not Available],C34.1,8140/3,C34.1,YES,[Not Available],[Not Available],[Not Available],[Not Available],NO,78,0:LIVING,232,0:DiseaseFree,232,matched
TCGA-78-8660-01Z-00-DX1.11E923ED-C01B-439D-8796-08C9E3DC2D93,TCGA-78-8660-01,TCGA-78-8660,36,1585666.83,58764.41,0.3179,present,/data1/deasy/Himangi/male_psg_negative_features/TCGA-78-8660/necrosis_feature_wsi_summary.csv,781f40c9-c099-4c96-8269-ebe2a449c93d,TCGA-78-8660,2012-10-23 00:00:00,Lung Adenocarcinoma,NO,YES,Male,Lung,[Not Available],[Not Available],[Not Available],"Yes, History of Prior Malignancy",R-Lower,Peripheral Lung,2005,[Not Available],[Not Available],R0,6th,T2,N1,M0,Stage IIB,[Not Applicable],[Not Applicable],[Not Applicable],[Not Applicable],YES,108,[Not Available],72,[Not Available],87,NO,[Not Available],[Not Available],NO,[Not Available],NO,[Not Available],4,No,1954,2005,11,[Not Available],1,Preoperative,YES,[Not Available],[Not Available],WITH TUMOR,YES,69,[Not Applicable],0,[Not Available],[Not Available],[Not Available],[Not Available],[Not Applicable],[Not Available],[Not Available],[Not Available],[Not Available],C34.3,8140/3,C34.3,YES,[Not Available],[Not Available],[Not Available],[Not Available],NO,78,1:DECEASED,10.55,1:Recurred/Progressed,7.95,matched
TCGA-80-5611-01Z-00-DX1.31920706-8AF4-46D2-B1D4-7DD5AF4AAC77,TCGA-80-5611-01,TCGA-80-5611,5,0.0,0.0,0.0,absent,/data1/deasy/Himangi/male_psg_negative_features/TCGA-80-5611/necrosis_feature_wsi_summary.csv,e51f717f-72e8-400e-9f35-fc5dc32fdf71,TCGA-80-5611,2011-07-26 00:00:00,Lung Adenocarcinoma,NO,YES,Male,Lung,[Not Available],[Not Available],[Not Available],Yes,L-Upper,Peripheral Lung,[Not Available],[Not Available],[Not Available],R0,6th,T2,N0,M0,Stage IB,[Not Applicable],[Not Applicable],[Not Applicable],[Not Applicable],[Not Available],[Not Available],[Not Available],[Not Available],[Not Available],[Not Available],[Not Available],[Not Available],[Not Available],[Not Available],[Not Available],[Not Available],[Not Available],4,No,[Not Available],2008,60,[Not Available],0,Preoperative,[Not Available],[Not Available],[Not Available],TUMOR FREE,[Not Available],,[Not Applicable],[Not Available],[Not Available],[Not Available],[Not Available],[Not Available],[Not Applicable],[Not Available],[Not Available],[Not Available],[Not Available],C34.1,8230/3,C34.1,YES,[Not Available],[Not Available],[Not Available],[Not Available],[Not Available],80,0:LIVING,85.25,0:DiseaseFree,85.25,matched
TCGA-86-7955-01Z-00-DX1.ef4f4d94-5efb-4a07-97cf-b0ed69085827,TCGA-86-7955-01,TCGA-86-7955,39,711070.58,47655.94,0.1933,present,/data1/deasy/Himangi/male_psg_negative_features/TCGA-86-7955/necrosis_feature_wsi_summary.csv,0d0d83d9-d558-4d38-977b-6f1b2471beda,TCGA-86-7955,2012-03-14 00:00:00,Lung Adenocarcinoma,YES,NO,Male,Lung,WHITE,NOT HISPANIC OR LATINO,[Not Available],No,R-Lower,Peripheral Lung,2011,[Not Available],[Not Available],RX,7th,T2a,N0,M0,Stage IB,[Not Applicable],[Not Applicable],[Not Applicable],[Not Applicable],NO,[Not Available],[Not Available],[Not Available],[Not Available],[Not Available],NO,[Not Available],[Not Available],NO,[Not Available],[Not Available],[Not Available],1,No,[Not Available],[Not Available],[Not Available],90,1,[Not Available],[Not Available],[Not Available],[Not Available],TUMOR FREE,[Not Available],62,[Not Applicable],0,[Not Available],[Not Available],[Not Available],[Not Available],[Not Applicable],[Not Available],[Not Available],[Not Available],[Not Available],C34.3,8140/3,C34.3,YES,[Not Available],[Not Available],[Not Available],[Not Available],[Not Available],86,0:LIVING,35.22,1:Recurred/Progressed,26.94,matched
TCGA-86-8055-01Z-00-DX1.546dc42e-3742-4da5-8f9b-80732180ce76,TCGA-86-8055-01,TCGA-86-8055,14,71926.84,8433.12,0.0657,present,/data1/deasy/Himangi/male_psg_negative_features/TCGA-86-8055/necrosis_feature_wsi_summary.csv,34d8e84e-c3e1-417d-8b9b-8563d9fa0f8e,TCGA-86-8055,2012-05-09 00:00:00,Lung Adenocarcinoma,YES,NO,Male,Lung,WHITE,NOT HISPANIC OR LATINO,[Not Available],No,L-Upper,Peripheral Lung,2011,[Not Available],[Not Available],R0,7th,T2a,N1,M0,Stage IIA,[Not Applicable],[Not Applicable],[Not Applicable],[Not Applicable],NO,[Not Available],[Not Available],[Not Available],[Not Available],[Not Available],NO,[Not Available],[Not Available],NO,[Not Available],[Not Available],[Not Available],2,No,1955,[Not Available],60,80,2,Preoperative,[Not Available],[Not Available],[Not Available],TUMOR FREE,[Not Available],79,[Not Applicable],0,[Not Available],[Not Available],[Not Available],[Not Available],[Not Applicable],[Not Available],[Not Available],[Not Available],[Not Available],C34.1,8140/3,C34.1,YES,[Not Available],[Not Available],[Not Available],[Not Available],[Not Available],86,1:DECEASED,4.07,[Not Available],[Not Available],matched
TCGA-86-8073-01Z-00-DX1.33c016fc-5c9e-4ad6-8de2-a7f8521d205c,TCGA-86-8073-01,TCGA-86-8073,13,25361.08,5591.61,0.0246,focal,/data1/deasy/Himangi/male_psg_negative_features/TCGA-86-8073/necrosis_feature_wsi_summary.csv,cd902d08-215e-4bd0-88e4-4fd01ab43cbf,TCGA-86-8073,2012-06-13 00:00:00,Lung Adenocarcinoma,YES,NO,Male,Lung,WHITE,NOT HISPANIC OR LATINO,[Not Available],No,L-Upper,Peripheral Lung,2011,[Not Available],[Not Available],R0,7th,T2a,N0,M0,Stage IB,[Not Applicable],[Not Applicable],[Not Applicable],[Not Applicable],NO,[Not Available],[Not Available],[Not Available],[Not Available],[Not Available],NO,[Not Available],[Not Available],NO,[Not Available],NO,[Not Available],2,No,1970,[Not Available],40,[Not Available],[Not Available],[Not Available],[Not Available],[Not Available],Complete Remission/Response,TUMOR FREE,[Not Available],58,[Not Applicable],0,[Not Available],[Not Available],[Not Available],[Not Available],[Not Applicable],[Not Available],[Not Available],[Not Available],[Not Available],C34.1,8250/3,C34.1,YES,[Not Available],[Not Available],[Not Available],[Not Available],[Not Available],86,0:LIVING,24.31,0:DiseaseFree,24.31,matched
TCGA-86-8585-01Z-00-DX1.bc0b1c69-f71d-46fc-8195-2d205002e6e5,TCGA-86-8585-01,TCGA-86-8585,14,20714.38,7035.66,0.0119,focal,/data1/deasy/Himangi/male_psg_negative_features/TCGA-86-8585/necrosis_feature_wsi_summary.csv,2f1a4b16-104c-40eb-8114-8245847bb716,TCGA-86-8585,2012-08-30 00:00:00,Lung Adenocarcinoma,YES,NO,Male,Lung,WHITE,NOT HISPANIC OR LATINO,[Not Available],No,L-Upper,Peripheral Lung,2012,[Not Available],[Not Available],R0,7th,T2a,N0,M0,Stage IB,[Not Applicable],[Not Applicable],[Not Applicable],[Not Applicable],NO,[Not Available],[Not Available],[Not Available],[Not Available],[Not Available],NO,[Not Available],[Not Available],NO,[Not Available],[Not Available],[Not Available],1,No,[Not Available],[Not Available],[Not Available],[Not Available],[Not Available],[Not Available],[Not Available],[Not Available],Complete Remission/Response,TUMOR FREE,[Not Available],57,[Not Applicable],0,[Not Available],[Not Available],[Not Available],[Not Available],[Not Applicable],[Not Available],[Not Available],[Not Available],[Not Available],C34.1,8230/3,C34.1,YES,[Not Available],[Not Available],[Not Available],[Not Available],[Not Available],86,0:LIVING,11.6,0:DiseaseFree,11.6,matched
TCGA-86-A4JF-01Z-00-DX1.22828B15-D68E-4300-A3A8-FBC11B319BC5,TCGA-86-A4JF-01,TCGA-86-A4JF,44,682045.07,63891.16,0.142,present,/data1/deasy/Himangi/male_psg_negative_features/TCGA-86-A4JF/necrosis_feature_wsi_summary.csv,E01E4FB3-236A-4D16-9073-555876B688E9,TCGA-86-A4JF,2013-02-14 00:00:00,Lung Adenocarcinoma,YES,NO,Male,Lung,WHITE,NOT HISPANIC OR LATINO,[Not Available],No,R-Upper,Central Lung,2012,[Not Available],[Not Available],R0,7th,T3,N0,M0,Stage IIB,[Not Applicable],[Not Applicable],[Not Applicable],[Not Applicable],NO,[Not Available],[Not Available],[Not Available],[Not Available],[Not Available],NO,[Not Available],[Not Available],NO,[Not Available],NO,[Not Available],4,No,[Not Available],2012,[Not Available],90,1,Preoperative,[Not Available],[Not Available],Complete Remission/Response,TUMOR FREE,NO,56,[Not Applicable],0,[Not Available],[Not Available],[Not Available],[Not Available],[Not Applicable],[Not Available],[Not Available],[Not Available],[Not Available],C34.1,8140/3,C34.1,YES,[Not Available],[Not Available],[Not Available],[Not Available],[Not Available],86,1:DECEASED,24.21,1:Recurred/Progressed,14.32,matched
TCGA-91-A4BC-01Z-00-DX1.8D8783B1-D1BA-4970-B77B-3AED8506C487,TCGA-91-A4BC-01,TCGA-91-A4BC,4,5472.97,884.36,0.0291,focal,/data1/deasy/Himangi/male_psg_negative_features/TCGA-91-A4BC/necrosis_feature_wsi_summary.csv,EA0B9461-0D4D-4ADE-A255-1B03DD85E30E,TCGA-91-A4BC,2013-02-05 00:00:00,Lung Adenocarcinoma,YES,NO,Male,Lung,WHITE,NOT HISPANIC OR LATINO,[Not Available],"Yes, History of Synchronous/Bilateral Malignancy",R-Upper,[Not Available],2012,[Not Available],[Not Available],[Not Available],7th,T2b,N0,MX,Stage IIA,[Not Applicable],[Not Applicable],[Not Applicable],[Not Applicable],YES,[Not Available],69,[Not Available],[Not Available],44,NO,[Not Available],[Not Available],NO,[Not Available],[Not Available],[Not Available],4,No,1976,2001,30,[Not Available],[Not Available],[Not Available],[Not Available],[Not Available],[Not Available],[Not Available],[Not Available],59,[Not Applicable],0,[Not Available],[Not Available],[Not Available],[Not Available],[Not Applicable],[Not Available],[Not Available],[Not Available],[Not Available],C34.1,8140/3,C34.1,YES,[Not Available],[Not Available],[Not Available],[Not Available],[Not Available],91,0:LIVING,1.45,0:DiseaseFree,1.45,matched
TCGA-93-A4JP-01Z-00-DX1.994E229B-5251-4F61-8C41-863047F3A136,TCGA-93-A4JP-01,TCGA-93-A4JP,8,216579.36,7110.33,0.3315,present,/data1/deasy/Himangi/male_psg_negative_features/TCGA-93-A4JP/necrosis_feature_wsi_summary.csv,30F276A8-3A4B-4DE8-AEA0-7F605D100401,TCGA-93-A4JP,2014-02-27 00:00:00,Lung Adenocarcinoma,YES,NO,Male,Lung,ASIAN,NOT HISPANIC OR LATINO,[Not Available],No,R-Lower,[Not Available],2012,[Not Available],[Not Available],RX,7th,TX,NX,M1b,Stage IV,[Not Applicable],[Not Applicable],[Not Applicable],[Not Applicable],NO,[Not Available],[Not Available],[Not Available],[Not Available],[Not Available],NO,[Not Available],[Not Available],YES,L861Q,NO,[Not Available],1,No,[Not Available],[Not Available],[Not Available],[Not Available],0,Preoperative,NO,[Not Available],Partial Remission/Response,WITH TUMOR,NO,64,[Not Applicable],0,[Not Available],[Not Available],[Not Available],[Not Available],[Not Applicable],[Not Available],[Not Available],[Not Available],[Not Available],C34.3,8260/3,C34.3,YES,[Not Available],[Not Available],[Not Available],[Not Available],YES,93,0:LIVING,18.99,1:Recurred/Progressed,16.33,matched
TCGA-93-A4JQ-01Z-00-DX1.24573112-917C-43E9-B0FD-763C290AA88A,TCGA-93-A4JQ-01,TCGA-93-A4JQ,36,93501.72,9885.81,0.0217,focal,/data1/deasy/Himangi/male_psg_negative_features/TCGA-93-A4JQ/necrosis_feature_wsi_summary.csv,7093024B-CF56-4783-B973-B72573ED7F2B,TCGA-93-A4JQ,2014-02-27 00:00:00,Lung Adenocarcinoma,YES,NO,Male,Lung,WHITE,NOT HISPANIC OR LATINO,[Not Available],"Yes, History of Prior Malignancy",R-Upper,[Not Available],2012,[Not Available],[Not Available],RX,7th,T1b,N0,MX,Stage IA,[Not Applicable],[Not Applicable],[Not Applicable],[Not Applicable],YES,93,100,94,97,83,NO,[Not Available],[Not Available],NO,[Not Available],NO,[Not Available],3,No,1973,1993,[Not Available],[Not Available],0,Preoperative,NO,[Not Available],Complete Remission/Response,TUMOR FREE,NO,49,[Not Applicable],0,[Not Available],[Not Available],[Not Available],[Not Available],[Not Applicable],[Not Available],[Not Available],[Not Available],[Not Available],C34.1,8550/3,C34.1,YES,[Not Available],[Not Available],[Not Available],[Not Available],NO,93,0:LIVING,17.28,0:DiseaseFree,17.28,matched
TCGA-95-7567-01Z-00-DX1.982FF122-A440-4949-926C-B58AF8381090,TCGA-95-7567-01,TCGA-95-7567,38,64465.43,7501.39,0.0161,focal,/data1/deasy/Himangi/male_psg_negative_features/TCGA-95-7567/necrosis_feature_wsi_summary.csv,3bc7026f-73f2-418b-bd62-f4768582b790,TCGA-95-7567,2012-01-31 00:00:00,Lung Adenocarcinoma,YES,NO,Male,Lung,WHITE,NOT HISPANIC OR LATINO,[Not Available],No,R-Upper,[Not Available],2011,[Not Available],[Not Available],[Not Available],7th,T2b,N1,M0,Stage IIB,[Not Applicable],[Not Applicable],[Not Applicable],[Not Applicable],NO,[Not Available],[Not Available],[Not Available],[Not Available],[Not Available],[Not Available],[Not Available],[Not Available],[Not Available],[Not Available],[Not Available],[Not Available],4,No,1970,2011,[Not Available],[Not Available],1,Post-Adjuvant Therapy,[Not Available],[Not Available],[Not Available],TUMOR FREE,[Not Available],61,[Not Applicable],0,[Not Available],[Not Available],[Not Available],[Not Available],[Not Applicable],[Not Available],[Not Available],[Not Available],[Not Available],C34.1,8255/3,C34.1,YES,[Not Available],[Not Available],[Not Available],[Not Available],[Not Available],95,0:LIVING,18.66,0:DiseaseFree,18.66,matched
TCGA-95-7947-01Z-00-DX1.44291078-2D8E-4E79-8FAB-439E52BAAD60,TCGA-95-7947-01,TCGA-95-7947,27,31471.85,7999.98,0.0175,focal,/data1/deasy/Himangi/male_psg_negative_features/TCGA-95-7947/necrosis_feature_wsi_summary.csv,e0acafdd-06d0-48a6-bd68-577ef666a419,TCGA-95-7947,2012-03-21 00:00:00,Lung Adenocarcinoma,YES,NO,Male,Lung,WHITE,NOT HISPANIC OR LATINO,[Not Available],Yes,L-Upper,[Not Available],2011,[Not Available],[Not Available],R0,7th,T1a,N0,M0,Stage IA,[Not Applicable],[Not Applicable],[Not Applicable],[Not Applicable],YES,37,37,[Not Available],[Not Available],[Not Available],[Not Available],[Not Available],[Not Available],[Not Available],[Not Available],[Not Available],[Not Available],4,No,1956,2006,100,[Not Available],[Not Available],[Not Available],[Not Available],[Not Available],[Not Available],TUMOR FREE,[Not Available],67,[Not Applicable],0,[Not Available],[Not Available],[Not Available],[Not Available],[Not Applicable],[Not Available],[Not Available],[Not Available],[Not Available],C34.1,8255/3,C34.1,YES,[Not Available],[Not Available],[Not Available],[Not Available],[Not Available],95,0:LIVING,15.67,0:DiseaseFree,15.67,matched
TCGA-95-8494-01Z-00-DX1.716299EF-71BB-4095-8F4D-F0C2252CE594,TCGA-95-8494-01,TCGA-95-8494,8,9975.63,3346.11,0.0121,focal,/data1/deasy/Himangi/male_psg_negative_features/TCGA-95-8494/necrosis_feature_wsi_summary.csv,6ee9caec-65ac-46db-9426-ffaa31967ae2,TCGA-95-8494,2012-08-30 00:00:00,Lung Adenocarcinoma,YES,NO,Male,Lung,WHITE,NOT HISPANIC OR LATINO,[Not Available],No,R-Middle,[Not Available],2012,[Not Available],[Not Available],[Not Available],7th,T2a,N1,M0,Stage IIA,[Not Applicable],[Not Applicable],[Not Applicable],[Not Applicable],NO,[Not Available],[Not Available],[Not Available],[Not Available],[Not Available],NO,[Not Available],[Not Available],NO,[Not Available],NO,[Not Available],5,No,[Not Available],[Not Available],[Not Available],[Not Available],[Not Available],[Not Available],NO,[Not Available],[Not Available],[Not Available],NO,67,[Not Applicable],0,[Not Available],[Not Available],[Not Available],[Not Available],[Not Applicable],[Not Available],[Not Available],[Not Available],[Not Available],C34.2,8140/3,C34.2,YES,[Not Available],[Not Available],[Not Available],[Not Available],NO,95,0:LIVING,2.76,0:DiseaseFree,2.76,matched
TCGA-97-7937-01Z-00-DX1.6db4b2ff-722c-4bb8-b12f-15f1a38b4ab1,TCGA-97-7937-01,TCGA-97-7937,17,40101.31,7524.59,0.0158,focal,/data1/deasy/Himangi/male_psg_negative_features/TCGA-97-7937/necrosis_feature_wsi_summary.csv,fcfe0b53-dfc1-42fa-9efc-2b2ff259297e,TCGA-97-7937,2012-02-13 00:00:00,Lung Adenocarcinoma,YES,NO,Male,Lung,WHITE,NOT HISPANIC OR LATINO,[Not Available],No,L-Upper,[Not Available],2011,[Not Available],[Not Available],[Not Available],7th,T2a,N0,MX,Stage IB,[Not Applicable],[Not Applicable],[Not Applicable],[Not Applicable],YES,120,[Not Available],77,[Not Available],89,YES,NO,[Not Available],YES,[Not Available],YES,FISH,3,No,[Not Available],1994,35,[Not Available],0,Preoperative,[Not Available],[Not Available],[Not Available],[Not Available],[Not Available],65,[Not Applicable],0,[Not Available],[Not Available],[Not Available],[Not Available],[Not Applicable],[Not Available],[Not Available],[Not Available],[Not Available],C34.1,8507/3,C34.1,YES,[Not Available],[Not Available],[Not Available],[Not Available],[Not Available],97,0:LIVING,18.53,0:DiseaseFree,18.53,matched
TCGA-97-A4LX-01Z-00-DX1.B2334672-A626-4E74-B4D1-A79F70F65909,TCGA-97-A4LX-01,TCGA-97-A4LX,107,76102.28,16421.56,0.0061,focal,/data1/deasy/Himangi/male_psg_negative_features/TCGA-97-A4LX/necrosis_feature_wsi_summary.csv,E2B0D873-4942-4483-9A88-D5C6338D0382,TCGA-97-A4LX,2013-03-07 00:00:00,Lung Adenocarcinoma,YES,NO,Male,Lung,WHITE,NOT HISPANIC OR LATINO,[Not Available],"Yes, History of Synchronous/Bilateral Malignancy",Other (please specify),[Not Available],2012,[Not Available],[Not Available],[Not Available],7th,T2a,N0,M0,Stage IB,[Not Applicable],[Not Applicable],[Not Applicable],[Not Applicable],YES,91,90,91,96,61,YES,YES,G12A,NO,[Not Available],NO,[Not Available],3,No,1945,1985,120,[Not Available],1,Preoperative,NO,[Not Available],Complete Remission/Response,[Not Available],NO,81,Lingula,0,[Not Available],[Not Available],[Not Available],[Not Available],[Not Applicable],[Not Available],[Not Available],[Not Available],[Not Available],C34.1,8255/3,C34.1,YES,[Not Available],[Not Available],[Not Available],[Not Available],NO,97,0:LIVING,20.17,0:DiseaseFree,20.17,matched
TCGA-99-8032-01Z-00-DX1.7380b78f-ea25-43e0-ac90-194b5c6b1432,TCGA-99-8032-01,TCGA-99-8032,10,62485.94,10217.26,0.058,present,/data1/deasy/Himangi/male_psg_negative_features/TCGA-99-8032/necrosis_feature_wsi_summary.csv,7e83f9dd-b038-497b-a113-a55605398b7b,TCGA-99-8032,2012-06-15 00:00:00,Lung Adenocarcinoma,YES,NO,Male,Lung,WHITE,NOT HISPANIC OR LATINO,[Not Available],No,R-Upper,[Not Available],2011,[Not Available],[Not Available],R0,7th,T1a,N0,M0,Stage IA,[Not Applicable],[Not Applicable],[Not Applicable],[Not Applicable],YES,59,[Not Available],55,[Not Available],54,YES,YES,G12C,YES,[Not Available],NO,[Not Available],2,No,1966,[Not Available],90,[Not Available],0,Preoperative,NO,[Not Available],Complete Remission/Response,TUMOR FREE,[Not Available],61,[Not Applicable],0,[Not Available],[Not Available],[Not Available],[Not Available],[Not Applicable],[Not Available],[Not Available],[Not Available],[Not Available],C34.1,8140/3,C34.1,YES,[Not Available],[Not Available],[Not Available],[Not Available],NO,99,0:LIVING,1.45,0:DiseaseFree,1.45,matched
TCGA-MN-A4N1-01Z-00-DX2.9B0852C4-16BF-4962-B86F-E2570E48A89E,TCGA-MN-A4N1-01,TCGA-MN-A4N1,48,74913.06,13099.57,0.0117,focal,/data1/deasy/Himangi/male_psg_negative_features/TCGA-MN-A4N1/necrosis_feature_wsi_summary.csv,75A0BB0B-6528-4FB8-A9E6-254905D21DF4,TCGA-MN-A4N1,2012-12-04 00:00:00,Lung Adenocarcinoma,NO,YES,Male,Lung,BLACK OR AFRICAN AMERICAN,NOT HISPANIC OR LATINO,[Not Available],"Yes, History of Prior Malignancy",R-Upper,[Not Available],2011,[Not Available],[Not Available],R0,7th,T2a,N1,M0,Stage IIA,[Not Applicable],[Not Applicable],[Not Applicable],[Not Applicable],YES,117,[Not Available],74,[Not Available],55,NO,[Not Available],[Not Available],YES,[Not Available],YES,IHC,2,No,1967,[Not Available],[Not Available],100,0,Preoperative,NO,[Not Available],Complete Remission/Response,[Not Available],NO,60,[Not Applicable],0,[Not Available],[Not Available],[Not Available],[Not Available],[Not Applicable],[Not Available],[Not Available],[Not Available],[Not Available],C34.1,8140/3,C34.1,YES,[Not Available],[Not Available],[Not Available],[Not Available],NO,MN,0:LIVING,27.17,0:DiseaseFree,27.17,matched
TCGA-MN-A4N4-01Z-00-DX1.7D8352EF-7A4B-4084-9612-CF92D9D16041,TCGA-MN-A4N4-01,TCGA-MN-A4N4,30,105800.37,27905.41,0.024,focal,/data1/deasy/Himangi/male_psg_negative_features/TCGA-MN-A4N4/necrosis_feature_wsi_summary.csv,CEEAD734-1CE0-4385-B65A-A9C853B7308E,TCGA-MN-A4N4,2012-12-04 00:00:00,Lung Adenocarcinoma,NO,YES,Male,Lung,WHITE,NOT HISPANIC OR LATINO,[Not Available],No,L-Upper,[Not Available],2010,[Not Available],[Not Available],R0,7th,T1b,N0,M0,Stage IA,[Not Applicable],[Not Applicable],[Not Applicable],[Not Applicable],YES,77,82,70,75,[Not Available],NO,[Not Available],[Not Available],NO,[Not Available],NO,[Not Available],2,No,1980,[Not Available],[Not Available],100,1,Preoperative,NO,[Not Available],Complete Remission/Response,[Not Available],NO,57,[Not Applicable],0,[Not Available],[Not Available],[Not Available],[Not Available],[Not Applicable],[Not Available],[Not Available],[Not Available],[Not Available],C34.1,8140/3,C34.1,YES,[Not Available],[Not Available],[Not Available],[Not Available],NO,MN,0:LIVING,38.6,0:DiseaseFree,38.6,matched
TCGA-MP-A4SV-01Z-00-DX1.5430F2CF-BE4B-42D6-9CD4-92E6FB3F6E99,TCGA-MP-A4SV-01,TCGA-MP-A4SV,35,162861.91,15933.53,0.0358,focal,/data1/deasy/Himangi/male_psg_negative_features/TCGA-MP-A4SV/necrosis_feature_wsi_summary.csv,706420C4-8820-4B41-80D9-F3EFD1D2A4F0,TCGA-MP-A4SV,2013-04-02 00:00:00,Lung Adenocarcinoma,NO,YES,Male,Lung,[Not Available],[Not Available],[Not Available],No,L-Lower,[Not Available],2001,[Not Available],[Not Available],R0,5th,T2,N0,M0,Stage IB,[Not Applicable],[Not Applicable],[Not Applicable],[Not Applicable],YES,62,78,[Not Available],[Not Available],48,NO,[Not Available],[Not Available],NO,[Not Available],NO,[Not Available],2,No,1946,[Not Available],110,[Not Available],[Not Available],[Not Available],NO,[Not Available],Complete Remission/Response,[Not Available],[Not Available],67,[Not Applicable],0,[Not Available],[Not Available],[Not Available],[Not Available],[Not Applicable],[Not Available],[Not Available],[Not Available],[Not Available],C34.3,8140/3,C34.3,YES,[Not Available],[Not Available],[Not Available],[Not Available],NO,MP,1:DECEASED,86.07,[Not Available],[Not Available],matched
TCGA-MP-A4SW-01Z-00-DX1.A6651B25-A35A-4BDE-9EBF-D264A02003C8,TCGA-MP-A4SW-01,TCGA-MP-A4SW,11,16418.77,3776.65,0.0155,focal,/data1/deasy/Himangi/male_psg_negative_features/TCGA-MP-A4SW/necrosis_feature_wsi_summary.csv,15F12D2C-B834-4BFC-B526-F03BF85BFE96,TCGA-MP-A4SW,2013-04-02 00:00:00,Lung Adenocarcinoma,NO,YES,Male,Lung,WHITE,[Not Available],[Not Available],No,L-Upper,[Not Available],2002,[Not Available],[Not Available],R0,5th,T2,N1,M0,Stage IIB,[Not Applicable],[Not Applicable],[Not Applicable],[Not Applicable],YES,90,101,[Not Available],[Not Available],102,NO,[Not Available],[Not Available],NO,[Not Available],NO,[Not Available],3,No,1967,1982,15,[Not Available],[Not Available],[Not Available],NO,[Not Available],Complete Remission/Response,[Not Available],[Not Available],53,[Not Applicable],0,[Not Available],[Not Available],[Not Available],[Not Available],[Not Applicable],[Not Available],[Not Available],[Not Available],[Not Available],C34.1,8140/3,C34.1,YES,[Not Available],[Not Available],[Not Available],[Not Available],NO,MP,1:DECEASED,58.41,[Not Available],[Not Available],matched
TCGA-MP-A4SY-01Z-00-DX1.9535274F-C850-409E-80A1-B933B2F1A110,TCGA-MP-A4SY-01,TCGA-MP-A4SY,38,80353.37,9521.33,0.0176,focal,/data1/deasy/Himangi/male_psg_negative_features/TCGA-MP-A4SY/necrosis_feature_wsi_summary.csv,8CC6BCEC-65DF-46A9-A88C-09762A132857,TCGA-MP-A4SY,2013-04-02 00:00:00,Lung Adenocarcinoma,NO,YES,Male,Lung,WHITE,NOT HISPANIC OR LATINO,[Not Available],No,R-Lower,Central Lung,2002,[Not Available],[Not Available],R0,5th,T2,N1,M0,Stage IIB,[Not Applicable],[Not Applicable],[Not Applicable],[Not Applicable],YES,54,74,[Not Available],[Not Available],73,NO,[Not Available],[Not Available],NO,[Not Available],NO,[Not Available],4,No,[Not Available],2002,40,[Not Available],0,Pre-Adjuvant Therapy,NO,[Not Available],Complete Remission/Response,TUMOR FREE,YES,61,[Not Applicable],0,[Not Available],[Not Available],[Not Available],[Not Available],[Not Applicable],[Not Available],[Not Available],[Not Available],[Not Available],C34.3,8140/3,C34.3,YES,[Not Available],[Not Available],[Not Available],[Not Available],NO,MP,1:DECEASED,49.31,1:Recurred/Progressed,16.06,matched
TCGA-MP-A4TD-01Z-00-DX1.937DEBC9-F5D5-4682-AA9A-13D8226EE06C,TCGA-MP-A4TD-01,TCGA-MP-A4TD,33,65292.7,13571.86,0.0152,focal,/data1/deasy/Himangi/male_psg_negative_features/TCGA-MP-A4TD/necrosis_feature_wsi_summary.csv,383D1253-349F-43B3-BEBD-9F1D1CF14B3D,TCGA-MP-A4TD,2013-05-08 00:00:00,Lung Adenocarcinoma,NO,YES,Male,Lung,WHITE,[Not Available],[Not Available],"Yes, History of Prior Malignancy",L-Lower,Peripheral Lung,2008,[Not Available],[Not Available],RX,6th,T2,N2,M0,Stage IIIA,[Not Applicable],[Not Applicable],[Not Applicable],[Not Applicable],YES,93,92,[Not Available],[Not Available],61,NO,[Not Available],[Not Available],NO,[Not Available],NO,[Not Available],3,No,[Not Available],1990,20,[Not Available],0,Post-Adjuvant Therapy,NO,[Not Available],Complete Remission/Response,[Not Available],YES,71,[Not Applicable],0,[Not Available],[Not Available],[Not Available],[Not Available],[Not Applicable],[Not Available],[Not Available],[Not Available],[Not Available],C34.3,8140/3,C34.3,YES,[Not Available],[Not Available],[Not Available],[Not Available],YES,MP,1:DECEASED,10.09,1:Recurred/Progressed,7.42,matched
TCGA-NJ-A4YG-01Z-00-DX1.507BAE41-5EE9-4657-AAD1-AD456750BA2F,TCGA-NJ-A4YG-01,TCGA-NJ-A4YG,155,82782.58,23399.22,0.0043,focal,/data1/deasy/Himangi/male_psg_negative_features/TCGA-NJ-A4YG/necrosis_feature_wsi_summary.csv,7FD03220-531E-4EF8-BECA-E9703E8C0AE1,TCGA-NJ-A4YG,2013-04-26 00:00:00,Lung Adenocarcinoma,NO,YES,Male,Lung,WHITE,[Not Available],[Not Available],No,L-Upper,[Not Available],2008,[Not Available],[Not Available],[Not Available],6th,T2,N0,M0,Stage IB,[Not Applicable],[Not Applicable],[Not Applicable],[Not Applicable],NO,[Not Available],[Not Available],[Not Available],[Not Available],[Not Available],[Not Available],[Not Available],[Not Available],[Not Available],[Not Available],[Not Available],[Not Available],4,No,1955,2007,104,[Not Available],[Not Available],[Not Available],NO,[Not Available],[Not Applicable],TUMOR FREE,NO,65,[Not Applicable],0,[Not Available],[Not Available],[Not Available],[Not Available],[Not Applicable],[Not Available],[Not Available],[Not Available],[Not Available],C34.1,8255/3,C34.1,YES,[Not Available],[Not Available],[Not Available],[Not Available],NO,NJ,0:LIVING,74.28,0:DiseaseFree,74.28,matched
TCGA-NJ-A7XG-01Z-00-DX1.4A876254-653C-410B-A36C-55FC41C1DD93,TCGA-NJ-A7XG-01,TCGA-NJ-A7XG,16,2181.44,592.96,0.0013,focal,/data1/deasy/Himangi/male_psg_negative_features/TCGA-NJ-A7XG/necrosis_feature_wsi_summary.csv,01E9888D-B5B9-48F1-8BA6-8A89AF108A04,TCGA-NJ-A7XG,2014-05-22 00:00:00,Lung Adenocarcinoma,[Not Available],[Not Available],Male,Lung,BLACK OR AFRICAN AMERICAN,NOT HISPANIC OR LATINO,[Not Available],No,L-Upper,[Not Available],2013,[Not Available],[Not Available],[Not Available],7th,T4,N1,M0,Stage IIIA,[Not Applicable],[Not Applicable],[Not Applicable],[Not Applicable],NO,[Not Available],[Not Available],[Not Available],[Not Available],[Not Available],YES,NO,[Not Available],YES,Other,[Not Available],[Not Available],3,No,[Not Available],[Not Available],[Not Available],[Not Available],[Not Available],[Not Available],NO,[Not Available],Stable Disease,WITH TUMOR,NO,49,[Not Applicable],0,[Not Available],[Not Available],[Not Available],[Not Available],[Not Applicable],[Not Available],[Not Available],[Not Available],[Not Available],C34.1,8140/3,C34.1,YES,[Not Available],[Not Available],[Not Available],[Not Available],YES,NJ,0:LIVING,20.27,0:DiseaseFree,20.27,matched
