wsi_name,sample_id,subject_id,WSI_tumor_stroma_ratio,WSI_TSR_category,WSI_sTIL_pct,WSI_neighborhood_sTIL_pct,WSI_neighborhood_intratumoral_TIL_pct,WSI_tumor_pct_TS_compartment,WSI_stroma_pct_TS_compartment,n_clusters_input,n_clusters_scored,n_clusters_sTIL_reliable,n_til_neighborhoods,n_master_rois,n_foci,n_intertumor_edges,WSI_TSR_stroma_fraction,WSI_TSR_compartment_stroma_fraction,WSI_sTILs_pct_stromal_occupancy,WSI_iTILs_pct_computational,WSI_inter_tumor_sTILs_pct,mean_master_tissue_fraction,total_master_area_mm2,OTHER_PATIENT_ID,PATIENT_ID,FORM_COMPLETION_DATE,HISTOLOGICAL_DIAGNOSIS,PROSPECTIVE_COLLECTION,RETROSPECTIVE_COLLECTION,SEX,TUMOR_SITE,RACE,ETHNICITY,LATERALITY,HISTORY_OTHER_MALIGNANCY,PRIMARY_SITE_PATIENT,LOCATION_LUNG_PARENCHYMA,INITIAL_PATHOLOGIC_DX_YEAR,METHOD_OF_INITIAL_SAMPLE_PROCUREMENT,METHOD_OF_INITIAL_SAMPLE_PROCUREMENT_OTHER,RESIDUAL_TUMOR,AJCC_STAGING_EDITION,AJCC_TUMOR_PATHOLOGIC_PT,AJCC_NODES_PATHOLOGIC_PN,AJCC_METASTASIS_PATHOLOGIC_PM,AJCC_PATHOLOGIC_TUMOR_STAGE,AJCC_NODES_CLINICAL_CT,AJCC_NODES_CLINICAL_CN,AJCC_METASTASIS_CLINICAL_CM,AJCC_CLINICAL_TUMOR_STAGE,PULMONARY_FUNCTION_TEST_INDICATOR,FEV1_PERCENT_REF_PREBRONCHOLIATOR,FEV1_PERCENT_REF_POSTBRONCHOLIATOR,FEV1_FVC_RATIO_PREBRONCHOLIATOR,FEV1_FVC_RATIO_POSTBRONCHOLIATOR,CARBON_MONOXIDE_DIFFUSION_DLCO,KRAS_GENE_ANALYSIS_INDICATOR,KRAS_MUTATION,KRAS_MUTATION_IDENTIFIED_TYPE,MUTATION_STATUS,MUTATION_TYPE,ALK_TRANSLOCATION_STATUS,ALK_ANALYSIS_TYPE,TOBACCO_SMOKING_HISTORY_INDICATOR,HISTORY_NEOADJUVANT_TRTYN,SMOKING_YEAR_STARTED,SMOKING_YEAR_STOPPED,SMOKING_PACK_YEARS,KARNOFSKY_PERFORMANCE_SCORE,ECOG_SCORE,PERFORMANCE_STATUS_TIMING,RADIATION_TREATMENT_ADJUVANT,PHARMACEUTICAL_TX_ADJUVANT,TREATMENT_OUTCOME_FIRST_COURSE,TUMOR_STATUS,NEW_TUMOR_EVENT_AFTER_INITIAL_TREATMENT,AGE,PRIMARY_SITE_OTHER,DAYS_TO_INITIAL_PATHOLOGIC_DIAGNOSIS,DAYS_TO_PATIENT_PROGRESSION_FREE,DAYS_TO_TUMOR_PROGRESSION,DISEASE_CODE,ALK_TRANSLOCATION_VARIANT,EXTRANODAL_INVOLVEMENT,HISTORY_IMMUNOLOGICAL_DISEASE,HISTORY_IMMUNOLOGICAL_DISEASE_OTHER,HISTORY_RELEVANT_INFECTIOUS_DX,HIV_STATUS,ICD_10,ICD_O_3_HISTOLOGY,ICD_O_3_SITE,INFORMED_CONSENT_VERIFIED,NUMBER_OF_LYMPHNODES_POSITIVE_BY_IHC,POS_LYMPH_NODE_LOCATION,PROJECT_CODE,STAGE_OTHER,TARGETED_MOLECULAR_THERAPY,TISSUE_SOURCE_SITE,OS_STATUS,OS_MONTHS,DFS_STATUS,DFS_MONTHS,clinical_match
TCGA-05-4244-01Z-00-DX1.d4ff32cd-38cf-40ea-8213-45c2b100ac01,TCGA-05-4244-01,TCGA-05-4244,4.089605049930859,stroma-low,62.47181485241491,62.47181485241491,7.435005925426845,80.35211003231804,19.647889967681966,2,1,1,1,1,2,1,0.19647889967681967,0.22102635863299758,62.47181485241491,7.435005925426845,100,0.9219489116795756,30.6958085,34040b83-7e8a-4264-a551-b16621843e28,TCGA-05-4244,7/22/10 0:00,Lung Adenocarcinoma,NO,YES,MALE,Lung,[Not Available],[Not Available],[Not Available],No,R-Lower,Peripheral Lung,2009,[Not Available],[Not Available],RX,6th,T2,N2,M1,Stage IV,[Not Applicable],[Not Applicable],[Not Applicable],[Not Applicable],[Not Available],[Not Available],[Not Available],[Not Available],[Not Available],[Not Available],[Not Available],[Not Available],[Not Available],[Not Available],[Not Available],[Not Available],[Not Available],4,No,[Not Available],[Not Available],38,[Not Available],[Not Available],[Not Available],[Not Available],[Not Available],[Not Available],TUMOR FREE,[Not Available],70,[Not Applicable],0,[Not Available],[Not Available],[Not Available],[Not Available],[Not Applicable],[Not Available],[Not Available],[Not Available],[Not Available],C34.3,8140/3,C34.3,YES,[Not Available],[Not Available],[Not Available],[Not Available],[Not Available],5,0:LIVING,0,0:DiseaseFree,0,matched
TCGA-05-4382-01Z-00-DX1.76b49a4c-dbbb-48b0-b677-6d3037e5ce88,TCGA-05-4382-01,TCGA-05-4382,0.7930585811686579,stroma-high,23.91360954752644,23.91360954752644,8.321217220210118,44.229373735897006,55.770626264102994,7,1,1,1,1,7,7,0.557706263,0.5696727854588954,23.91360954752644,8.321217220210118,27.856756933194116,0.9514959196902052,32.0316715,3434b91a-c05f-460f-a078-7b1bb6e7085d,TCGA-05-4382,7/22/10 0:00,Lung Adenocarcinoma,NO,YES,Male,Lung,[Not Available],[Not Available],[Not Available],Yes,L-Upper,[Not Available],2009,[Not Available],[Not Available],R0,6th,T2,N0,M0,Stage IB,[Not Applicable],[Not Applicable],[Not Applicable],[Not Applicable],[Not Available],[Not Available],[Not Available],[Not Available],[Not Available],[Not Available],[Not Available],[Not Available],[Not Available],[Not Available],[Not Available],[Not Available],[Not Available],4,No,[Not Available],[Not Available],62,[Not Available],[Not Available],[Not Available],[Not Available],[Not Available],[Not Available],TUMOR FREE,[Not Available],68,[Not Applicable],0,[Not Available],[Not Available],[Not Available],[Not Available],[Not Applicable],[Not Available],[Not Available],[Not Available],[Not Available],C34.1,8255/3,C34.1,YES,[Not Available],[Not Available],[Not Available],[Not Available],[Not Available],5,0:LIVING,19.94,1:Recurred/Progressed,10.97,matched
TCGA-05-4395-01Z-00-DX1.20205276-ca16-46b2-914a-fe5e576a5cf9,TCGA-05-4395-01,TCGA-05-4395,2.088007895158457,stroma-low,3.5529156258810803,3.5529156258810803,1.9504981608044232,67.61666310608035,32.38333689391964,1,1,1,1,1,1,0,0.3238333689391964,0.320401422,3.5529156258810803,1.9504981608044232,,0.9331405858219782,40.17753175,762dea8a-5b41-4058-979a-b7876ed13d7e,TCGA-05-4395,7/22/10 0:00,Lung Adenocarcinoma,NO,YES,Male,Lung,[Not Available],[Not Available],[Not Available],No,L-Upper,[Not Available],2006,[Not Available],[Not Available],R0,5th,T4,N2,M0,Stage IIIB,[Not Applicable],[Not Applicable],[Not Applicable],[Not Applicable],[Not Available],[Not Available],[Not Available],[Not Available],[Not Available],[Not Available],[Not Available],[Not Available],[Not Available],[Not Available],[Not Available],[Not Available],[Not Available],3,No,[Not Available],1983,[Not Available],[Not Available],[Not Available],[Not Available],[Not Available],[Not Available],[Not Available],TUMOR FREE,[Not Available],76,[Not Applicable],0,[Not Available],[Not Available],[Not Available],[Not Available],[Not Applicable],[Not Available],[Not Available],[Not Available],[Not Available],C34.1,8255/3,C34.1,YES,[Not Available],[Not Available],[Not Available],[Not Available],[Not Available],5,1:DECEASED,0,[Not Available],[Not Available],matched
TCGA-05-4397-01Z-00-DX1.00e9cdb3-b50e-439c-86b0-d7b73b802c0d,TCGA-05-4397-01,TCGA-05-4397,48.42885087609814,stroma-low,70.62678029734394,70.62678029734394,0.5268784138857251,97.97689005049568,2.023109949504331,6,6,4,6,6,6,0,0.020231099,0.026144651171499046,70.62678029734394,0.5268784138857251,,0.9646090999979208,100.59629199999999,6dfd47d2-831a-4386-9051-f78199a16bb5,TCGA-05-4397,7/22/10 0:00,Lung Adenocarcinoma,NO,YES,Male,Lung,[Not Available],[Not Available],[Not Available],No,R-Middle,[Not Available],2006,[Not Available],[Not Available],R0,5th,T2,N1,M0,Stage IIB,[Not Applicable],[Not Applicable],[Not Applicable],[Not Applicable],[Not Available],[Not Available],[Not Available],[Not Available],[Not Available],[Not Available],[Not Available],[Not Available],[Not Available],[Not Available],[Not Available],[Not Available],[Not Available],2,No,[Not Available],[Not Available],45,[Not Available],[Not Available],[Not Available],[Not Available],[Not Available],[Not Available],[Not Available],[Not Available],65,[Not Applicable],0,[Not Available],[Not Available],[Not Available],[Not Available],[Not Applicable],[Not Available],[Not Available],[Not Available],[Not Available],C34.2,8255/3,C34.2,YES,[Not Available],[Not Available],[Not Available],[Not Available],[Not Available],5,1:DECEASED,24.01,[Not Available],[Not Available],matched
TCGA-05-4415-01Z-00-DX1.55E0C429-B308-4962-8DA9-41D7D3F7764E,TCGA-05-4415-01,TCGA-05-4415,9.943651532767655,stroma-low,62.23876121370977,62.23876121370977,3.607129282528618,90.86228214590182,9.137717854098188,5,5,5,5,5,5,0,0.091377179,0.1139843270557972,62.23876121370977,3.607129282528618,,0.798518245,52.476183500000005,d15b7b29-c5c5-41d8-b83b-7cc12fe92820,TCGA-05-4415,7/22/10 0:00,Lung Adenocarcinoma,NO,YES,Male,Lung,[Not Available],[Not Available],[Not Available],No,L-Lower,[Not Available],2008,[Not Available],[Not Available],R0,6th,T4,N2,M0,Stage IIIB,[Not Applicable],[Not Applicable],[Not Applicable],[Not Applicable],[Not Available],[Not Available],[Not Available],[Not Available],[Not Available],[Not Available],[Not Available],[Not Available],[Not Available],[Not Available],[Not Available],[Not Available],[Not Available],4,No,1997,2007,29,[Not Available],[Not Available],[Not Available],[Not Available],[Not Available],[Not Available],WITH TUMOR,[Not Available],57,[Not Applicable],0,[Not Available],[Not Available],[Not Available],[Not Available],[Not Applicable],[Not Available],[Not Available],[Not Available],[Not Available],C34.3,8255/3,C34.3,YES,[Not Available],[Not Available],[Not Available],[Not Available],[Not Available],5,1:DECEASED,2.99,1:Recurred/Progressed,1.97,matched
TCGA-05-4418-01Z-00-DX1.f3863ea5-564f-482f-9878-cc104cf69401,TCGA-05-4418-01,TCGA-05-4418,2.251530467169517,stroma-low,30.451651396398077,30.451651396398077,13.152481221411524,69.24525204,30.754747959366586,9,3,3,3,3,9,6,0.30754747959366585,0.3028203609348399,30.451651396398077,13.152481221411524,11.410199989642104,0.9162699771220854,85.030584,d2c1e896-6886-4122-bb48-5fbcd3f641f4,TCGA-05-4418,7/22/10 0:00,Lung Adenocarcinoma,NO,YES,Male,Lung,[Not Available],[Not Available],[Not Available],Yes,L-Lower,[Not Available],2008,[Not Available],[Not Available],R0,6th,T3,N2,M0,Stage IIIA,[Not Applicable],[Not Applicable],[Not Applicable],[Not Applicable],[Not Available],[Not Available],[Not Available],[Not Available],[Not Available],[Not Available],[Not Available],[Not Available],[Not Available],[Not Available],[Not Available],[Not Available],[Not Available],2,No,[Not Available],[Not Available],25,[Not Available],[Not Available],[Not Available],[Not Available],[Not Available],[Not Available],[Not Available],[Not Available],69,[Not Applicable],0,[Not Available],[Not Available],[Not Available],[Not Available],[Not Applicable],[Not Available],[Not Available],[Not Available],[Not Available],C34.3,8255/3,C34.3,YES,[Not Available],[Not Available],[Not Available],[Not Available],[Not Available],5,1:DECEASED,9,[Not Available],[Not Available],matched
TCGA-05-4432-01Z-00-DX1.90d00d62-402b-404a-85e2-0edf869193ab,TCGA-05-4432-01,TCGA-05-4432,1.6511357325508107,stroma-low,30.304522225187796,30.304522225187796,12.463903879026038,62.28031678190078,37.71968321809922,3,3,3,3,3,3,0,0.3771968321809922,0.36115363425171215,30.304522225187796,12.463903879026038,,0.8556409327769945,81.85064924999999,e737f650-b72d-44e7-b750-558a56716803,TCGA-05-4432,7/22/10 0:00,Lung Adenocarcinoma,NO,YES,Male,Lung,[Not Available],[Not Available],[Not Available],No,R-Upper,[Not Available],2008,[Not Available],[Not Available],R0,6th,T2,N1,M0,Stage IIB,[Not Applicable],[Not Applicable],[Not Applicable],[Not Applicable],[Not Available],[Not Available],[Not Available],[Not Available],[Not Available],[Not Available],[Not Available],[Not Available],[Not Available],[Not Available],[Not Available],[Not Available],[Not Available],2,No,[Not Available],[Not Available],58,[Not Available],[Not Available],[Not Available],[Not Available],[Not Available],[Not Available],TUMOR FREE,[Not Available],66,[Not Applicable],0,[Not Available],[Not Available],[Not Available],[Not Available],[Not Applicable],[Not Available],[Not Available],[Not Available],[Not Available],C34.1,8255/3,C34.1,YES,[Not Available],[Not Available],[Not Available],[Not Available],[Not Available],5,0:LIVING,25,0:DiseaseFree,25,matched
TCGA-35-4123-01Z-00-DX1.990553a8-657e-49ec-9782-e6d30a4c4909,TCGA-35-4123-01,TCGA-35-4123,2.173000957485792,stroma-low,21.04584601138256,21.04584601138256,6.790495400332702,68.48409397290646,31.51590602709352,9,2,2,2,2,9,8,0.3151590602709352,0.3152952205577699,21.04584601138256,6.790495400332702,22.411884654938746,0.9500908489825087,114.277275,6cf49cf0-de4c-4c90-8358-eae19c6206b0,TCGA-35-4123,12/20/10 0:00,Lung Adenocarcinoma,NO,YES,Male,Lung,WHITE,NOT HISPANIC OR LATINO,[Not Available],No,R-Upper,Peripheral Lung,2010,[Not Available],[Not Available],R0,7th,T1,N0,M0,Stage IA,[Not Applicable],[Not Applicable],[Not Applicable],[Not Applicable],YES,[Not Available],[Not Available],[Not Available],[Not Available],[Not Available],NO,[Not Available],[Not Available],NO,[Not Available],NO,[Not Available],4,No,1990,2010,20,90,1,Preoperative,[Not Available],[Not Available],[Not Available],TUMOR FREE,[Not Available],38,[Not Applicable],0,[Not Available],[Not Available],[Not Available],[Not Available],[Not Applicable],[Not Available],[Not Available],[Not Available],[Not Available],C34.1,8140/3,C34.1,YES,[Not Available],[Not Available],[Not Available],[Not Available],[Not Available],35,0:LIVING,5.98,0:DiseaseFree,5.98,matched
TCGA-38-4629-01Z-00-DX1.d00cc280-5370-4b9f-9655-6c35deb94647,TCGA-38-4629-01,TCGA-38-4629,4.885982803,stroma-low,6.010334088287776,6.010334088287776,5.719150929914463,83.01048383246304,16.989516167536955,2,2,2,2,2,2,0,0.16989516167536955,0.163160505,6.010334088287776,5.719150929914463,,0.9366499927490317,101.426472,127bf818-f7e5-46b5-a9de-39f6d96b8b83,TCGA-38-4629,12/13/10 0:00,Lung Adenocarcinoma,NO,YES,Male,Lung,WHITE,NOT HISPANIC OR LATINO,[Not Available],Yes,R-Upper,Peripheral Lung,2003,[Not Available],[Not Available],R0,[Not Available],T3,N0,M0,Stage IIB,[Not Applicable],[Not Applicable],[Not Applicable],[Not Applicable],[Not Available],[Not Available],[Not Available],[Not Available],[Not Available],[Not Available],NO,[Not Available],[Not Available],NO,[Not Available],NO,[Not Available],4,No,[Not Available],2003,100,[Not Available],[Not Available],[Not Available],[Not Available],[Not Available],[Not Available],WITH TUMOR,[Not Available],68,[Not Applicable],0,[Not Available],[Not Available],[Not Available],[Not Available],[Not Applicable],[Not Available],[Not Available],[Not Available],[Not Available],C34.1,8140/3,C34.1,YES,[Not Available],[Not Available],[Not Available],[Not Available],[Not Available],38,1:DECEASED,28.38,1:Recurred/Progressed,12.45,matched
TCGA-44-2656-01Z-00-DX1.5f247f31-4bb5-460d-a1f7-7dcdba33c835,TCGA-44-2656-01,TCGA-44-2656,2.1128812440745848,stroma-low,39.69153867690613,39.69153867690613,10.138273375967374,67.87542082103148,32.12457917896851,11,9,9,9,9,11,2,0.3212457917896851,0.3342957184532664,39.69153867690613,10.138273375967374,28.14488888157525,0.8764419592678184,46.055898000000006,42ca54fc-c1ae-41cd-bca1-7fe9810db460,TCGA-44-2656,10/8/10 0:00,Lung Adenocarcinoma,YES,NO,Male,Lung,WHITE,NOT HISPANIC OR LATINO,[Not Available],No,R-Upper,[Not Available],2009,[Not Available],[Not Available],[Not Available],6th,T2,N0,M0,Stage IB,[Not Applicable],[Not Applicable],[Not Applicable],[Not Applicable],YES,79,84,86,86,72,NO,[Not Available],[Not Available],[Not Available],[Not Available],[Not Available],[Not Available],4,No,1994,2009,23,[Not Available],0,Pre-Adjuvant Therapy,[Not Available],[Not Available],[Not Available],TUMOR FREE,[Not Available],59,[Not Applicable],0,[Not Available],[Not Available],FPPP,[Not Available],[Not Applicable],[Not Available],[Not Available],[Not Available],[Not Available],C34.1,8140/3,C34.1,YES,[Not Available],[Not Available],TCGA,[Not Available],[Not Available],44,0:LIVING,46.94,1:Recurred/Progressed,18.66,matched
TCGA-44-2662-01Z-00-DX1.398f3f84-fd48-4454-b789-a3e90cd36d73,TCGA-44-2662-01,TCGA-44-2662,0.598439512,stroma-high,17.344145804402004,17.344145804402004,5.781916198478269,37.438983935452256,62.56101606454774,67,12,12,12,12,67,82,0.6256101606454774,0.6451816354272696,17.344145804402004,5.781916198478269,26.419457217469706,0.9744532655707885,85.175073,ccda26c1-a6d6-4317-8cf8-8a87e15ce12e,TCGA-44-2662,10/12/10 0:00,Lung Adenocarcinoma,YES,NO,Male,Lung,WHITE,NOT HISPANIC OR LATINO,[Not Available],Yes,R-Upper,[Not Available],2009,[Not Available],[Not Available],R0,6th,T2,N0,M0,Stage IB,[Not Applicable],[Not Applicable],[Not Applicable],[Not Applicable],YES,67,73,88,94,78,NO,[Not Available],[Not Available],[Not Available],[Not Available],[Not Available],[Not Available],3,[Discrepancy],1956,1984,56,[Not Available],[Not Available],[Not Available],[Not Available],[Not Available],[Not Available],[Discrepancy],[Not Available],65,[Not Applicable],0,[Not Available],[Not Available],FPPP,[Not Available],[Not Applicable],[Not Available],[Not Available],[Not Available],[Not Available],C34.1,8140/3,C34.1,YES,[Not Available],[Not Available],TCGA,[Not Available],[Not Available],44,0:LIVING,42.05,1:Recurred/Progressed,8.05,matched
TCGA-44-2668-01Z-00-DX1.f66fa464-dad1-4a9f-8486-3d7579ca42b6,TCGA-44-2668-01,TCGA-44-2668,1.0758980584425917,stroma-low,21.440022319394856,21.440022319394856,8.711592121753155,51.82807768748368,48.17192231251633,10,4,4,4,4,10,9,0.4817192231251633,0.48923738583876797,21.440022319394856,8.711592121753155,23.583977581081577,0.9266671357945886,41.842116000000004,bab43415-d413-40be-a4c0-2c40a52afe6a,TCGA-44-2668,10/22/10 0:00,Lung Adenocarcinoma,YES,NO,Male,Lung,WHITE,NOT HISPANIC OR LATINO,[Not Available],No,R-Upper,[Not Available],2009,[Not Available],[Not Available],R0,6th,T2,N0,M0,Stage IB,[Not Applicable],[Not Applicable],[Not Applicable],[Not Applicable],YES,82,[Not Available],104,[Not Available],53,NO,[Not Available],[Not Available],[Not Available],[Not Available],[Not Available],[Not Available],4,No,1979,2009,60,[Not Available],0,Other,[Not Available],[Not Available],[Not Available],TUMOR FREE,[Not Available],51,[Not Applicable],0,[Not Available],[Not Available],FPPP,[Not Available],[Not Applicable],[Not Available],[Not Available],[Not Available],[Not Available],C34.1,8140/3,C34.1,YES,[Not Available],[Not Available],TCGA,[Not Available],[Not Available],44,1:DECEASED,25,1:Recurred/Progressed,14.22,matched
TCGA-44-7660-01Z-00-DX1.f96c114b-f0fc-498a-97cc-e262344de357,TCGA-44-7660-01,TCGA-44-7660,0.5275290214630151,stroma-high,5.460848479876493,5.460848479876493,2.449376888716125,34.53479534927368,65.46520465072632,29,7,7,7,7,29,25,0.6546520465072632,0.6570506695278409,5.460848479876493,2.449376888716125,3.214730771550415,0.931933367,82.501416,a534b96b-1665-444a-9308-e610f2f0e510,TCGA-44-7660,12/22/11 0:00,Lung Adenocarcinoma,YES,NO,Male,Lung,WHITE,NOT HISPANIC OR LATINO,[Not Available],No,R-Upper,[Not Available],2011,[Not Available],[Not Available],[Not Available],7th,T2,N0,MX,Stage IB,[Not Applicable],[Not Applicable],[Not Applicable],[Not Applicable],YES,83,94,92,95,80,NO,[Not Available],[Not Available],[Not Available],[Not Available],[Not Available],[Not Available],2,No,1949,[Not Available],124,[Not Available],1,Pre-Adjuvant Therapy,[Not Available],[Not Available],[Not Available],TUMOR FREE,[Not Available],72,[Not Applicable],0,[Not Available],[Not Available],[Not Available],[Not Available],[Not Applicable],[Not Available],[Not Available],[Not Available],[Not Available],C34.1,8140/3,C34.1,YES,[Not Available],[Not Available],[Not Available],[Not Available],[Not Available],44,0:LIVING,19.45,1:Recurred/Progressed,8.31,matched
TCGA-44-7662-01Z-00-DX1.2f0b6cea-795a-40ad-93a9-319858e6fb3b,TCGA-44-7662-01,TCGA-44-7662,1.507571964,stroma-low,26.35952330530117,26.35952330530117,9.17764731,60.120785586212655,39.87921441378734,3,3,3,3,3,3,0,0.3987921441378734,0.39035737894705563,26.35952330530117,9.17764731,,0.7994908406793719,18.148833,ab9e6815-4d13-44db-93e5-553eb4f5bc95,TCGA-44-7662,12/21/11 0:00,Lung Adenocarcinoma,YES,NO,Male,Lung,WHITE,NOT HISPANIC OR LATINO,[Not Available],No,L-Upper,[Not Available],2011,[Not Available],[Not Available],[Not Available],7th,T2a,N0,MX,Stage IB,[Not Applicable],[Not Applicable],[Not Applicable],[Not Applicable],YES,60,68,68,66,57,NO,[Not Available],[Not Available],[Not Available],[Not Available],[Not Available],[Not Available],2,No,1961,[Not Available],50,[Not Available],[Not Available],[Not Available],[Not Available],[Not Available],[Not Available],TUMOR FREE,[Not Available],61,[Not Applicable],0,[Not Available],[Not Available],[Not Available],[Not Available],[Not Applicable],[Not Available],[Not Available],[Not Available],[Not Available],C34.1,8140/3,C34.1,YES,[Not Available],[Not Available],[Not Available],[Not Available],[Not Available],44,0:LIVING,7.16,0:DiseaseFree,7.16,matched
TCGA-49-6745-01Z-00-DX6.3174fffa-c17c-44d1-8d21-1921a9ec1bee,TCGA-49-6745-01,TCGA-49-6745,2.209368676891803,stroma-low,20.231887236622484,20.231887236622484,12.569014688348293,68.84122390798441,31.158776092015582,8,3,3,3,3,8,5,0.31158776092015583,0.2956150010684015,20.231887236622484,12.569014688348293,23.48337288315696,0.8967130006771273,105.972921,9c7875ad-ab71-4d48-b2e3-e4c7a46393e9,TCGA-49-6745,8/11/11 0:00,Lung Adenocarcinoma,NO,YES,Male,Lung,WHITE,[Not Available],[Not Available],Yes,L-Upper,[Not Available],2011,[Not Available],[Not Available],[Not Available],7th,T2a,N2,M0,Stage IIIA,[Not Applicable],[Not Applicable],[Not Applicable],[Not Applicable],[Not Available],[Not Available],[Not Available],[Not Available],[Not Available],[Not Available],YES,NO,[Not Available],YES,[Not Available],[Not Available],[Not Available],4,No,[Not Available],[Not Available],20,[Not Available],[Not Available],[Not Available],[Not Available],[Not Available],[Not Available],TUMOR FREE,[Not Available],82,[Not Applicable],0,[Not Available],[Not Available],[Not Available],[Not Available],[Not Applicable],[Not Available],[Not Available],[Not Available],[Not Available],C34.1,8260/3,C34.1,YES,[Not Available],[Not Available],[Not Available],[Not Available],[Not Available],49,0:LIVING,17.15,0:DiseaseFree,17.15,matched
TCGA-49-AAR9-01Z-00-DX1.B6A9966E-89B8-404B-8ABC-1F8F8553D4DA,TCGA-49-AAR9-01,TCGA-49-AAR9,0.17360829522555882,stroma-high,0.001043966,0.001043966,0.082387184,14.792694967462939,85.20730503253706,3,2,2,2,2,3,1,0.8520730503253706,0.851994069,0.001043966,0.082387184,0,0.999999998,1.195137,47B749E6-E060-4AA1-8F29-976E489BA789,TCGA-49-AAR9,6/18/14 0:00,Lung Adenocarcinoma,NO,YES,Male,Lung,BLACK OR AFRICAN AMERICAN,NOT HISPANIC OR LATINO,[Not Available],No,Other (please specify),[Not Available],1999,[Not Available],[Not Available],R0,5th,T3,N0,MX,Stage IIB,[Not Applicable],[Not Applicable],[Not Applicable],[Not Applicable],NO,[Not Available],[Not Available],[Not Available],[Not Available],[Not Available],[Not Available],[Not Available],[Not Available],[Not Available],[Not Available],[Not Available],[Not Available],2,No,[Not Available],[Not Available],[Not Available],80,1,Preoperative,NO,[Not Available],Progressive Disease,WITH TUMOR,NO,61,ALL 3 LOBES OF RT LUNG,0,[Not Available],[Not Available],[Not Available],[Not Available],[Not Applicable],[Not Available],[Not Available],[Not Available],[Not Available],C34.1,8140/3,C34.9,YES,[Not Available],[Not Available],[Not Available],[Not Available],NO,49,1:DECEASED,8.54,[Not Available],[Not Available],matched
TCGA-50-5066-02Z-00-DX1.A2CA045A-7956-4E04-9EC9-5856FC789110,TCGA-50-5066-02,TCGA-50-5066,1.647138372441648,stroma-low,44.885319423713604,44.885319423713604,20.98502766262412,62.22335748,37.776642521245584,21,6,6,6,6,21,16,0.37776642521245585,0.3890212676741897,44.885319423713604,20.98502766262412,33.436996037965656,0.8089175363651374,149.08409999999998,3199cfe5-3be3-43cd-a36b-5cf2c7a9929f,TCGA-50-5066,7/2/11 0:00,Lung Adenocarcinoma,NO,YES,Male,Lung,BLACK OR AFRICAN AMERICAN,NOT HISPANIC OR LATINO,[Not Available],No,R-Upper,[Not Available],2009,[Not Available],[Not Available],R0,6th,T2,N0,M0,Stage IB,[Not Applicable],[Not Applicable],[Not Applicable],[Not Applicable],NO,[Not Available],[Not Available],[Not Available],[Not Available],[Not Available],YES,NO,[Not Available],YES,[Not Available],YES,[Not Available],1,No,[Not Available],[Not Available],[Not Available],[Not Available],[Not Available],[Not Available],[Not Available],[Not Available],[Not Available],[Not Available],[Not Available],72,[Not Applicable],0,[Not Available],[Not Available],[Not Available],[Not Available],[Not Applicable],[Not Available],[Not Available],[Not Available],[Not Available],C34.1,8255/3,C34.1,YES,[Not Available],[Not Available],[Not Available],[Not Available],[Not Available],50,0:LIVING,47.37,1:Recurred/Progressed,15.67,matched
TCGA-55-1592-01Z-00-DX1.ee15e261-2f9c-4a93-a19f-27cb1c3bae15,TCGA-55-1592-01,TCGA-55-1592,1.7778500173950607,stroma-low,34.92330076265179,34.92330076265179,5.193664147490147,64.0009362,35.99906379890711,10,7,7,7,7,10,3,0.3599906379890711,0.3737734832897796,34.92330076265179,5.193664147490147,16.85359093,0.8401651582994665,78.065856,a41c46da-7ed4-4192-bd16-b3cbb94a5133,TCGA-55-1592,3/15/11 0:00,Lung Adenocarcinoma,NO,YES,Male,Lung,WHITE,NOT HISPANIC OR LATINO,[Not Available],Yes,L-Upper,[Not Available],2005,[Not Available],[Not Available],R0,[Not Available],T2,N0,M0,Stage IA,[Not Applicable],[Not Applicable],[Not Applicable],[Not Applicable],[Not Available],[Not Available],[Not Available],[Not Available],[Not Available],[Not Available],[Not Available],[Not Available],[Not Available],[Not Available],[Not Available],[Not Available],[Not Available],4,No,1957,1997,[Not Available],[Not Available],[Not Available],[Not Available],[Not Available],[Not Available],[Not Available],WITH TUMOR,[Not Available],65,[Not Applicable],0,[Not Available],[Not Available],[Not Available],[Not Available],[Not Applicable],[Not Available],[Not Available],[Not Available],[Not Available],C34.1,8140/3,C34.1,YES,[Not Available],[Not Available],[Not Available],[Not Available],[Not Available],55,1:DECEASED,23.03,1:Recurred/Progressed,14.85,matched
TCGA-55-1594-01Z-00-DX1.bd90c500-7c0b-4c45-a3f7-2d9177384b1d,TCGA-55-1594-01,TCGA-55-1594,2.261713506585284,stroma-low,20.734763111068563,20.734763111068563,2.2930190954218546,69.34126807946083,30.65873192053918,2,2,2,2,2,2,0,0.3065873192053918,0.3100522960757524,20.734763111068563,2.2930190954218546,,0.9883729118951559,175.019805,6d72de06-232a-4983-a06c-eba6d82cb3f1,TCGA-55-1594,9/14/10 0:00,Lung Adenocarcinoma,NO,YES,Male,Lung,WHITE,NOT HISPANIC OR LATINO,[Not Available],No,R-Lower,[Not Available],2005,[Not Available],[Not Available],R0,[Not Available],T2,N2,M0,Stage IIIA,[Not Applicable],[Not Applicable],[Not Applicable],[Not Applicable],[Not Available],[Not Available],[Not Available],[Not Available],[Not Available],[Not Available],[Not Available],[Not Available],[Not Available],[Not Available],[Not Available],[Not Available],[Not Available],2,No,1965,[Not Available],[Not Available],[Not Available],[Not Available],[Not Available],[Not Available],[Not Available],[Not Available],TUMOR FREE,[Not Available],68,[Not Applicable],0,[Not Available],[Not Available],[Not Available],[Not Available],[Not Applicable],[Not Available],[Not Available],[Not Available],[Not Available],C34.3,8140/3,C34.3,YES,[Not Available],[Not Available],[Not Available],[Not Available],[Not Available],55,0:LIVING,38.7,0:DiseaseFree,38.7,matched
TCGA-55-6975-01Z-00-DX1.2762a872-b1c3-47fd-8ed5-b715a5b20163,TCGA-55-6975-01,TCGA-55-6975,0.5874316044387206,stroma-high,1.1863099587700532,1.1863099587700532,0.529795862,37.00515995751659,62.99484004248341,12,1,1,1,1,12,17,0.6299484004248341,0.6307453822450292,1.1863099587700532,0.529795862,0.49537651356006196,0.9463013693787549,22.485825,a046888c-f153-4f35-a1b6-23dd1691a91a,TCGA-55-6975,7/27/11 0:00,Lung Adenocarcinoma,NO,YES,Male,Lung,WHITE,NOT HISPANIC OR LATINO,[Not Available],No,L-Lower,[Not Available],2004,[Not Available],[Not Available],[Not Available],6th,T2,N1,M0,Stage IIB,[Not Applicable],[Not Applicable],[Not Applicable],[Not Applicable],[Not Available],[Not Available],[Not Available],[Not Available],[Not Available],[Not Available],NO,[Not Available],[Not Available],NO,[Not Available],NO,[Not Available],4,No,[Not Available],2004,[Not Available],[Not Available],[Not Available],[Not Available],[Not Available],[Not Available],[Not Available],WITH TUMOR,[Not Available],61,[Not Applicable],0,[Not Available],[Not Available],[Not Available],[Not Available],[Not Applicable],[Not Available],[Not Available],[Not Available],[Not Available],C34.3,8255/3,C34.3,YES,[Not Available],[Not Available],[Not Available],[Not Available],[Not Available],55,1:DECEASED,3.88,[Not Available],[Not Available],matched
TCGA-55-6980-01Z-00-DX1.2f1d1858-42b9-4e3b-966d-2f3f429570a6,TCGA-55-6980-01,TCGA-55-6980,0.5336069365345167,stroma-high,9.807246229537139,9.807246229537139,8.838278996700463,34.794243806715265,65.20575619328474,22,7,7,7,7,22,16,0.6520575619328474,0.6390891976055999,9.807246229537139,8.838278996700463,5.573339875421868,0.9244451530985047,128.680524,2f0710f4-827b-45b2-9b7e-c27385b481a7,TCGA-55-6980,7/27/11 0:00,Lung Adenocarcinoma,NO,YES,Male,Lung,WHITE,[Not Available],[Not Available],No,R-Lower,[Not Available],2006,[Not Available],[Not Available],R0,6th,T1,N0,M0,Stage IA,[Not Applicable],[Not Applicable],[Not Applicable],[Not Applicable],[Not Available],[Not Available],[Not Available],[Not Available],[Not Available],[Not Available],NO,[Not Available],[Not Available],NO,[Not Available],NO,[Not Available],1,No,[Not Available],[Not Available],[Not Available],[Not Available],[Not Available],[Not Available],[Not Available],[Not Available],[Not Available],TUMOR FREE,[Not Available],56,[Not Applicable],0,[Not Available],[Not Available],[Not Available],[Not Available],[Not Applicable],[Not Available],[Not Available],[Not Available],[Not Available],C34.3,8252/3,C34.3,YES,[Not Available],[Not Available],[Not Available],[Not Available],[Not Available],55,0:LIVING,69.28,0:DiseaseFree,69.28,matched
TCGA-55-7903-01Z-00-DX1.40fc5dcb-b5bb-46b4-90bd-2eeb3ea880f5,TCGA-55-7903-01,TCGA-55-7903,3.451374785364296,stroma-low,7.566129682984527,7.566129682984527,2.4104390429294376,77.53503022733771,22.46496977266229,1,1,1,1,1,1,0,0.22464969772662288,0.2243563808014768,7.566129682984527,2.4104390429294376,,0.9153998672975519,18.641673,77c4dbb2-eceb-4e0d-bcde-63dc817d5f35,TCGA-55-7903,3/10/12 0:00,Lung Adenocarcinoma,YES,NO,Male,Lung,WHITE,NOT HISPANIC OR LATINO,[Not Available],No,R-Lower,[Not Available],2011,[Not Available],[Not Available],R0,7th,T1b,N0,MX,Stage IA,[Not Applicable],[Not Applicable],[Not Applicable],[Not Applicable],YES,66,[Not Available],63,[Not Available],83,NO,[Not Available],[Not Available],NO,[Not Available],NO,[Not Available],2,No,[Not Available],[Not Available],40,[Not Available],[Not Available],[Not Available],[Not Available],[Not Available],[Not Available],TUMOR FREE,[Not Available],64,[Not Applicable],0,[Not Available],[Not Available],[Not Available],[Not Available],[Not Applicable],[Not Available],[Not Available],[Not Available],[Not Available],C34.3,8140/3,C34.3,YES,[Not Available],[Not Available],[Not Available],[Not Available],[Not Available],55,0:LIVING,18.63,0:DiseaseFree,18.63,matched
TCGA-55-7907-01Z-00-DX1.f5a264f5-3926-4d09-82f3-cd38d554f3db,TCGA-55-7907-01,TCGA-55-7907,0.6571260533041849,stroma-high,32.79216977661455,32.79216977661455,14.917381563000074,39.65456049610257,60.345439503897424,19,6,6,6,6,19,18,0.6034543950389742,0.6218503000655567,32.79216977661455,14.917381563000074,20.343517613241342,0.9551810030514511,37.948679999999996,bf755bc2-b7aa-4c3c-8b3c-58b089b5cab6,TCGA-55-7907,3/10/12 0:00,Lung Adenocarcinoma,YES,NO,Male,Lung,WHITE,NOT HISPANIC OR LATINO,[Not Available],No,L-Upper,[Not Available],2011,[Not Available],[Not Available],R0,7th,T2a,N1,MX,Stage IIA,[Not Applicable],[Not Applicable],[Not Applicable],[Not Applicable],YES,76,87,75,80,75,[Not Available],[Not Available],[Not Available],[Not Available],[Not Available],[Not Available],[Not Available],3,No,1954,1994,80,[Not Available],[Not Available],[Not Available],[Not Available],[Not Available],[Not Available],TUMOR FREE,[Not Available],77,[Not Applicable],0,[Not Available],[Not Available],[Not Available],[Not Available],[Not Applicable],[Not Available],[Not Available],[Not Available],[Not Available],C34.1,8140/3,C34.1,YES,[Not Available],[Not Available],[Not Available],[Not Available],[Not Available],55,1:DECEASED,11.27,1:Recurred/Progressed,9.66,matched
TCGA-55-8090-01Z-00-DX1.83f86d5f-7cb9-443a-a812-b19ba4aea836,TCGA-55-8090-01,TCGA-55-8090,1.538406527624976,stroma-low,21.442579945504466,21.442579945504466,7.786980716432164,60.605206884035404,39.394793115964596,4,2,2,2,2,4,2,0.39394793115964594,0.3979146509958841,21.442579945504466,7.786980716432164,8.786223669,0.7601990052543277,17.520462000000002,4d51ee44-e6f4-4bcb-be28-e9df54b39a8d,TCGA-55-8090,7/8/12 0:00,Lung Adenocarcinoma,YES,NO,Male,Lung,WHITE,NOT HISPANIC OR LATINO,[Not Available],"Yes, History of Synchronous/Bilateral Malignancy",R-Lower,[Not Available],2011,[Not Available],[Not Available],R0,7th,T1a,N0,M0,Stage IA,[Not Applicable],[Not Applicable],[Not Applicable],[Not Applicable],YES,83,6,103,4,58,[Not Available],[Not Available],[Not Available],[Not Available],[Not Available],[Not Available],[Not Available],2,No,[Not Available],[Not Available],[Not Available],[Not Available],[Not Available],[Not Available],[Not Available],[Not Available],Complete Remission/Response,WITH TUMOR,NO,80,[Not Applicable],0,[Not Available],[Not Available],[Not Available],[Not Available],[Not Applicable],[Not Available],[Not Available],[Not Available],[Not Available],C34.3,8140/3,C34.3,YES,[Not Available],[Not Available],[Not Available],[Not Available],[Not Available],55,1:DECEASED,19.65,1:Recurred/Progressed,18,matched
TCGA-55-8302-01Z-00-DX1.E0C2B152-BBA9-4AA7-9E6B-BD57B68163CB,TCGA-55-8302-01,TCGA-55-8302,0.7544272943667378,stroma-high,12.740047158982733,12.740047158982733,5.823284477173378,43.00134276,56.99865724,6,2,2,2,2,6,5,0.569986572,0.5753307385591208,12.740047158982733,5.823284477173378,2.6077779186695866,0.8951633810172779,14.347584000000001,807cc7d2-6e3b-4f2d-9531-0da994eeeada,TCGA-55-8302,12/3/12 0:00,Lung Adenocarcinoma,YES,NO,Male,Lung,WHITE,[Not Available],[Not Available],No,R-Lower,[Not Available],2012,[Not Available],[Not Available],R0,7th,T2,N0,MX,Stage IB,[Not Applicable],[Not Applicable],[Not Applicable],[Not Applicable],[Not Available],[Not Available],[Not Available],[Not Available],[Not Available],[Not Available],[Not Available],[Not Available],[Not Available],[Not Available],[Not Available],[Not Available],[Not Available],2,No,1965,[Not Available],59,[Not Available],[Not Available],[Not Available],NO,[Not Available],Complete Remission/Response,TUMOR FREE,NO,54,[Not Applicable],0,[Not Available],[Not Available],[Not Available],[Not Available],[Not Applicable],[Not Available],[Not Available],[Not Available],[Not Available],C34.3,8140/3,C34.3,YES,[Not Available],[Not Available],[Not Available],[Not Available],NO,55,0:LIVING,15.7,0:DiseaseFree,15.7,matched
TCGA-55-8614-01Z-00-DX1.043DE2B5-A453-4570-8830-99170450658C,TCGA-55-8614-01,TCGA-55-8614,0.44750578737279684,stroma-high,3.430614210136068,3.430614210136068,1.0025609181361317,30.91564754190128,69.08435245809872,18,5,5,5,5,18,14,0.6908435245809872,0.6932443468129779,3.430614210136068,1.0025609181361317,3.302580379745732,0.9874918314487493,34.856109000000004,a8de1beb-6296-44eb-bd63-c603f70faaf3,TCGA-55-8614,1/11/13 0:00,Lung Adenocarcinoma,YES,NO,Male,Lung,WHITE,NOT HISPANIC OR LATINO,[Not Available],No,L-Upper,[Not Available],2011,[Not Available],[Not Available],R0,7th,T2a,N0,MX,Stage IB,[Not Applicable],[Not Applicable],[Not Applicable],[Not Applicable],YES,94,[Not Available],[Not Available],[Not Available],113,[Not Available],[Not Available],[Not Available],[Not Available],[Not Available],[Not Available],[Not Available],3,No,[Not Available],1995,40,[Not Available],[Not Available],[Not Available],NO,[Not Available],Complete Remission/Response,TUMOR FREE,NO,76,[Not Applicable],0,[Not Available],[Not Available],[Not Available],[Not Available],[Not Applicable],[Not Available],[Not Available],[Not Available],[Not Available],C34.1,8140/3,C34.1,YES,[Not Available],[Not Available],[Not Available],[Not Available],NO,55,0:LIVING,17.61,0:DiseaseFree,17.61,matched
TCGA-55-A4DF-01Z-00-DX1.C945E1AD-BEF4-403F-BB11-BAC831D24CDA,TCGA-55-A4DF-01,TCGA-55-A4DF,0.9579566830535019,stroma-high,11.688885992671597,11.688885992671597,5.063045790479194,48.92634711200735,51.07365288799265,5,4,4,4,4,5,1,0.5107365288799265,0.5094110402028942,11.688885992671597,5.063045790479194,0,0.8830860921942091,17.754561,362000E4-CF7C-48FC-93CC-8F5994B442EA,TCGA-55-A4DF,1/25/13 0:00,Lung Adenocarcinoma,YES,NO,Male,Lung,WHITE,NOT HISPANIC OR LATINO,[Not Available],"Yes, History of Synchronous/Bilateral Malignancy",R-Lower,[Not Available],2012,[Not Available],[Not Available],R0,7th,T1b,N0,MX,Stage IA,[Not Applicable],[Not Applicable],[Not Applicable],[Not Applicable],YES,47,58,[Not Available],[Not Available],82,[Not Available],[Not Available],[Not Available],[Not Available],[Not Available],[Not Available],[Not Available],3,No,[Not Available],1984,60,[Not Available],[Not Available],[Not Available],NO,[Not Available],Complete Remission/Response,TUMOR FREE,NO,88,[Not Applicable],0,[Not Available],[Not Available],[Not Available],[Not Available],[Not Applicable],[Not Available],[Not Available],[Not Available],[Not Available],C34.3,8140/3,C34.3,YES,[Not Available],[Not Available],[Not Available],[Not Available],NO,55,1:DECEASED,20.17,1:Recurred/Progressed,16.92,matched
TCGA-55-A4DG-01Z-00-DX1.9CE9B7BE-48EF-44F1-9C25-F15700A3E5DE,TCGA-55-A4DG-01,TCGA-55-A4DG,0.29554791665396307,stroma-high,3.1347467917192695,3.1347467917192695,2.9808691554512583,22.81258090532695,77.18741909467306,10,2,2,2,2,10,10,0.7718741909467306,0.770869569,3.1347467917192695,2.9808691554512583,0.2832809638964224,0.8911907920433098,12.924729,3E34C7D9-90FA-41E2-BA6B-4BBC332ADC4E,TCGA-55-A4DG,1/25/13 0:00,Lung Adenocarcinoma,YES,NO,Male,Lung,WHITE,NOT HISPANIC OR LATINO,[Not Available],No,R-Upper,[Not Available],2012,[Not Available],[Not Available],R0,7th,T1b,N0,MX,Stage IA,[Not Applicable],[Not Applicable],[Not Applicable],[Not Applicable],YES,[Not Available],[Not Available],73,[Not Available],61,[Not Available],[Not Available],[Not Available],[Not Available],[Not Available],[Not Available],[Not Available],4,No,[Not Available],2012,100,[Not Available],[Not Available],[Not Available],NO,[Not Available],Complete Remission/Response,TUMOR FREE,NO,71,[Not Applicable],0,[Not Available],[Not Available],[Not Available],[Not Available],[Not Applicable],[Not Available],[Not Available],[Not Available],[Not Available],C34.1,8140/3,C34.1,YES,[Not Available],[Not Available],[Not Available],[Not Available],NO,55,0:LIVING,19.97,0:DiseaseFree,19.97,matched
TCGA-62-A471-01Z-00-DX1.51A235BB-7F67-4C0D-8B15-2E26116D8822,TCGA-62-A471-01,TCGA-62-A471,2.4939102566637716,stroma-low,36.36642289626837,36.36642289626837,9.792986372,71.37877259,28.621227408252594,36,5,5,5,5,36,47,0.2862122740825259,0.3274176002276521,36.36642289626837,9.792986372,23.103312562644003,0.9130938853081311,125.4859672,0075437E-BA1A-46BE-86D6-9773209A2B5E,TCGA-62-A471,10/30/12 0:00,Lung Adenocarcinoma,NO,YES,Male,Lung,WHITE,NOT HISPANIC OR LATINO,[Not Available],No,L-Upper,Peripheral Lung,2010,[Not Available],[Not Available],R0,7th,T2b,N1,M0,Stage IIB,[Not Applicable],[Not Applicable],[Not Applicable],[Not Applicable],YES,104,[Not Available],75,[Not Available],[Not Available],NO,[Not Available],[Not Available],NO,[Not Available],NO,[Not Available],4,No,[Not Available],2006,30,100,0,Preoperative,NO,[Not Available],Complete Remission/Response,TUMOR FREE,NO,64,[Not Applicable],0,[Not Available],[Not Available],[Not Available],[Not Available],[Not Applicable],[Not Available],[Not Available],[Not Available],[Not Available],C34.1,8140/3,C34.1,YES,[Not Available],[Not Available],[Not Available],[Not Available],YES,62,0:LIVING,40.93,0:DiseaseFree,40.93,matched
TCGA-62-A472-01Z-00-DX1.C2F76C9A-C51A-4521-9B95-2A20063E9931,TCGA-62-A472-01,TCGA-62-A472,1.0202108399920662,stroma-low,25.736783964895977,25.736783964895977,19.71552831311482,50.500216105962124,49.49978389403787,19,4,4,4,4,19,22,0.4949978389403787,0.45641041017062334,25.736783964895977,19.71552831311482,15.194961532396563,0.9351654516297861,195.22789687499997,E499069B-A16A-49E9-941A-E3E9EA62AF25,TCGA-62-A472,10/30/12 0:00,Lung Adenocarcinoma,NO,YES,Male,Lung,WHITE,NOT HISPANIC OR LATINO,[Not Available],No,R-Lower,Central Lung,2011,[Not Available],[Not Available],R0,7th,T3,N0,M0,Stage IIB,[Not Applicable],[Not Applicable],[Not Applicable],[Not Applicable],YES,87,[Not Available],70,[Not Available],[Not Available],NO,[Not Available],[Not Available],NO,[Not Available],NO,[Not Available],2,No,[Not Available],[Not Available],60,80,1,Preoperative,NO,[Not Available],Complete Remission/Response,WITH TUMOR,YES,70,[Not Applicable],0,[Not Available],[Not Available],[Not Available],[Not Available],[Not Applicable],[Not Available],[Not Available],[Not Available],[Not Available],C34.3,8140/3,C34.3,YES,[Not Available],[Not Available],[Not Available],[Not Available],NO,62,0:LIVING,29.89,1:Recurred/Progressed,9.53,matched
TCGA-64-5775-01Z-00-DX1.9A338C1A-CDB6-41AF-B6D5-EDE608B5E3E1,TCGA-64-5775-01,TCGA-64-5775,1.8286391780399847,stroma-low,2.182086745321237,2.182086745321237,4.370283990036747,64.64731140813379,35.35268859186622,16,3,3,3,3,16,15,0.35352688591866216,0.34542907034727094,2.182086745321237,4.370283990036747,0.6929773190592168,0.807252886,105.48383749999999,c8544fb3-b26e-4672-bb81-a271db724b04,TCGA-64-5775,5/2/11 0:00,Lung Adenocarcinoma,NO,YES,Male,Lung,WHITE,NOT HISPANIC OR LATINO,[Not Available],No,L-Upper,[Not Available],2005,[Not Available],[Not Available],R0,[Not Available],T4,N0,M0,Stage IIIA,[Not Applicable],[Not Applicable],[Not Applicable],[Not Applicable],[Not Available],[Not Available],[Not Available],[Not Available],[Not Available],[Not Available],[Not Available],[Not Available],[Not Available],[Not Available],[Not Available],[Not Available],[Not Available],2,Yes,1950,[Not Available],110,[Not Available],[Not Available],[Not Available],[Not Available],[Not Available],[Not Available],WITH TUMOR,[Not Available],71,[Not Applicable],0,[Not Available],[Not Available],[Not Available],[Not Available],[Not Applicable],[Not Available],[Not Available],[Not Available],[Not Available],C34.1,8140/3,C34.1,YES,[Not Available],[Not Available],[Not Available],[Not Available],[Not Available],64,1:DECEASED,2.04,[Not Available],[Not Available],matched
TCGA-64-5815-01Z-00-DX1.1E3600B5-7E83-47BE-AC70-E0C2D623740B,TCGA-64-5815-01,TCGA-64-5815,0.29821062135711135,stroma-high,3.8528463198294394,3.8528463198294394,3.8255720112336995,22.970896744425854,77.02910325557414,49,3,3,3,3,49,70,0.7702910325557414,0.7692432095747623,3.8528463198294394,3.8255720112336995,3.1545893186418352,0.9916541488749729,50.80395988,a65700c2-e58c-4fd4-aeb1-5686b8f4d212,TCGA-64-5815,5/2/11 0:00,Lung Adenocarcinoma,NO,YES,Male,Lung,WHITE,NOT HISPANIC OR LATINO,[Not Available],No,R-Upper,Central Lung,2009,[Not Available],[Not Available],R0,6th,T2,N1,M0,Stage IIB,[Not Applicable],[Not Applicable],[Not Applicable],[Not Applicable],YES,89,[Not Available],76,[Not Available],87,YES,[Not Available],[Not Available],YES,[Not Available],[Not Available],[Not Available],3,No,[Not Available],1985,30,[Not Available],[Not Available],[Not Available],[Not Available],[Not Available],[Not Available],TUMOR FREE,[Not Available],74,[Not Applicable],0,[Not Available],[Not Available],[Not Available],[Not Available],[Not Applicable],[Not Available],[Not Available],[Not Available],[Not Available],C34.1,8255/3,C34.1,YES,[Not Available],[Not Available],[Not Available],[Not Available],[Not Available],64,0:LIVING,28.45,0:DiseaseFree,28.45,matched
TCGA-69-7978-01Z-00-DX1.90a2bf2f-18e2-4bfe-b858-d2de619e2493,TCGA-69-7978-01,TCGA-69-7978,1.2364333525982567,stroma-low,16.23181863254995,16.23181863254995,7.867624040499358,55.285946758117596,44.71405324,20,6,6,6,6,20,18,0.44714053241882395,0.4395870149662811,16.23181863254995,7.867624040499358,3.7181570955663474,0.9205322940540963,233.064036,f462cfef-f60a-4d3e-b92d-b8d8f50b6bb3,TCGA-69-7978,4/9/12 0:00,Lung Adenocarcinoma,NO,YES,Male,Lung,WHITE,NOT HISPANIC OR LATINO,[Not Available],No,R-Upper,Peripheral Lung,2011,[Not Available],[Not Available],[Not Available],7th,T2b,N1,MX,Stage IIB,[Not Applicable],[Not Applicable],[Not Applicable],[Not Applicable],YES,67,75,88,91,[Not Available],[Not Available],[Not Available],[Not Available],YES,Other,[Not Available],[Not Available],2,No,[Not Available],[Not Available],80,[Not Available],[Not Available],[Not Available],[Not Available],[Not Available],[Not Available],WITH TUMOR,[Not Available],59,[Not Applicable],0,[Not Available],[Not Available],[Not Available],[Not Available],[Not Applicable],[Not Available],[Not Available],[Not Available],[Not Available],C34.1,8255/3,C34.1,YES,[Not Available],[Not Available],[Not Available],[Not Available],[Not Available],69,0:LIVING,4.4,0:DiseaseFree,4.4,matched
TCGA-73-4675-01Z-00-DX1.1027587f-8ec4-4b8c-8768-ff7b669683e0,TCGA-73-4675-01,TCGA-73-4675,1.8821130084365254,stroma-low,48.206116800402164,48.206116800402164,16.306215793904318,65.30323422180884,34.69676577819116,49,15,15,15,15,49,45,0.3469676577819116,0.36129899739963317,48.206116800402164,16.306215793904318,58.30964558865276,0.9365828118429659,221.40837,ae39e358-08d7-4367-ae68-82b469e791e4,TCGA-73-4675,1/7/11 0:00,Lung Adenocarcinoma,NO,YES,Male,Lung,WHITE,NOT HISPANIC OR LATINO,[Not Available],No,L-Lower,Peripheral Lung,2010,[Not Available],[Not Available],RX,7th,T3,N1,M0,Stage IIIA,[Not Applicable],[Not Applicable],[Not Applicable],[Not Applicable],YES,66,[Not Available],55,[Not Available],69,NO,[Not Available],[Not Available],NO,[Not Available],NO,[Not Available],4,No,1969,2010,41,[Not Available],0,Pre-Adjuvant Therapy,[Not Available],[Not Available],[Not Available],TUMOR FREE,[Not Available],59,[Not Applicable],0,[Not Available],[Not Available],[Not Available],[Not Available],[Not Applicable],[Not Available],[Not Available],[Not Available],[Not Available],C34.3,8140/3,C34.3,YES,[Not Available],[Not Available],[Not Available],[Not Available],[Not Available],73,1:DECEASED,30.29,1:Recurred/Progressed,11.86,matched
TCGA-73-4676-01Z-00-DX1.4d781bbc-a45e-4f9d-b6b6-2265282dff99,TCGA-73-4676-01,TCGA-73-4676,1.923894048412514,stroma-low,66.18397698586315,66.18397698586315,5.409775086258521,65.79903432058575,34.20096567941426,34,12,12,12,12,34,25,0.3420096567941426,0.3795438879731493,66.18397698586315,5.409775086258521,93.82988018632281,0.928625332,354.35195999999996,195a5afb-b79f-44d2-9d12-884487630c2b,TCGA-73-4676,5/18/11 0:00,Lung Adenocarcinoma,NO,YES,Male,Lung,WHITE,NOT HISPANIC OR LATINO,[Not Available],No,R-Upper,Peripheral Lung,2010,[Not Available],[Not Available],R0,7th,T2a,N1,M0,Stage IIA,[Not Applicable],[Not Applicable],[Not Applicable],[Not Applicable],YES,78,[Not Available],67,[Not Available],86,NO,[Not Available],[Not Available],NO,[Not Available],NO,[Not Available],4,Yes,1977,2009,48,70,1,Preoperative,[Not Available],[Not Available],[Not Available],TUMOR FREE,[Not Available],45,[Not Applicable],0,[Not Available],[Not Available],[Not Available],[Not Available],[Not Applicable],[Not Available],[Not Available],[Not Available],[Not Available],C34.1,8140/3,C34.1,YES,[Not Available],[Not Available],[Not Available],[Not Available],[Not Available],73,1:DECEASED,9.23,[Not Available],[Not Available],matched
TCGA-78-7148-01Z-00-DX1.aac94f79-77f2-45e6-b0c3-0b103fecbb22,TCGA-78-7148-01,TCGA-78-7148,0.46429716193375714,stroma-high,15.917551358531837,15.917551358531837,7.192940207,31.707850974771016,68.29214902522898,54,11,11,11,11,54,62,0.6829214902522898,0.6890739818995195,15.917551358531837,7.192940207,18.336669309346213,0.8186742892472704,101.327904,e8060c45-451d-4779-9584-f284db47e63e,TCGA-78-7148,10/4/11 0:00,Lung Adenocarcinoma,NO,YES,Male,Lung,WHITE,[Not Available],[Not Available],No,L-Upper,Peripheral Lung,2001,[Not Available],[Not Available],R0,6th,T2,N1,M0,Stage IIB,[Not Applicable],[Not Applicable],[Not Applicable],[Not Applicable],[Not Available],[Not Available],[Not Available],[Not Available],[Not Available],[Not Available],NO,[Not Available],[Not Available],NO,[Not Available],NO,[Not Available],2,No,1944,[Not Available],57,[Not Available],0,Preoperative,[Not Available],[Not Available],[Not Available],[Not Available],[Not Available],71,[Not Applicable],0,[Not Available],[Not Available],[Not Available],[Not Available],[Not Applicable],[Not Available],[Not Available],[Not Available],[Not Available],C34.1,8255/3,C34.1,YES,[Not Available],[Not Available],[Not Available],[Not Available],[Not Available],78,1:DECEASED,20.57,1:Recurred/Progressed,5.98,matched
TCGA-78-7155-01Z-00-DX1.32258467-7550-4a1b-8df9-a869fb83e559,TCGA-78-7155-01,TCGA-78-7155,4.170004657353219,stroma-low,37.93401967256049,37.93401967256049,12.702332144079994,80.65765765650298,19.342342343497027,1,1,1,1,1,1,0,0.19342342343497027,0.18225671725105072,37.93401967256049,12.702332144079994,,0.9732748633034061,148.911606,fc79086c-af9a-4c27-b074-f7050b6f3381,TCGA-78-7155,9/28/11 0:00,Lung Adenocarcinoma,NO,YES,Male,Lung,WHITE,[Not Available],[Not Available],No,L-Upper,Peripheral Lung,2005,[Not Available],[Not Available],R0,6th,T2,N0,M0,Stage IB,[Not Applicable],[Not Applicable],[Not Applicable],[Not Applicable],[Not Available],[Not Available],[Not Available],[Not Available],[Not Available],[Not Available],NO,[Not Available],[Not Available],NO,[Not Available],NO,[Not Available],4,No,1957,2005,48,[Not Available],0,Preoperative,[Not Available],[Not Available],[Not Available],[Not Available],[Not Available],68,[Not Applicable],0,[Not Available],[Not Available],[Not Available],[Not Available],[Not Applicable],[Not Available],[Not Available],[Not Available],[Not Available],C34.1,8140/3,C34.1,YES,[Not Available],[Not Available],[Not Available],[Not Available],[Not Available],78,1:DECEASED,38.47,1:Recurred/Progressed,6.87,matched
TCGA-78-8640-01Z-00-DX1.6F929E56-34D5-45A6-8A9E-ACB4B88A68B1,TCGA-78-8640-01,TCGA-78-8640,1.2086704545777627,stroma-low,19.869272999846416,19.869272999846416,6.587965763879184,54.72389292266905,45.27610707733095,62,19,19,19,19,62,56,0.4527610707733095,0.4581152209995845,19.869272999846416,6.587965763879184,9.822971063310376,0.949457327,280.11578399999996,18478121-f1d1-4bdd-9511-8ab22f4a0660,TCGA-78-8640,10/23/12 0:00,Lung Adenocarcinoma,NO,YES,Male,Lung,[Not Available],[Not Available],[Not Available],No,L-Upper,Peripheral Lung,1994,[Not Available],[Not Available],R0,6th,T1,N1,M0,Stage IIA,[Not Applicable],[Not Applicable],[Not Applicable],[Not Applicable],YES,66,[Not Available],73,[Not Available],[Not Available],NO,[Not Available],[Not Available],NO,[Not Available],NO,[Not Available],2,No,1949,[Not Available],45,[Not Available],0,Preoperative,NO,[Not Available],Complete Remission/Response,TUMOR FREE,NO,59,[Not Applicable],0,[Not Available],[Not Available],[Not Available],[Not Available],[Not Applicable],[Not Available],[Not Available],[Not Available],[Not Available],C34.1,8140/3,C34.1,YES,[Not Available],[Not Available],[Not Available],[Not Available],NO,78,0:LIVING,232,0:DiseaseFree,232,matched
TCGA-78-8660-01Z-00-DX1.11E923ED-C01B-439D-8796-08C9E3DC2D93,TCGA-78-8660-01,TCGA-78-8660,1.2475670821475648,stroma-low,15.915992871780427,15.915992871780427,3.4438579340387236,55.50744589814451,44.49255410185548,36,22,21,22,22,36,16,0.4449255410185548,0.4507279613792711,15.915992871780427,3.4438579340387236,12.155433205414921,0.9997739029120549,253.91584799999998,781f40c9-c099-4c96-8269-ebe2a449c93d,TCGA-78-8660,10/23/12 0:00,Lung Adenocarcinoma,NO,YES,Male,Lung,[Not Available],[Not Available],[Not Available],"Yes, History of Prior Malignancy",R-Lower,Peripheral Lung,2005,[Not Available],[Not Available],R0,6th,T2,N1,M0,Stage IIB,[Not Applicable],[Not Applicable],[Not Applicable],[Not Applicable],YES,108,[Not Available],72,[Not Available],87,NO,[Not Available],[Not Available],NO,[Not Available],NO,[Not Available],4,No,1954,2005,11,[Not Available],1,Preoperative,YES,[Not Available],[Not Available],WITH TUMOR,YES,69,[Not Applicable],0,[Not Available],[Not Available],[Not Available],[Not Available],[Not Applicable],[Not Available],[Not Available],[Not Available],[Not Available],C34.3,8140/3,C34.3,YES,[Not Available],[Not Available],[Not Available],[Not Available],NO,78,1:DECEASED,10.55,1:Recurred/Progressed,7.95,matched
TCGA-80-5611-01Z-00-DX1.31920706-8AF4-46D2-B1D4-7DD5AF4AAC77,TCGA-80-5611-01,TCGA-80-5611,2.2210213892237367,stroma-low,44.88751702769602,44.88751702769602,15.66438440115874,68.95394724,31.046052762816302,5,3,3,3,3,5,2,0.310460528,0.3081997251037123,44.88751702769602,15.66438440115874,74.77786825570752,0.8865808701739701,68.41497600000001,e51f717f-72e8-400e-9f35-fc5dc32fdf71,TCGA-80-5611,7/26/11 0:00,Lung Adenocarcinoma,NO,YES,Male,Lung,[Not Available],[Not Available],[Not Available],Yes,L-Upper,Peripheral Lung,[Not Available],[Not Available],[Not Available],R0,6th,T2,N0,M0,Stage IB,[Not Applicable],[Not Applicable],[Not Applicable],[Not Applicable],[Not Available],[Not Available],[Not Available],[Not Available],[Not Available],[Not Available],[Not Available],[Not Available],[Not Available],[Not Available],[Not Available],[Not Available],[Not Available],4,No,[Not Available],2008,60,[Not Available],0,Preoperative,[Not Available],[Not Available],[Not Available],TUMOR FREE,[Not Available],,[Not Applicable],[Not Available],[Not Available],[Not Available],[Not Available],[Not Available],[Not Applicable],[Not Available],[Not Available],[Not Available],[Not Available],C34.1,8230/3,C34.1,YES,[Not Available],[Not Available],[Not Available],[Not Available],[Not Available],80,0:LIVING,85.25,0:DiseaseFree,85.25,matched
TCGA-86-7955-01Z-00-DX1.ef4f4d94-5efb-4a07-97cf-b0ed69085827,TCGA-86-7955-01,TCGA-86-7955,2.637092642434791,stroma-low,27.622535868688292,27.622535868688292,6.950345346891182,72.50551200338504,27.494487996614975,39,27,26,27,27,39,15,0.27494487996614975,0.29412387090318565,27.622535868688292,6.950345346891182,24.512964059575857,0.7713493808989226,97.55767800000002,0d0d83d9-d558-4d38-977b-6f1b2471beda,TCGA-86-7955,3/14/12 0:00,Lung Adenocarcinoma,YES,NO,Male,Lung,WHITE,NOT HISPANIC OR LATINO,[Not Available],No,R-Lower,Peripheral Lung,2011,[Not Available],[Not Available],RX,7th,T2a,N0,M0,Stage IB,[Not Applicable],[Not Applicable],[Not Applicable],[Not Applicable],NO,[Not Available],[Not Available],[Not Available],[Not Available],[Not Available],NO,[Not Available],[Not Available],NO,[Not Available],[Not Available],[Not Available],1,No,[Not Available],[Not Available],[Not Available],90,1,[Not Available],[Not Available],[Not Available],[Not Available],TUMOR FREE,[Not Available],62,[Not Applicable],0,[Not Available],[Not Available],[Not Available],[Not Available],[Not Applicable],[Not Available],[Not Available],[Not Available],[Not Available],C34.3,8140/3,C34.3,YES,[Not Available],[Not Available],[Not Available],[Not Available],[Not Available],86,0:LIVING,35.22,1:Recurred/Progressed,26.94,matched
TCGA-86-8055-01Z-00-DX1.546dc42e-3742-4da5-8f9b-80732180ce76,TCGA-86-8055-01,TCGA-86-8055,0.3495179626118327,stroma-high,10.456844432375338,10.456844432375338,4.4408900345753475,25.899467239056378,74.10053276094362,14,11,11,11,11,14,3,0.7410053276094363,0.7497912455091995,10.456844432375338,4.4408900345753475,0.5250543930382955,0.8028798083142674,6.714944999999999,34d8e84e-c3e1-417d-8b9b-8563d9fa0f8e,TCGA-86-8055,5/9/12 0:00,Lung Adenocarcinoma,YES,NO,Male,Lung,WHITE,NOT HISPANIC OR LATINO,[Not Available],No,L-Upper,Peripheral Lung,2011,[Not Available],[Not Available],R0,7th,T2a,N1,M0,Stage IIA,[Not Applicable],[Not Applicable],[Not Applicable],[Not Applicable],NO,[Not Available],[Not Available],[Not Available],[Not Available],[Not Available],NO,[Not Available],[Not Available],NO,[Not Available],[Not Available],[Not Available],2,No,1955,[Not Available],60,80,2,Preoperative,[Not Available],[Not Available],[Not Available],TUMOR FREE,[Not Available],79,[Not Applicable],0,[Not Available],[Not Available],[Not Available],[Not Available],[Not Applicable],[Not Available],[Not Available],[Not Available],[Not Available],C34.1,8140/3,C34.1,YES,[Not Available],[Not Available],[Not Available],[Not Available],[Not Available],86,1:DECEASED,4.07,[Not Available],[Not Available],matched
TCGA-86-8073-01Z-00-DX1.33c016fc-5c9e-4ad6-8de2-a7f8521d205c,TCGA-86-8073-01,TCGA-86-8073,0.5796184095937692,stroma-high,5.279270939698368,5.279270939698368,4.180532820085126,36.69357143937249,63.306428560627516,13,8,8,8,8,13,5,0.6330642856062751,0.6311357891157874,5.279270939698368,4.180532820085126,1.7409597430517576,0.8266495777542562,12.850803,cd902d08-215e-4bd0-88e4-4fd01ab43cbf,TCGA-86-8073,6/13/12 0:00,Lung Adenocarcinoma,YES,NO,Male,Lung,WHITE,NOT HISPANIC OR LATINO,[Not Available],No,L-Upper,Peripheral Lung,2011,[Not Available],[Not Available],R0,7th,T2a,N0,M0,Stage IB,[Not Applicable],[Not Applicable],[Not Applicable],[Not Applicable],NO,[Not Available],[Not Available],[Not Available],[Not Available],[Not Available],NO,[Not Available],[Not Available],NO,[Not Available],NO,[Not Available],2,No,1970,[Not Available],40,[Not Available],[Not Available],[Not Available],[Not Available],[Not Available],Complete Remission/Response,TUMOR FREE,[Not Available],58,[Not Applicable],0,[Not Available],[Not Available],[Not Available],[Not Available],[Not Applicable],[Not Available],[Not Available],[Not Available],[Not Available],C34.1,8250/3,C34.1,YES,[Not Available],[Not Available],[Not Available],[Not Available],[Not Available],86,0:LIVING,24.31,0:DiseaseFree,24.31,matched
TCGA-86-8585-01Z-00-DX1.bc0b1c69-f71d-46fc-8195-2d205002e6e5,TCGA-86-8585-01,TCGA-86-8585,1.001016204507376,stroma-low,29.169270727218983,29.169270727218983,10.630324865792819,50.02539221084484,49.97460778915516,14,10,10,10,10,14,4,0.49974607789155157,0.5037534206304703,29.169270727218983,10.630324865792819,26.74578186383984,0.9659553658386869,188.843967,2f1a4b16-104c-40eb-8114-8245847bb716,TCGA-86-8585,8/30/12 0:00,Lung Adenocarcinoma,YES,NO,Male,Lung,WHITE,NOT HISPANIC OR LATINO,[Not Available],No,L-Upper,Peripheral Lung,2012,[Not Available],[Not Available],R0,7th,T2a,N0,M0,Stage IB,[Not Applicable],[Not Applicable],[Not Applicable],[Not Applicable],NO,[Not Available],[Not Available],[Not Available],[Not Available],[Not Available],NO,[Not Available],[Not Available],NO,[Not Available],[Not Available],[Not Available],1,No,[Not Available],[Not Available],[Not Available],[Not Available],[Not Available],[Not Available],[Not Available],[Not Available],Complete Remission/Response,TUMOR FREE,[Not Available],57,[Not Applicable],0,[Not Available],[Not Available],[Not Available],[Not Available],[Not Applicable],[Not Available],[Not Available],[Not Available],[Not Available],C34.1,8230/3,C34.1,YES,[Not Available],[Not Available],[Not Available],[Not Available],[Not Available],86,0:LIVING,11.6,0:DiseaseFree,11.6,matched
TCGA-86-A4JF-01Z-00-DX1.22828B15-D68E-4300-A3A8-FBC11B319BC5,TCGA-86-A4JF-01,TCGA-86-A4JF,0.9433854500634136,stroma-high,16.06767078,16.06767078,6.782953854912707,48.543403987748825,51.456596012251175,44,12,12,12,12,44,39,0.5145659601225118,0.5159433157227039,16.06767078,6.782953854912707,19.433301711752748,0.9729937362519255,156.80274699999998,E01E4FB3-236A-4D16-9073-555876B688E9,TCGA-86-A4JF,2/14/13 0:00,Lung Adenocarcinoma,YES,NO,Male,Lung,WHITE,NOT HISPANIC OR LATINO,[Not Available],No,R-Upper,Central Lung,2012,[Not Available],[Not Available],R0,7th,T3,N0,M0,Stage IIB,[Not Applicable],[Not Applicable],[Not Applicable],[Not Applicable],NO,[Not Available],[Not Available],[Not Available],[Not Available],[Not Available],NO,[Not Available],[Not Available],NO,[Not Available],NO,[Not Available],4,No,[Not Available],2012,[Not Available],90,1,Preoperative,[Not Available],[Not Available],Complete Remission/Response,TUMOR FREE,NO,56,[Not Applicable],0,[Not Available],[Not Available],[Not Available],[Not Available],[Not Applicable],[Not Available],[Not Available],[Not Available],[Not Available],C34.1,8140/3,C34.1,YES,[Not Available],[Not Available],[Not Available],[Not Available],[Not Available],86,1:DECEASED,24.21,1:Recurred/Progressed,14.32,matched
TCGA-91-A4BC-01Z-00-DX1.8D8783B1-D1BA-4970-B77B-3AED8506C487,TCGA-91-A4BC-01,TCGA-91-A4BC,1.230189421796371,stroma-low,34.15742316271751,34.15742316271751,27.17355116153971,55.16075943026755,44.83924056973245,4,2,2,2,2,4,3,0.4483924056973245,0.42458619925926466,34.15742316271751,27.17355116153971,38.06473643,0.9576149414005869,18.32436,EA0B9461-0D4D-4ADE-A255-1B03DD85E30E,TCGA-91-A4BC,2/5/13 0:00,Lung Adenocarcinoma,YES,NO,Male,Lung,WHITE,NOT HISPANIC OR LATINO,[Not Available],"Yes, History of Synchronous/Bilateral Malignancy",R-Upper,[Not Available],2012,[Not Available],[Not Available],[Not Available],7th,T2b,N0,MX,Stage IIA,[Not Applicable],[Not Applicable],[Not Applicable],[Not Applicable],YES,[Not Available],69,[Not Available],[Not Available],44,NO,[Not Available],[Not Available],NO,[Not Available],[Not Available],[Not Available],4,No,1976,2001,30,[Not Available],[Not Available],[Not Available],[Not Available],[Not Available],[Not Available],[Not Available],[Not Available],59,[Not Applicable],0,[Not Available],[Not Available],[Not Available],[Not Available],[Not Applicable],[Not Available],[Not Available],[Not Available],[Not Available],C34.1,8140/3,C34.1,YES,[Not Available],[Not Available],[Not Available],[Not Available],[Not Available],91,0:LIVING,1.45,0:DiseaseFree,1.45,matched
TCGA-93-A4JP-01Z-00-DX1.994E229B-5251-4F61-8C41-863047F3A136,TCGA-93-A4JP-01,TCGA-93-A4JP,3.057611719030483,stroma-low,12.133107837505047,12.133107837505047,6.065903809346929,75.35496076891907,24.645039231080936,8,6,5,6,6,8,2,0.24645039231080937,0.24193802546329782,12.133107837505047,6.065903809346929,0.8236160808751206,0.9435710803406044,105.5328998,30F276A8-3A4B-4DE8-AEA0-7F605D100401,TCGA-93-A4JP,2/27/14 0:00,Lung Adenocarcinoma,YES,NO,Male,Lung,ASIAN,NOT HISPANIC OR LATINO,[Not Available],No,R-Lower,[Not Available],2012,[Not Available],[Not Available],RX,7th,TX,NX,M1b,Stage IV,[Not Applicable],[Not Applicable],[Not Applicable],[Not Applicable],NO,[Not Available],[Not Available],[Not Available],[Not Available],[Not Available],NO,[Not Available],[Not Available],YES,L861Q,NO,[Not Available],1,No,[Not Available],[Not Available],[Not Available],[Not Available],0,Preoperative,NO,[Not Available],Partial Remission/Response,WITH TUMOR,NO,64,[Not Applicable],0,[Not Available],[Not Available],[Not Available],[Not Available],[Not Applicable],[Not Available],[Not Available],[Not Available],[Not Available],C34.3,8260/3,C34.3,YES,[Not Available],[Not Available],[Not Available],[Not Available],YES,93,0:LIVING,18.99,1:Recurred/Progressed,16.33,matched
TCGA-93-A4JQ-01Z-00-DX1.24573112-917C-43E9-B0FD-763C290AA88A,TCGA-93-A4JQ-01,TCGA-93-A4JQ,0.5812752202858393,stroma-high,16.40409736892291,16.40409736892291,11.14285500763987,36.75990193413421,63.24009806586578,37,11,11,11,11,37,37,0.6324009806586578,0.6264211950700935,16.40409736892291,11.14285500763987,9.099345094033328,0.9673889978303122,129.00918637499998,7093024B-CF56-4783-B973-B72573ED7F2B,TCGA-93-A4JQ,2/27/14 0:00,Lung Adenocarcinoma,YES,NO,Male,Lung,WHITE,NOT HISPANIC OR LATINO,[Not Available],"Yes, History of Prior Malignancy",R-Upper,[Not Available],2012,[Not Available],[Not Available],RX,7th,T1b,N0,MX,Stage IA,[Not Applicable],[Not Applicable],[Not Applicable],[Not Applicable],YES,93,100,94,97,83,NO,[Not Available],[Not Available],NO,[Not Available],NO,[Not Available],3,No,1973,1993,[Not Available],[Not Available],0,Preoperative,NO,[Not Available],Complete Remission/Response,TUMOR FREE,NO,49,[Not Applicable],0,[Not Available],[Not Available],[Not Available],[Not Available],[Not Applicable],[Not Available],[Not Available],[Not Available],[Not Available],C34.1,8550/3,C34.1,YES,[Not Available],[Not Available],[Not Available],[Not Available],NO,93,0:LIVING,17.28,0:DiseaseFree,17.28,matched
TCGA-95-7567-01Z-00-DX1.982FF122-A440-4949-926C-B58AF8381090,TCGA-95-7567-01,TCGA-95-7567,1.5120112117389313,stroma-low,29.372059565745968,29.372059565745968,17.851520334936342,60.191260479774954,39.808739520225046,39,15,15,15,15,39,32,0.39808739520225045,0.3946850035227725,29.372059565745968,17.851520334936342,8.781546749499789,0.8958756176272344,193.94761099999997,3bc7026f-73f2-418b-bd62-f4768582b790,TCGA-95-7567,1/31/12 0:00,Lung Adenocarcinoma,YES,NO,Male,Lung,WHITE,NOT HISPANIC OR LATINO,[Not Available],No,R-Upper,[Not Available],2011,[Not Available],[Not Available],[Not Available],7th,T2b,N1,M0,Stage IIB,[Not Applicable],[Not Applicable],[Not Applicable],[Not Applicable],NO,[Not Available],[Not Available],[Not Available],[Not Available],[Not Available],[Not Available],[Not Available],[Not Available],[Not Available],[Not Available],[Not Available],[Not Available],4,No,1970,2011,[Not Available],[Not Available],1,Post-Adjuvant Therapy,[Not Available],[Not Available],[Not Available],TUMOR FREE,[Not Available],61,[Not Applicable],0,[Not Available],[Not Available],[Not Available],[Not Available],[Not Applicable],[Not Available],[Not Available],[Not Available],[Not Available],C34.1,8255/3,C34.1,YES,[Not Available],[Not Available],[Not Available],[Not Available],[Not Available],95,0:LIVING,18.66,0:DiseaseFree,18.66,matched
TCGA-95-7947-01Z-00-DX1.44291078-2D8E-4E79-8FAB-439E52BAAD60,TCGA-95-7947-01,TCGA-95-7947,1.197214027646762,stroma-low,32.45148123908855,32.45148123908855,6.866662561852818,54.48782014781646,45.51217985218353,27,8,8,8,8,27,27,0.4551217985218353,0.48398408882982763,32.45148123908855,6.866662561852818,35.90814901551907,0.9401935984470211,37.20023775,e0acafdd-06d0-48a6-bd68-577ef666a419,TCGA-95-7947,3/21/12 0:00,Lung Adenocarcinoma,YES,NO,Male,Lung,WHITE,NOT HISPANIC OR LATINO,[Not Available],Yes,L-Upper,[Not Available],2011,[Not Available],[Not Available],R0,7th,T1a,N0,M0,Stage IA,[Not Applicable],[Not Applicable],[Not Applicable],[Not Applicable],YES,37,37,[Not Available],[Not Available],[Not Available],[Not Available],[Not Available],[Not Available],[Not Available],[Not Available],[Not Available],[Not Available],4,No,1956,2006,100,[Not Available],[Not Available],[Not Available],[Not Available],[Not Available],[Not Available],TUMOR FREE,[Not Available],67,[Not Applicable],0,[Not Available],[Not Available],[Not Available],[Not Available],[Not Applicable],[Not Available],[Not Available],[Not Available],[Not Available],C34.1,8255/3,C34.1,YES,[Not Available],[Not Available],[Not Available],[Not Available],[Not Available],95,0:LIVING,15.67,0:DiseaseFree,15.67,matched
TCGA-95-8494-01Z-00-DX1.716299EF-71BB-4095-8F4D-F0C2252CE594,TCGA-95-8494-01,TCGA-95-8494,2.281922444954114,stroma-low,15.71109196218331,15.71109196218331,3.4668586363136558,69.53005390064965,30.469946099350366,8,7,7,7,7,8,1,0.30469946099350365,0.30505796394175677,15.71109196218331,3.4668586363136558,49.99951424513947,0.9978985536048708,161.7196068,6ee9caec-65ac-46db-9426-ffaa31967ae2,TCGA-95-8494,8/30/12 0:00,Lung Adenocarcinoma,YES,NO,Male,Lung,WHITE,NOT HISPANIC OR LATINO,[Not Available],No,R-Middle,[Not Available],2012,[Not Available],[Not Available],[Not Available],7th,T2a,N1,M0,Stage IIA,[Not Applicable],[Not Applicable],[Not Applicable],[Not Applicable],NO,[Not Available],[Not Available],[Not Available],[Not Available],[Not Available],NO,[Not Available],[Not Available],NO,[Not Available],NO,[Not Available],5,No,[Not Available],[Not Available],[Not Available],[Not Available],[Not Available],[Not Available],NO,[Not Available],[Not Available],[Not Available],NO,67,[Not Applicable],0,[Not Available],[Not Available],[Not Available],[Not Available],[Not Applicable],[Not Available],[Not Available],[Not Available],[Not Available],C34.2,8140/3,C34.2,YES,[Not Available],[Not Available],[Not Available],[Not Available],NO,95,0:LIVING,2.76,0:DiseaseFree,2.76,matched
TCGA-97-7937-01Z-00-DX1.6db4b2ff-722c-4bb8-b12f-15f1a38b4ab1,TCGA-97-7937-01,TCGA-97-7937,0.785138837,stroma-high,8.566707211422237,8.566707211422237,9.279163531,43.98194810296324,56.018051897036756,17,4,4,4,4,17,17,0.5601805189703676,0.5409055015213265,8.566707211422237,9.279163531,0.7797705803162015,0.9876476755336244,217.994904,fcfe0b53-dfc1-42fa-9efc-2b2ff259297e,TCGA-97-7937,2/13/12 0:00,Lung Adenocarcinoma,YES,NO,Male,Lung,WHITE,NOT HISPANIC OR LATINO,[Not Available],No,L-Upper,[Not Available],2011,[Not Available],[Not Available],[Not Available],7th,T2a,N0,MX,Stage IB,[Not Applicable],[Not Applicable],[Not Applicable],[Not Applicable],YES,120,[Not Available],77,[Not Available],89,YES,NO,[Not Available],YES,[Not Available],YES,FISH,3,No,[Not Available],1994,35,[Not Available],0,Preoperative,[Not Available],[Not Available],[Not Available],[Not Available],[Not Available],65,[Not Applicable],0,[Not Available],[Not Available],[Not Available],[Not Available],[Not Applicable],[Not Available],[Not Available],[Not Available],[Not Available],C34.1,8507/3,C34.1,YES,[Not Available],[Not Available],[Not Available],[Not Available],[Not Available],97,0:LIVING,18.53,0:DiseaseFree,18.53,matched
TCGA-97-A4LX-01Z-00-DX1.B2334672-A626-4E74-B4D1-A79F70F65909,TCGA-97-A4LX-01,TCGA-97-A4LX,0.3363679242638209,stroma-high,9.144153713660346,9.144153713660346,14.871503593588278,25.170308128213975,74.82969187178603,107,7,7,7,7,107,167,0.7482969187178602,0.7335085939691678,9.144153713660346,14.871503593588278,8.815693661038903,0.9141382213467998,121.1634332,E2B0D873-4942-4483-9A88-D5C6338D0382,TCGA-97-A4LX,3/7/13 0:00,Lung Adenocarcinoma,YES,NO,Male,Lung,WHITE,NOT HISPANIC OR LATINO,[Not Available],"Yes, History of Synchronous/Bilateral Malignancy",Other (please specify),[Not Available],2012,[Not Available],[Not Available],[Not Available],7th,T2a,N0,M0,Stage IB,[Not Applicable],[Not Applicable],[Not Applicable],[Not Applicable],YES,91,90,91,96,61,YES,YES,G12A,NO,[Not Available],NO,[Not Available],3,No,1945,1985,120,[Not Available],1,Preoperative,NO,[Not Available],Complete Remission/Response,[Not Available],NO,81,Lingula,0,[Not Available],[Not Available],[Not Available],[Not Available],[Not Applicable],[Not Available],[Not Available],[Not Available],[Not Available],C34.1,8255/3,C34.1,YES,[Not Available],[Not Available],[Not Available],[Not Available],NO,97,0:LIVING,20.17,0:DiseaseFree,20.17,matched
TCGA-99-8032-01Z-00-DX1.7380b78f-ea25-43e0-ac90-194b5c6b1432,TCGA-99-8032-01,TCGA-99-8032,0.33317273328187835,stroma-high,7.889424017917941,7.889424017917941,5.570405932303047,24.990965158858693,75.00903484,10,3,3,3,3,10,11,0.750090348,0.7536119386111886,7.889424017917941,5.570405932303047,12.187982906499185,0.8109632953094206,7.429562999999999,7e83f9dd-b038-497b-a113-a55605398b7b,TCGA-99-8032,6/15/12 0:00,Lung Adenocarcinoma,YES,NO,Male,Lung,WHITE,NOT HISPANIC OR LATINO,[Not Available],No,R-Upper,[Not Available],2011,[Not Available],[Not Available],R0,7th,T1a,N0,M0,Stage IA,[Not Applicable],[Not Applicable],[Not Applicable],[Not Applicable],YES,59,[Not Available],55,[Not Available],54,YES,YES,G12C,YES,[Not Available],NO,[Not Available],2,No,1966,[Not Available],90,[Not Available],0,Preoperative,NO,[Not Available],Complete Remission/Response,TUMOR FREE,[Not Available],61,[Not Applicable],0,[Not Available],[Not Available],[Not Available],[Not Available],[Not Applicable],[Not Available],[Not Available],[Not Available],[Not Available],C34.1,8140/3,C34.1,YES,[Not Available],[Not Available],[Not Available],[Not Available],NO,99,0:LIVING,1.45,0:DiseaseFree,1.45,matched
TCGA-MN-A4N1-01Z-00-DX2.9B0852C4-16BF-4962-B86F-E2570E48A89E,TCGA-MN-A4N1-01,TCGA-MN-A4N1,0.5265138542110352,stroma-high,7.466140681220597,7.466140681220597,5.960823085070741,34.491259464078645,65.50874053592138,48,9,9,9,9,48,63,0.6550874053592137,0.6502934313947463,7.466140681220597,5.960823085070741,4.418872562796571,0.9372685257209503,160.7156654,75A0BB0B-6528-4FB8-A9E6-254905D21DF4,TCGA-MN-A4N1,12/4/12 0:00,Lung Adenocarcinoma,NO,YES,Male,Lung,BLACK OR AFRICAN AMERICAN,NOT HISPANIC OR LATINO,[Not Available],"Yes, History of Prior Malignancy",R-Upper,[Not Available],2011,[Not Available],[Not Available],R0,7th,T2a,N1,M0,Stage IIA,[Not Applicable],[Not Applicable],[Not Applicable],[Not Applicable],YES,117,[Not Available],74,[Not Available],55,NO,[Not Available],[Not Available],YES,[Not Available],YES,IHC,2,No,1967,[Not Available],[Not Available],100,0,Preoperative,NO,[Not Available],Complete Remission/Response,[Not Available],NO,60,[Not Applicable],0,[Not Available],[Not Available],[Not Available],[Not Available],[Not Applicable],[Not Available],[Not Available],[Not Available],[Not Available],C34.1,8140/3,C34.1,YES,[Not Available],[Not Available],[Not Available],[Not Available],NO,MN,0:LIVING,27.17,0:DiseaseFree,27.17,matched
TCGA-MN-A4N4-01Z-00-DX1.7D8352EF-7A4B-4084-9612-CF92D9D16041,TCGA-MN-A4N4-01,TCGA-MN-A4N4,0.6234456831235966,stroma-high,7.915507859951186,7.915507859951186,5.1240613182328465,38.402620402060734,61.59737959793926,30,2,2,2,2,30,48,0.6159737959793926,0.6141797633160565,7.915507859951186,5.1240613182328465,6.611380550415389,0.9949537410867453,102.3315879,CEEAD734-1CE0-4385-B65A-A9C853B7308E,TCGA-MN-A4N4,12/4/12 0:00,Lung Adenocarcinoma,NO,YES,Male,Lung,WHITE,NOT HISPANIC OR LATINO,[Not Available],No,L-Upper,[Not Available],2010,[Not Available],[Not Available],R0,7th,T1b,N0,M0,Stage IA,[Not Applicable],[Not Applicable],[Not Applicable],[Not Applicable],YES,77,82,70,75,[Not Available],NO,[Not Available],[Not Available],NO,[Not Available],NO,[Not Available],2,No,1980,[Not Available],[Not Available],100,1,Preoperative,NO,[Not Available],Complete Remission/Response,[Not Available],NO,57,[Not Applicable],0,[Not Available],[Not Available],[Not Available],[Not Available],[Not Applicable],[Not Available],[Not Available],[Not Available],[Not Available],C34.1,8140/3,C34.1,YES,[Not Available],[Not Available],[Not Available],[Not Available],NO,MN,0:LIVING,38.6,0:DiseaseFree,38.6,matched
TCGA-MP-A4SV-01Z-00-DX1.5430F2CF-BE4B-42D6-9CD4-92E6FB3F6E99,TCGA-MP-A4SV-01,TCGA-MP-A4SV,0.7154729273484495,stroma-high,13.17970343344363,13.17970343344363,11.629345582818788,41.707036930879035,58.292963069120965,35,8,8,8,8,35,45,0.5829296306912096,0.57074563,13.17970343344363,11.629345582818788,9.142423012,0.9436279462744446,123.51802500000001,706420C4-8820-4B41-80D9-F3EFD1D2A4F0,TCGA-MP-A4SV,4/2/13 0:00,Lung Adenocarcinoma,NO,YES,Male,Lung,[Not Available],[Not Available],[Not Available],No,L-Lower,[Not Available],2001,[Not Available],[Not Available],R0,5th,T2,N0,M0,Stage IB,[Not Applicable],[Not Applicable],[Not Applicable],[Not Applicable],YES,62,78,[Not Available],[Not Available],48,NO,[Not Available],[Not Available],NO,[Not Available],NO,[Not Available],2,No,1946,[Not Available],110,[Not Available],[Not Available],[Not Available],NO,[Not Available],Complete Remission/Response,[Not Available],[Not Available],67,[Not Applicable],0,[Not Available],[Not Available],[Not Available],[Not Available],[Not Applicable],[Not Available],[Not Available],[Not Available],[Not Available],C34.3,8140/3,C34.3,YES,[Not Available],[Not Available],[Not Available],[Not Available],NO,MP,1:DECEASED,86.07,[Not Available],[Not Available],matched
TCGA-MP-A4SW-01Z-00-DX1.A6651B25-A35A-4BDE-9EBF-D264A02003C8,TCGA-MP-A4SW-01,TCGA-MP-A4SW,0.972913469,stroma-high,26.80763504469914,26.80763504469914,11.209053826076925,49.31353980216922,50.6864602,11,2,2,2,2,11,12,0.506864602,0.4982733476261064,26.80763504469914,11.209053826076925,56.10433698576486,0.9811310444006445,104.30958600000001,15F12D2C-B834-4BFC-B526-F03BF85BFE96,TCGA-MP-A4SW,4/2/13 0:00,Lung Adenocarcinoma,NO,YES,Male,Lung,WHITE,[Not Available],[Not Available],No,L-Upper,[Not Available],2002,[Not Available],[Not Available],R0,5th,T2,N1,M0,Stage IIB,[Not Applicable],[Not Applicable],[Not Applicable],[Not Applicable],YES,90,101,[Not Available],[Not Available],102,NO,[Not Available],[Not Available],NO,[Not Available],NO,[Not Available],3,No,1967,1982,15,[Not Available],[Not Available],[Not Available],NO,[Not Available],Complete Remission/Response,[Not Available],[Not Available],53,[Not Applicable],0,[Not Available],[Not Available],[Not Available],[Not Available],[Not Applicable],[Not Available],[Not Available],[Not Available],[Not Available],C34.1,8140/3,C34.1,YES,[Not Available],[Not Available],[Not Available],[Not Available],NO,MP,1:DECEASED,58.41,[Not Available],[Not Available],matched
TCGA-MP-A4SY-01Z-00-DX1.9535274F-C850-409E-80A1-B933B2F1A110,TCGA-MP-A4SY-01,TCGA-MP-A4SY,0.9548313131972205,stroma-high,19.038879588541686,19.038879588541686,9.784889905514591,48.84469093323188,51.15530906676812,38,12,12,12,12,38,36,0.5115530906676812,0.5114917963171096,19.038879588541686,9.784889905514591,21.25920564290004,0.8280432979339989,157.00650299999995,8CC6BCEC-65DF-46A9-A88C-09762A132857,TCGA-MP-A4SY,4/2/13 0:00,Lung Adenocarcinoma,NO,YES,Male,Lung,WHITE,NOT HISPANIC OR LATINO,[Not Available],No,R-Lower,Central Lung,2002,[Not Available],[Not Available],R0,5th,T2,N1,M0,Stage IIB,[Not Applicable],[Not Applicable],[Not Applicable],[Not Applicable],YES,54,74,[Not Available],[Not Available],73,NO,[Not Available],[Not Available],NO,[Not Available],NO,[Not Available],4,No,[Not Available],2002,40,[Not Available],0,Pre-Adjuvant Therapy,NO,[Not Available],Complete Remission/Response,TUMOR FREE,YES,61,[Not Applicable],0,[Not Available],[Not Available],[Not Available],[Not Available],[Not Applicable],[Not Available],[Not Available],[Not Available],[Not Available],C34.3,8140/3,C34.3,YES,[Not Available],[Not Available],[Not Available],[Not Available],NO,MP,1:DECEASED,49.31,1:Recurred/Progressed,16.06,matched
TCGA-MP-A4TD-01Z-00-DX1.937DEBC9-F5D5-4682-AA9A-13D8226EE06C,TCGA-MP-A4TD-01,TCGA-MP-A4TD,0.6667312742103156,stroma-high,5.3174312779615445,5.3174312779615445,2.660347940111517,40.00232578141355,59.99767421858646,33,7,7,7,7,33,40,0.5999767421858646,0.5991658190441996,5.3174312779615445,2.660347940111517,3.860062850351318,0.9908057447267616,186.68779199999997,383D1253-349F-43B3-BEBD-9F1D1CF14B3D,TCGA-MP-A4TD,5/8/13 0:00,Lung Adenocarcinoma,NO,YES,Male,Lung,WHITE,[Not Available],[Not Available],"Yes, History of Prior Malignancy",L-Lower,Peripheral Lung,2008,[Not Available],[Not Available],RX,6th,T2,N2,M0,Stage IIIA,[Not Applicable],[Not Applicable],[Not Applicable],[Not Applicable],YES,93,92,[Not Available],[Not Available],61,NO,[Not Available],[Not Available],NO,[Not Available],NO,[Not Available],3,No,[Not Available],1990,20,[Not Available],0,Post-Adjuvant Therapy,NO,[Not Available],Complete Remission/Response,[Not Available],YES,71,[Not Applicable],0,[Not Available],[Not Available],[Not Available],[Not Available],[Not Applicable],[Not Available],[Not Available],[Not Available],[Not Available],C34.3,8140/3,C34.3,YES,[Not Available],[Not Available],[Not Available],[Not Available],YES,MP,1:DECEASED,10.09,1:Recurred/Progressed,7.42,matched
TCGA-NJ-A4YG-01Z-00-DX1.507BAE41-5EE9-4657-AAD1-AD456750BA2F,TCGA-NJ-A4YG-01,TCGA-NJ-A4YG,0.2538712885570103,stroma-high,2.5920517466782935,2.5920517466782935,4.157261057,20.246997508745284,79.75300249,161,8,8,8,8,161,221,0.7975300249125471,0.7944662734286774,2.5920517466782935,4.157261057,1.1365052373210867,0.9889206025914498,170.6139744,7FD03220-531E-4EF8-BECA-E9703E8C0AE1,TCGA-NJ-A4YG,4/26/13 0:00,Lung Adenocarcinoma,NO,YES,Male,Lung,WHITE,[Not Available],[Not Available],No,L-Upper,[Not Available],2008,[Not Available],[Not Available],[Not Available],6th,T2,N0,M0,Stage IB,[Not Applicable],[Not Applicable],[Not Applicable],[Not Applicable],NO,[Not Available],[Not Available],[Not Available],[Not Available],[Not Available],[Not Available],[Not Available],[Not Available],[Not Available],[Not Available],[Not Available],[Not Available],4,No,1955,2007,104,[Not Available],[Not Available],[Not Available],NO,[Not Available],[Not Applicable],TUMOR FREE,NO,65,[Not Applicable],0,[Not Available],[Not Available],[Not Available],[Not Available],[Not Applicable],[Not Available],[Not Available],[Not Available],[Not Available],C34.1,8255/3,C34.1,YES,[Not Available],[Not Available],[Not Available],[Not Available],NO,NJ,0:LIVING,74.28,0:DiseaseFree,74.28,matched
TCGA-NJ-A7XG-01Z-00-DX1.4A876254-653C-410B-A36C-55FC41C1DD93,TCGA-NJ-A7XG-01,TCGA-NJ-A7XG,1.0552249974843098,stroma-low,77.03812971511623,77.03812971511623,33.90280442127471,51.34352680489746,48.656473195102535,16,11,11,11,11,16,5,0.48656473195102534,0.6771397535439082,77.03812971511623,33.90280442127471,65.51158612448131,0.9887139788835472,9.092898,01E9888D-B5B9-48F1-8BA6-8A89AF108A04,TCGA-NJ-A7XG,5/22/14 0:00,Lung Adenocarcinoma,[Not Available],[Not Available],Male,Lung,BLACK OR AFRICAN AMERICAN,NOT HISPANIC OR LATINO,[Not Available],No,L-Upper,[Not Available],2013,[Not Available],[Not Available],[Not Available],7th,T4,N1,M0,Stage IIIA,[Not Applicable],[Not Applicable],[Not Applicable],[Not Applicable],NO,[Not Available],[Not Available],[Not Available],[Not Available],[Not Available],YES,NO,[Not Available],YES,Other,[Not Available],[Not Available],3,No,[Not Available],[Not Available],[Not Available],[Not Available],[Not Available],[Not Available],NO,[Not Available],Stable Disease,WITH TUMOR,NO,49,[Not Applicable],0,[Not Available],[Not Available],[Not Available],[Not Available],[Not Applicable],[Not Available],[Not Available],[Not Available],[Not Available],C34.1,8140/3,C34.1,YES,[Not Available],[Not Available],[Not Available],[Not Available],YES,NJ,0:LIVING,20.27,0:DiseaseFree,20.27,matched