wsi_name,sample_id,subject_id,n_clusters,n_clusters_with_tumor,wsi_cluster_area_mm2,wsi_tumor_area_mm2,wsi_tumor_fraction_of_cluster,wsi_tumor_perimeter_um,wsi_tumor_perimeter_mm,wsi_tumor_boundary_density_per_mm,wsi_tumor_n_islands,wsi_tumor_patch_density_per_mm2,wsi_area_weighted_tumor_boundary_fractal_dimension,wsi_area_weighted_tumor_compactness_mean,wsi_area_weighted_tumor_solidity_mean,wsi_area_weighted_tumor_elongation_mean,wsi_area_weighted_tumor_largest_patch_index,wsi_area_weighted_tumor_island_nnd_median_um,wsi_area_weighted_tumor_island_gap_median_um,wsi_area_weighted_tumor_spread_frac,OTHER_PATIENT_ID,PATIENT_ID,FORM_COMPLETION_DATE,HISTOLOGICAL_DIAGNOSIS,PROSPECTIVE_COLLECTION,RETROSPECTIVE_COLLECTION,SEX,TUMOR_SITE,RACE,ETHNICITY,LATERALITY,HISTORY_OTHER_MALIGNANCY,PRIMARY_SITE_PATIENT,LOCATION_LUNG_PARENCHYMA,INITIAL_PATHOLOGIC_DX_YEAR,METHOD_OF_INITIAL_SAMPLE_PROCUREMENT,METHOD_OF_INITIAL_SAMPLE_PROCUREMENT_OTHER,RESIDUAL_TUMOR,AJCC_STAGING_EDITION,AJCC_TUMOR_PATHOLOGIC_PT,AJCC_NODES_PATHOLOGIC_PN,AJCC_METASTASIS_PATHOLOGIC_PM,AJCC_PATHOLOGIC_TUMOR_STAGE,AJCC_NODES_CLINICAL_CT,AJCC_NODES_CLINICAL_CN,AJCC_METASTASIS_CLINICAL_CM,AJCC_CLINICAL_TUMOR_STAGE,PULMONARY_FUNCTION_TEST_INDICATOR,FEV1_PERCENT_REF_PREBRONCHOLIATOR,FEV1_PERCENT_REF_POSTBRONCHOLIATOR,FEV1_FVC_RATIO_PREBRONCHOLIATOR,FEV1_FVC_RATIO_POSTBRONCHOLIATOR,CARBON_MONOXIDE_DIFFUSION_DLCO,KRAS_GENE_ANALYSIS_INDICATOR,KRAS_MUTATION,KRAS_MUTATION_IDENTIFIED_TYPE,MUTATION_STATUS,MUTATION_TYPE,ALK_TRANSLOCATION_STATUS,ALK_ANALYSIS_TYPE,TOBACCO_SMOKING_HISTORY_INDICATOR,HISTORY_NEOADJUVANT_TRTYN,SMOKING_YEAR_STARTED,SMOKING_YEAR_STOPPED,SMOKING_PACK_YEARS,KARNOFSKY_PERFORMANCE_SCORE,ECOG_SCORE,PERFORMANCE_STATUS_TIMING,RADIATION_TREATMENT_ADJUVANT,PHARMACEUTICAL_TX_ADJUVANT,TREATMENT_OUTCOME_FIRST_COURSE,TUMOR_STATUS,NEW_TUMOR_EVENT_AFTER_INITIAL_TREATMENT,AGE,PRIMARY_SITE_OTHER,DAYS_TO_INITIAL_PATHOLOGIC_DIAGNOSIS,DAYS_TO_PATIENT_PROGRESSION_FREE,DAYS_TO_TUMOR_PROGRESSION,DISEASE_CODE,ALK_TRANSLOCATION_VARIANT,EXTRANODAL_INVOLVEMENT,HISTORY_IMMUNOLOGICAL_DISEASE,HISTORY_IMMUNOLOGICAL_DISEASE_OTHER,HISTORY_RELEVANT_INFECTIOUS_DX,HIV_STATUS,ICD_10,ICD_O_3_HISTOLOGY,ICD_O_3_SITE,INFORMED_CONSENT_VERIFIED,NUMBER_OF_LYMPHNODES_POSITIVE_BY_IHC,POS_LYMPH_NODE_LOCATION,PROJECT_CODE,STAGE_OTHER,TARGETED_MOLECULAR_THERAPY,TISSUE_SOURCE_SITE,OS_STATUS,OS_MONTHS,DFS_STATUS,DFS_MONTHS,clinical_match
TCGA-05-4244-01Z-00-DX1.d4ff32cd-38cf-40ea-8213-45c2b100ac01,TCGA-05-4244-01,TCGA-05-4244,1,1,29.785992334370228,19.111281411368637,0.6416197653188818,578490.9374101238,578.4909374101237,30.269604897660056,196,6.580274304772263,1.5646983009727666,0.019707118683358907,0.7013487407213997,1.5344801899583924,0.4873873665040493,117.01781243843165,3.7332585934148135,0.9394492512555638,34040b83-7e8a-4264-a551-b16621843e28,TCGA-05-4244,7/22/10 0:00,Lung Adenocarcinoma,NO,YES,MALE,Lung,[Not Available],[Not Available],[Not Available],No,R-Lower,Peripheral Lung,2009,[Not Available],[Not Available],RX,6th,T2,N2,M1,Stage IV,[Not Applicable],[Not Applicable],[Not Applicable],[Not Applicable],[Not Available],[Not Available],[Not Available],[Not Available],[Not Available],[Not Available],[Not Available],[Not Available],[Not Available],[Not Available],[Not Available],[Not Available],[Not Available],4,No,[Not Available],[Not Available],38,[Not Available],[Not Available],[Not Available],[Not Available],[Not Available],[Not Available],TUMOR FREE,[Not Available],70,[Not Applicable],0,[Not Available],[Not Available],[Not Available],[Not Available],[Not Applicable],[Not Available],[Not Available],[Not Available],[Not Available],C34.3,8140/3,C34.3,YES,[Not Available],[Not Available],[Not Available],[Not Available],[Not Available],5,0:LIVING,0,0:DiseaseFree,0,matched
TCGA-05-4382-01Z-00-DX1.76b49a4c-dbbb-48b0-b677-6d3037e5ce88,TCGA-05-4382-01,TCGA-05-4382,1,1,30.281901458788568,12.49462115156958,0.4126101912250734,429879.2099900046,429.8792099900046,34.405141602552945,227,7.496226758049862,1.6831310073860202,0.074950401,0.6129448716028164,1.6940454580817779,0.30939701376022266,162.28341335453848,15.402921800749363,0.9511352096755674,3434b91a-c05f-460f-a078-7b1bb6e7085d,TCGA-05-4382,7/22/10 0:00,Lung Adenocarcinoma,NO,YES,Male,Lung,[Not Available],[Not Available],[Not Available],Yes,L-Upper,[Not Available],2009,[Not Available],[Not Available],R0,6th,T2,N0,M0,Stage IB,[Not Applicable],[Not Applicable],[Not Applicable],[Not Applicable],[Not Available],[Not Available],[Not Available],[Not Available],[Not Available],[Not Available],[Not Available],[Not Available],[Not Available],[Not Available],[Not Available],[Not Available],[Not Available],4,No,[Not Available],[Not Available],62,[Not Available],[Not Available],[Not Available],[Not Available],[Not Available],[Not Available],TUMOR FREE,[Not Available],68,[Not Applicable],0,[Not Available],[Not Available],[Not Available],[Not Available],[Not Applicable],[Not Available],[Not Available],[Not Available],[Not Available],C34.1,8255/3,C34.1,YES,[Not Available],[Not Available],[Not Available],[Not Available],[Not Available],5,0:LIVING,19.94,1:Recurred/Progressed,10.97,matched
TCGA-05-4395-01Z-00-DX1.20205276-ca16-46b2-914a-fe5e576a5cf9,TCGA-05-4395-01,TCGA-05-4395,1,1,39.98180230236401,23.24547513900754,0.5814013826393489,1036808.339544412,1036.808339544412,44.602587529156374,315,7.878584302373357,1.7244358779433475,0.017314095976192052,0.6375165401266547,1.3351919626985536,0.5682617311424665,136.4945626206407,8,0.9624934562429095,762dea8a-5b41-4058-979a-b7876ed13d7e,TCGA-05-4395,7/22/10 0:00,Lung Adenocarcinoma,NO,YES,Male,Lung,[Not Available],[Not Available],[Not Available],No,L-Upper,[Not Available],2006,[Not Available],[Not Available],R0,5th,T4,N2,M0,Stage IIIB,[Not Applicable],[Not Applicable],[Not Applicable],[Not Applicable],[Not Available],[Not Available],[Not Available],[Not Available],[Not Available],[Not Available],[Not Available],[Not Available],[Not Available],[Not Available],[Not Available],[Not Available],[Not Available],3,No,[Not Available],1983,[Not Available],[Not Available],[Not Available],[Not Available],[Not Available],[Not Available],[Not Available],TUMOR FREE,[Not Available],76,[Not Applicable],0,[Not Available],[Not Available],[Not Available],[Not Available],[Not Applicable],[Not Available],[Not Available],[Not Available],[Not Available],C34.1,8255/3,C34.1,YES,[Not Available],[Not Available],[Not Available],[Not Available],[Not Available],5,1:DECEASED,0,[Not Available],[Not Available],matched
TCGA-05-4397-01Z-00-DX1.00e9cdb3-b50e-439c-86b0-d7b73b802c0d,TCGA-05-4397-01,TCGA-05-4397,6,6,98.26418083,77.62918629993983,0.7900049198062566,928254.9519807155,928.2549519807155,11.957550970509592,194,1.9742697527480408,1.3794865399170035,0.019666426116009893,0.808307078,1.3105219484598494,0.6301286848335952,163.71683492923532,5.396120099922258,0.9665438556329827,6dfd47d2-831a-4386-9051-f78199a16bb5,TCGA-05-4397,7/22/10 0:00,Lung Adenocarcinoma,NO,YES,Male,Lung,[Not Available],[Not Available],[Not Available],No,R-Middle,[Not Available],2006,[Not Available],[Not Available],R0,5th,T2,N1,M0,Stage IIB,[Not Applicable],[Not Applicable],[Not Applicable],[Not Applicable],[Not Available],[Not Available],[Not Available],[Not Available],[Not Available],[Not Available],[Not Available],[Not Available],[Not Available],[Not Available],[Not Available],[Not Available],[Not Available],2,No,[Not Available],[Not Available],45,[Not Available],[Not Available],[Not Available],[Not Available],[Not Available],[Not Available],[Not Available],[Not Available],65,[Not Applicable],0,[Not Available],[Not Available],[Not Available],[Not Available],[Not Applicable],[Not Available],[Not Available],[Not Available],[Not Available],C34.2,8255/3,C34.2,YES,[Not Available],[Not Available],[Not Available],[Not Available],[Not Available],5,1:DECEASED,24.01,[Not Available],[Not Available],matched
TCGA-05-4415-01Z-00-DX1.55E0C429-B308-4962-8DA9-41D7D3F7764E,TCGA-05-4415-01,TCGA-05-4415,5,5,50.48386359516784,31.60347362801561,0.62601139,851911.2617476153,851.9112617476153,26.95625397938597,282,5.5859433077739356,1.4720452643947002,0.011344985117095006,0.6652704336588594,2.358174391121283,0.9075562857134633,108.83836142468729,2.990676268379235,0.8186182922119859,d15b7b29-c5c5-41d8-b83b-7cc12fe92820,TCGA-05-4415,7/22/10 0:00,Lung Adenocarcinoma,NO,YES,Male,Lung,[Not Available],[Not Available],[Not Available],No,L-Lower,[Not Available],2008,[Not Available],[Not Available],R0,6th,T4,N2,M0,Stage IIIB,[Not Applicable],[Not Applicable],[Not Applicable],[Not Applicable],[Not Available],[Not Available],[Not Available],[Not Available],[Not Available],[Not Available],[Not Available],[Not Available],[Not Available],[Not Available],[Not Available],[Not Available],[Not Available],4,No,1997,2007,29,[Not Available],[Not Available],[Not Available],[Not Available],[Not Available],[Not Available],WITH TUMOR,[Not Available],57,[Not Applicable],0,[Not Available],[Not Available],[Not Available],[Not Available],[Not Applicable],[Not Available],[Not Available],[Not Available],[Not Available],C34.3,8255/3,C34.3,YES,[Not Available],[Not Available],[Not Available],[Not Available],[Not Available],5,1:DECEASED,2.99,1:Recurred/Progressed,1.97,matched
TCGA-05-4418-01Z-00-DX1.f3863ea5-564f-482f-9878-cc104cf69401,TCGA-05-4418-01,TCGA-05-4418,3,3,82.96884610692295,45.89983240574472,0.553217678,990480.1007316881,990.4801007316881,21.57916595372409,412,4.965719295035761,1.6852730632382005,0.054146835,0.6126353243830513,1.8775463576425788,0.24982331632472085,177.2040751447586,15.125475759975497,0.9464862963148556,d2c1e896-6886-4122-bb48-5fbcd3f641f4,TCGA-05-4418,7/22/10 0:00,Lung Adenocarcinoma,NO,YES,Male,Lung,[Not Available],[Not Available],[Not Available],Yes,L-Lower,[Not Available],2008,[Not Available],[Not Available],R0,6th,T3,N2,M0,Stage IIIA,[Not Applicable],[Not Applicable],[Not Applicable],[Not Applicable],[Not Available],[Not Available],[Not Available],[Not Available],[Not Available],[Not Available],[Not Available],[Not Available],[Not Available],[Not Available],[Not Available],[Not Available],[Not Available],2,No,[Not Available],[Not Available],25,[Not Available],[Not Available],[Not Available],[Not Available],[Not Available],[Not Available],[Not Available],[Not Available],69,[Not Applicable],0,[Not Available],[Not Available],[Not Available],[Not Available],[Not Applicable],[Not Available],[Not Available],[Not Available],[Not Available],C34.3,8255/3,C34.3,YES,[Not Available],[Not Available],[Not Available],[Not Available],[Not Available],5,1:DECEASED,9,[Not Available],[Not Available],matched
TCGA-05-4432-01Z-00-DX1.90d00d62-402b-404a-85e2-0edf869193ab,TCGA-05-4432-01,TCGA-05-4432,3,3,79.66772801014899,44.00690122292111,0.5523805224784998,1205376.9957053403,1205.3769957053403,27.390635609614716,427,5.359761231619456,1.7803795881907314,0.038090583,0.590475242,1.7091225915062214,0.4311213813299872,164.03787907653756,14.111521978007945,0.9700697263951668,e737f650-b72d-44e7-b750-558a56716803,TCGA-05-4432,7/22/10 0:00,Lung Adenocarcinoma,NO,YES,Male,Lung,[Not Available],[Not Available],[Not Available],No,R-Upper,[Not Available],2008,[Not Available],[Not Available],R0,6th,T2,N1,M0,Stage IIB,[Not Applicable],[Not Applicable],[Not Applicable],[Not Applicable],[Not Available],[Not Available],[Not Available],[Not Available],[Not Available],[Not Available],[Not Available],[Not Available],[Not Available],[Not Available],[Not Available],[Not Available],[Not Available],2,No,[Not Available],[Not Available],58,[Not Available],[Not Available],[Not Available],[Not Available],[Not Available],[Not Available],TUMOR FREE,[Not Available],66,[Not Applicable],0,[Not Available],[Not Available],[Not Available],[Not Available],[Not Applicable],[Not Available],[Not Available],[Not Available],[Not Available],C34.1,8255/3,C34.1,YES,[Not Available],[Not Available],[Not Available],[Not Available],[Not Available],5,0:LIVING,25,0:DiseaseFree,25,matched
TCGA-35-4123-01Z-00-DX1.990553a8-657e-49ec-9782-e6d30a4c4909,TCGA-35-4123-01,TCGA-35-4123,2,2,112.25201946432449,70.94041284355356,0.6319744908117184,1184996.8939144644,1184.9968939144644,16.70411612246695,441,3.928659832620267,1.643368275289886,0.034555009,0.6287493692938003,2.070787151696962,0.6665767289476743,188.25533856847417,16.780350619372435,0.9522954715418833,6cf49cf0-de4c-4c90-8358-eae19c6206b0,TCGA-35-4123,12/20/10 0:00,Lung Adenocarcinoma,NO,YES,Male,Lung,WHITE,NOT HISPANIC OR LATINO,[Not Available],No,R-Upper,Peripheral Lung,2010,[Not Available],[Not Available],R0,7th,T1,N0,M0,Stage IA,[Not Applicable],[Not Applicable],[Not Applicable],[Not Applicable],YES,[Not Available],[Not Available],[Not Available],[Not Available],[Not Available],NO,[Not Available],[Not Available],NO,[Not Available],NO,[Not Available],4,No,1990,2010,20,90,1,Preoperative,[Not Available],[Not Available],[Not Available],TUMOR FREE,[Not Available],38,[Not Applicable],0,[Not Available],[Not Available],[Not Available],[Not Available],[Not Applicable],[Not Available],[Not Available],[Not Available],[Not Available],C34.1,8140/3,C34.1,YES,[Not Available],[Not Available],[Not Available],[Not Available],[Not Available],35,0:LIVING,5.98,0:DiseaseFree,5.98,matched
TCGA-38-4629-01Z-00-DX1.d00cc280-5370-4b9f-9655-6c35deb94647,TCGA-38-4629-01,TCGA-38-4629,2,2,100.39693702898447,82.34876080378399,0.8202318042831326,441750.7600374621,441.7507600374621,5.364388677202332,114,1.1354928085812852,1.3380987959878838,0.021495425580140115,0.7638072593225643,3.120111568613773,0.9909601264668185,148.69349127651898,8.443444997447022,0.8463743401798046,127bf818-f7e5-46b5-a9de-39f6d96b8b83,TCGA-38-4629,12/13/10 0:00,Lung Adenocarcinoma,NO,YES,Male,Lung,WHITE,NOT HISPANIC OR LATINO,[Not Available],Yes,R-Upper,Peripheral Lung,2003,[Not Available],[Not Available],R0,[Not Available],T3,N0,M0,Stage IIB,[Not Applicable],[Not Applicable],[Not Applicable],[Not Applicable],[Not Available],[Not Available],[Not Available],[Not Available],[Not Available],[Not Available],NO,[Not Available],[Not Available],NO,[Not Available],NO,[Not Available],4,No,[Not Available],2003,100,[Not Available],[Not Available],[Not Available],[Not Available],[Not Available],[Not Available],WITH TUMOR,[Not Available],68,[Not Applicable],0,[Not Available],[Not Available],[Not Available],[Not Available],[Not Applicable],[Not Available],[Not Available],[Not Available],[Not Available],C34.1,8140/3,C34.1,YES,[Not Available],[Not Available],[Not Available],[Not Available],[Not Available],38,1:DECEASED,28.38,1:Recurred/Progressed,12.45,matched
TCGA-44-2656-01Z-00-DX1.5f247f31-4bb5-460d-a1f7-7dcdba33c835,TCGA-44-2656-01,TCGA-44-2656,9,9,45.020370570634164,26.91156132086423,0.5977641005562508,536649.3432744852,536.6493432744852,19.941219198546722,273,6.063921654569235,1.6339470639224147,0.038709529,0.6528937698688568,1.3964269289822988,0.7002191168824436,159.79372632788846,13.95131082789598,0.9136031938808942,42ca54fc-c1ae-41cd-bca1-7fe9810db460,TCGA-44-2656,10/8/10 0:00,Lung Adenocarcinoma,YES,NO,Male,Lung,WHITE,NOT HISPANIC OR LATINO,[Not Available],No,R-Upper,[Not Available],2009,[Not Available],[Not Available],[Not Available],6th,T2,N0,M0,Stage IB,[Not Applicable],[Not Applicable],[Not Applicable],[Not Applicable],YES,79,84,86,86,72,NO,[Not Available],[Not Available],[Not Available],[Not Available],[Not Available],[Not Available],4,No,1994,2009,23,[Not Available],0,Pre-Adjuvant Therapy,[Not Available],[Not Available],[Not Available],TUMOR FREE,[Not Available],59,[Not Applicable],0,[Not Available],[Not Available],FPPP,[Not Available],[Not Applicable],[Not Available],[Not Available],[Not Available],[Not Available],C34.1,8140/3,C34.1,YES,[Not Available],[Not Available],TCGA,[Not Available],[Not Available],44,0:LIVING,46.94,1:Recurred/Progressed,18.66,matched
TCGA-44-2662-01Z-00-DX1.398f3f84-fd48-4454-b789-a3e90cd36d73,TCGA-44-2662-01,TCGA-44-2662,12,12,81.43817059194916,22.417101983096856,0.2752652941508116,1117314.4999722647,1117.3144999722647,49.84205812217619,840,10.31457354572551,1.6998634908869417,0.15768322251216282,0.6525090330271687,1.5802274833906516,0.23902148864471148,178.57318243455737,27.028758095810424,0.9223162420899468,ccda26c1-a6d6-4317-8cf8-8a87e15ce12e,TCGA-44-2662,10/12/10 0:00,Lung Adenocarcinoma,YES,NO,Male,Lung,WHITE,NOT HISPANIC OR LATINO,[Not Available],Yes,R-Upper,[Not Available],2009,[Not Available],[Not Available],R0,6th,T2,N0,M0,Stage IB,[Not Applicable],[Not Applicable],[Not Applicable],[Not Applicable],YES,67,73,88,94,78,NO,[Not Available],[Not Available],[Not Available],[Not Available],[Not Available],[Not Available],3,[Discrepancy],1956,1984,56,[Not Available],[Not Available],[Not Available],[Not Available],[Not Available],[Not Available],[Discrepancy],[Not Available],65,[Not Applicable],0,[Not Available],[Not Available],FPPP,[Not Available],[Not Applicable],[Not Available],[Not Available],[Not Available],[Not Available],C34.1,8140/3,C34.1,YES,[Not Available],[Not Available],TCGA,[Not Available],[Not Available],44,0:LIVING,42.05,1:Recurred/Progressed,8.05,matched
TCGA-44-2668-01Z-00-DX1.f66fa464-dad1-4a9f-8486-3d7579ca42b6,TCGA-44-2668-01,TCGA-44-2668,4,4,40.46487477971195,19.475371842928816,0.4812907972396164,517188.3013045486,517.1883013045485,26.556016772143483,280,6.919581526553613,1.6435389232427011,0.061737987507391415,0.5661017058510432,1.9188040476102546,0.6280742504118122,156.9094724208297,20.01016998103311,0.9194710176744523,bab43415-d413-40be-a4c0-2c40a52afe6a,TCGA-44-2668,10/22/10 0:00,Lung Adenocarcinoma,YES,NO,Male,Lung,WHITE,NOT HISPANIC OR LATINO,[Not Available],No,R-Upper,[Not Available],2009,[Not Available],[Not Available],R0,6th,T2,N0,M0,Stage IB,[Not Applicable],[Not Applicable],[Not Applicable],[Not Applicable],YES,82,[Not Available],104,[Not Available],53,NO,[Not Available],[Not Available],[Not Available],[Not Available],[Not Available],[Not Available],4,No,1979,2009,60,[Not Available],0,Other,[Not Available],[Not Available],[Not Available],TUMOR FREE,[Not Available],51,[Not Applicable],0,[Not Available],[Not Available],FPPP,[Not Available],[Not Applicable],[Not Available],[Not Available],[Not Available],[Not Available],C34.1,8140/3,C34.1,YES,[Not Available],[Not Available],TCGA,[Not Available],[Not Available],44,1:DECEASED,25,1:Recurred/Progressed,14.22,matched
TCGA-44-7660-01Z-00-DX1.f96c114b-f0fc-498a-97cc-e262344de357,TCGA-44-7660-01,TCGA-44-7660,7,7,78.81148718,24.775599355277627,0.3143653322873683,954324.8258431762,954.3248258431762,38.518738221357644,933,11.838375767149143,1.6602757751017334,0.21532363214189099,0.7011209969694219,1.6875725563670132,0.076805626,163.28731932571858,23.892922122769434,0.936914353,a534b96b-1665-444a-9308-e610f2f0e510,TCGA-44-7660,12/22/11 0:00,Lung Adenocarcinoma,YES,NO,Male,Lung,WHITE,NOT HISPANIC OR LATINO,[Not Available],No,R-Upper,[Not Available],2011,[Not Available],[Not Available],[Not Available],7th,T2,N0,MX,Stage IB,[Not Applicable],[Not Applicable],[Not Applicable],[Not Applicable],YES,83,94,92,95,80,NO,[Not Available],[Not Available],[Not Available],[Not Available],[Not Available],[Not Available],2,No,1949,[Not Available],124,[Not Available],1,Pre-Adjuvant Therapy,[Not Available],[Not Available],[Not Available],TUMOR FREE,[Not Available],72,[Not Applicable],0,[Not Available],[Not Available],[Not Available],[Not Available],[Not Applicable],[Not Available],[Not Available],[Not Available],[Not Available],C34.1,8140/3,C34.1,YES,[Not Available],[Not Available],[Not Available],[Not Available],[Not Available],44,0:LIVING,19.45,1:Recurred/Progressed,8.31,matched
TCGA-44-7662-01Z-00-DX1.2f0b6cea-795a-40ad-93a9-319858e6fb3b,TCGA-44-7662-01,TCGA-44-7662,3,3,17.870407270857488,7.500981544600073,0.4197431782560683,337347.6570594701,337.34765705947007,44.973801768959866,230,12.870439745101777,1.6432798377759066,0.048424358622417174,0.6597385527005938,1.6891509776510778,0.614206882,114.22013840416093,11.49798865283674,0.8962332101579059,ab9e6815-4d13-44db-93e5-553eb4f5bc95,TCGA-44-7662,12/21/11 0:00,Lung Adenocarcinoma,YES,NO,Male,Lung,WHITE,NOT HISPANIC OR LATINO,[Not Available],No,L-Upper,[Not Available],2011,[Not Available],[Not Available],[Not Available],7th,T2a,N0,MX,Stage IB,[Not Applicable],[Not Applicable],[Not Applicable],[Not Applicable],YES,60,68,68,66,57,NO,[Not Available],[Not Available],[Not Available],[Not Available],[Not Available],[Not Available],2,No,1961,[Not Available],50,[Not Available],[Not Available],[Not Available],[Not Available],[Not Available],[Not Available],TUMOR FREE,[Not Available],61,[Not Applicable],0,[Not Available],[Not Available],[Not Available],[Not Available],[Not Applicable],[Not Available],[Not Available],[Not Available],[Not Available],C34.1,8140/3,C34.1,YES,[Not Available],[Not Available],[Not Available],[Not Available],[Not Available],44,0:LIVING,7.16,0:DiseaseFree,7.16,matched
TCGA-49-6745-01Z-00-DX6.3174fffa-c17c-44d1-8d21-1921a9ec1bee,TCGA-49-6745-01,TCGA-49-6745,3,3,103.81893374554522,66.12562953181985,0.6369322737785991,1213969.5647897222,1213.9695647897222,18.35853319484174,514,4.950927364172196,1.614260407901085,0.02858352,0.6567585821436761,1.5965729721440078,0.5867169782931249,148.42413181972205,11.741873279395952,0.9493669597514615,9c7875ad-ab71-4d48-b2e3-e4c7a46393e9,TCGA-49-6745,8/11/11 0:00,Lung Adenocarcinoma,NO,YES,Male,Lung,WHITE,[Not Available],[Not Available],Yes,L-Upper,[Not Available],2011,[Not Available],[Not Available],[Not Available],7th,T2a,N2,M0,Stage IIIA,[Not Applicable],[Not Applicable],[Not Applicable],[Not Applicable],[Not Available],[Not Available],[Not Available],[Not Available],[Not Available],[Not Available],YES,NO,[Not Available],YES,[Not Available],[Not Available],[Not Available],4,No,[Not Available],[Not Available],20,[Not Available],[Not Available],[Not Available],[Not Available],[Not Available],[Not Available],TUMOR FREE,[Not Available],82,[Not Applicable],0,[Not Available],[Not Available],[Not Available],[Not Available],[Not Applicable],[Not Available],[Not Available],[Not Available],[Not Available],C34.1,8260/3,C34.1,YES,[Not Available],[Not Available],[Not Available],[Not Available],[Not Available],49,0:LIVING,17.15,0:DiseaseFree,17.15,matched
TCGA-49-AAR9-01Z-00-DX1.B6A9966E-89B8-404B-8ABC-1F8F8553D4DA,TCGA-49-AAR9-01,TCGA-49-AAR9,2,2,1.098062512675078,0.16759799834214928,0.152630653,21733.437074340894,21.733437074340895,129.67599427990987,23,20.945984162566354,1.3432835614390304,0.15172623514512035,0.6851402336292215,1.8167378326372488,0.47501347180992903,114.56584963588554,15.396638265219673,0.796131095,47B749E6-E060-4AA1-8F29-976E489BA789,TCGA-49-AAR9,6/18/14 0:00,Lung Adenocarcinoma,NO,YES,Male,Lung,BLACK OR AFRICAN AMERICAN,NOT HISPANIC OR LATINO,[Not Available],No,Other (please specify),[Not Available],1999,[Not Available],[Not Available],R0,5th,T3,N0,MX,Stage IIB,[Not Applicable],[Not Applicable],[Not Applicable],[Not Applicable],NO,[Not Available],[Not Available],[Not Available],[Not Available],[Not Available],[Not Available],[Not Available],[Not Available],[Not Available],[Not Available],[Not Available],[Not Available],2,No,[Not Available],[Not Available],[Not Available],80,1,Preoperative,NO,[Not Available],Progressive Disease,WITH TUMOR,NO,61,ALL 3 LOBES OF RT LUNG,0,[Not Available],[Not Available],[Not Available],[Not Available],[Not Applicable],[Not Available],[Not Available],[Not Available],[Not Available],C34.1,8140/3,C34.9,YES,[Not Available],[Not Available],[Not Available],[Not Available],NO,49,1:DECEASED,8.54,[Not Available],[Not Available],matched
TCGA-50-5066-02Z-00-DX1.A2CA045A-7956-4E04-9EC9-5856FC789110,TCGA-50-5066-02,TCGA-50-5066,6,6,144.53837058520796,69.30984385391977,0.47952556524124096,3010401.170572125,3010.401170572125,43.43396266938601,1853,12.820125150834071,1.7015714785189087,0.038025899208358874,0.6094725448398971,1.6541508763666695,0.20941180111786176,111.49077272415013,10.272915018214299,0.9750868705414387,3199cfe5-3be3-43cd-a36b-5cf2c7a9929f,TCGA-50-5066,7/2/11 0:00,Lung Adenocarcinoma,NO,YES,Male,Lung,BLACK OR AFRICAN AMERICAN,NOT HISPANIC OR LATINO,[Not Available],No,R-Upper,[Not Available],2009,[Not Available],[Not Available],R0,6th,T2,N0,M0,Stage IB,[Not Applicable],[Not Applicable],[Not Applicable],[Not Applicable],NO,[Not Available],[Not Available],[Not Available],[Not Available],[Not Available],YES,NO,[Not Available],YES,[Not Available],YES,[Not Available],1,No,[Not Available],[Not Available],[Not Available],[Not Available],[Not Available],[Not Available],[Not Available],[Not Available],[Not Available],[Not Available],[Not Available],72,[Not Applicable],0,[Not Available],[Not Available],[Not Available],[Not Available],[Not Applicable],[Not Available],[Not Available],[Not Available],[Not Available],C34.1,8255/3,C34.1,YES,[Not Available],[Not Available],[Not Available],[Not Available],[Not Available],50,0:LIVING,47.37,1:Recurred/Progressed,15.67,matched
TCGA-55-1592-01Z-00-DX1.ee15e261-2f9c-4a93-a19f-27cb1c3bae15,TCGA-55-1592-01,TCGA-55-1592,7,7,75.49017340345856,31.54391461207522,0.4178545788136983,1935727.737517919,1935.727737517919,61.36612279494662,1077,14.266757532055923,1.688775425868624,0.042599345,0.5756189867558009,1.6960518364478228,0.3534620119903995,109.40378706810567,6.298991018890611,0.9056527415406256,a41c46da-7ed4-4192-bd16-b3cbb94a5133,TCGA-55-1592,3/15/11 0:00,Lung Adenocarcinoma,NO,YES,Male,Lung,WHITE,NOT HISPANIC OR LATINO,[Not Available],Yes,L-Upper,[Not Available],2005,[Not Available],[Not Available],R0,[Not Available],T2,N0,M0,Stage IA,[Not Applicable],[Not Applicable],[Not Applicable],[Not Applicable],[Not Available],[Not Available],[Not Available],[Not Available],[Not Available],[Not Available],[Not Available],[Not Available],[Not Available],[Not Available],[Not Available],[Not Available],[Not Available],4,No,1957,1997,[Not Available],[Not Available],[Not Available],[Not Available],[Not Available],[Not Available],[Not Available],WITH TUMOR,[Not Available],65,[Not Applicable],0,[Not Available],[Not Available],[Not Available],[Not Available],[Not Applicable],[Not Available],[Not Available],[Not Available],[Not Available],C34.1,8140/3,C34.1,YES,[Not Available],[Not Available],[Not Available],[Not Available],[Not Available],55,1:DECEASED,23.03,1:Recurred/Progressed,14.85,matched
TCGA-55-1594-01Z-00-DX1.bd90c500-7c0b-4c45-a3f7-2d9177384b1d,TCGA-55-1594-01,TCGA-55-1594,2,2,172.8011244085886,134.79540642985108,0.7800609335800796,1179306.4398073305,1179.3064398073304,8.748862228,400,2.3147997524263744,1.655103718858271,0.013319517637910153,0.7042843497073346,2.138496632964336,0.9427240927205647,159.77366804326675,11.305419054595014,0.9748590898277898,6d72de06-232a-4983-a06c-eba6d82cb3f1,TCGA-55-1594,9/14/10 0:00,Lung Adenocarcinoma,NO,YES,Male,Lung,WHITE,NOT HISPANIC OR LATINO,[Not Available],No,R-Lower,[Not Available],2005,[Not Available],[Not Available],R0,[Not Available],T2,N2,M0,Stage IIIA,[Not Applicable],[Not Applicable],[Not Applicable],[Not Applicable],[Not Available],[Not Available],[Not Available],[Not Available],[Not Available],[Not Available],[Not Available],[Not Available],[Not Available],[Not Available],[Not Available],[Not Available],[Not Available],2,No,1965,[Not Available],[Not Available],[Not Available],[Not Available],[Not Available],[Not Available],[Not Available],[Not Available],TUMOR FREE,[Not Available],68,[Not Applicable],0,[Not Available],[Not Available],[Not Available],[Not Available],[Not Applicable],[Not Available],[Not Available],[Not Available],[Not Available],C34.3,8140/3,C34.3,YES,[Not Available],[Not Available],[Not Available],[Not Available],[Not Available],55,0:LIVING,38.7,0:DiseaseFree,38.7,matched
TCGA-55-6975-01Z-00-DX1.2762a872-b1c3-47fd-8ed5-b715a5b20163,TCGA-55-6975-01,TCGA-55-6975,1,1,21.727748278275556,7.263000451203103,0.3342730391655448,254380.10161814286,254.38010161814285,35.02410654208416,177,8.146265215018763,1.572775910092633,0.11232888433250646,0.6986008473730385,1.6549264031116004,0.27025106330280596,160.48753845704033,20.524375751773793,0.9403165023923387,a046888c-f153-4f35-a1b6-23dd1691a91a,TCGA-55-6975,7/27/11 0:00,Lung Adenocarcinoma,NO,YES,Male,Lung,WHITE,NOT HISPANIC OR LATINO,[Not Available],No,L-Lower,[Not Available],2004,[Not Available],[Not Available],[Not Available],6th,T2,N1,M0,Stage IIB,[Not Applicable],[Not Applicable],[Not Applicable],[Not Applicable],[Not Available],[Not Available],[Not Available],[Not Available],[Not Available],[Not Available],NO,[Not Available],[Not Available],NO,[Not Available],NO,[Not Available],4,No,[Not Available],2004,[Not Available],[Not Available],[Not Available],[Not Available],[Not Available],[Not Available],[Not Available],WITH TUMOR,[Not Available],61,[Not Applicable],0,[Not Available],[Not Available],[Not Available],[Not Available],[Not Applicable],[Not Available],[Not Available],[Not Available],[Not Available],C34.3,8255/3,C34.3,YES,[Not Available],[Not Available],[Not Available],[Not Available],[Not Available],55,1:DECEASED,3.88,[Not Available],[Not Available],matched
TCGA-55-6980-01Z-00-DX1.2f1d1858-42b9-4e3b-966d-2f3f429570a6,TCGA-55-6980-01,TCGA-55-6980,7,7,124.33280710650205,41.03653139524011,0.33005392824509044,3145537.365346339,3145.537365346339,76.65212576205197,2408,19.36737419543126,1.743014457619629,0.076616886,0.5123855711006542,1.7376819318381571,0.14227638086570493,110.31248498075196,11.446297760765324,0.9605733993967591,2f0710f4-827b-45b2-9b7e-c27385b481a7,TCGA-55-6980,7/27/11 0:00,Lung Adenocarcinoma,NO,YES,Male,Lung,WHITE,[Not Available],[Not Available],No,R-Lower,[Not Available],2006,[Not Available],[Not Available],R0,6th,T1,N0,M0,Stage IA,[Not Applicable],[Not Applicable],[Not Applicable],[Not Applicable],[Not Available],[Not Available],[Not Available],[Not Available],[Not Available],[Not Available],NO,[Not Available],[Not Available],NO,[Not Available],NO,[Not Available],1,No,[Not Available],[Not Available],[Not Available],[Not Available],[Not Available],[Not Available],[Not Available],[Not Available],[Not Available],TUMOR FREE,[Not Available],56,[Not Applicable],0,[Not Available],[Not Available],[Not Available],[Not Available],[Not Applicable],[Not Available],[Not Available],[Not Available],[Not Available],C34.3,8252/3,C34.3,YES,[Not Available],[Not Available],[Not Available],[Not Available],[Not Available],55,0:LIVING,69.28,0:DiseaseFree,69.28,matched
TCGA-55-7903-01Z-00-DX1.40fc5dcb-b5bb-46b4-90bd-2eeb3ea880f5,TCGA-55-7903-01,TCGA-55-7903,1,1,18.527680843665294,12.566678933166031,0.6782650801901438,200264.31523115232,200.26431523115232,15.93613685017558,63,3.400317639945747,1.488067260229062,0.022119261,0.7719382022292378,1.3289790818569849,0.4988931678247679,126.3991847531067,8.75,0.9213651445194418,77c4dbb2-eceb-4e0d-bcde-63dc817d5f35,TCGA-55-7903,3/10/12 0:00,Lung Adenocarcinoma,YES,NO,Male,Lung,WHITE,NOT HISPANIC OR LATINO,[Not Available],No,R-Lower,[Not Available],2011,[Not Available],[Not Available],R0,7th,T1b,N0,MX,Stage IA,[Not Applicable],[Not Applicable],[Not Applicable],[Not Applicable],YES,66,[Not Available],63,[Not Available],83,NO,[Not Available],[Not Available],NO,[Not Available],NO,[Not Available],2,No,[Not Available],[Not Available],40,[Not Available],[Not Available],[Not Available],[Not Available],[Not Available],[Not Available],TUMOR FREE,[Not Available],64,[Not Applicable],0,[Not Available],[Not Available],[Not Available],[Not Available],[Not Applicable],[Not Available],[Not Available],[Not Available],[Not Available],C34.3,8140/3,C34.3,YES,[Not Available],[Not Available],[Not Available],[Not Available],[Not Available],55,0:LIVING,18.63,0:DiseaseFree,18.63,matched
TCGA-55-7907-01Z-00-DX1.f5a264f5-3926-4d09-82f3-cd38d554f3db,TCGA-55-7907-01,TCGA-55-7907,6,6,36.444164396935506,11.34602357,0.31132620989811094,517911.17134005844,517.9111713400584,45.64693241951458,322,8.835433747167382,1.6217965040502917,0.13618709501230783,0.6077539677246148,1.7315804740229657,0.1599632591985071,173.8314529863574,22.03499615373452,0.9385239879983457,bf755bc2-b7aa-4c3c-8b3c-58b089b5cab6,TCGA-55-7907,3/10/12 0:00,Lung Adenocarcinoma,YES,NO,Male,Lung,WHITE,NOT HISPANIC OR LATINO,[Not Available],No,L-Upper,[Not Available],2011,[Not Available],[Not Available],R0,7th,T2a,N1,MX,Stage IIA,[Not Applicable],[Not Applicable],[Not Applicable],[Not Applicable],YES,76,87,75,80,75,[Not Available],[Not Available],[Not Available],[Not Available],[Not Available],[Not Available],[Not Available],3,No,1954,1994,80,[Not Available],[Not Available],[Not Available],[Not Available],[Not Available],[Not Available],TUMOR FREE,[Not Available],77,[Not Applicable],0,[Not Available],[Not Available],[Not Available],[Not Available],[Not Applicable],[Not Available],[Not Available],[Not Available],[Not Available],C34.1,8140/3,C34.1,YES,[Not Available],[Not Available],[Not Available],[Not Available],[Not Available],55,1:DECEASED,11.27,1:Recurred/Progressed,9.66,matched
TCGA-55-8090-01Z-00-DX1.83f86d5f-7cb9-443a-a812-b19ba4aea836,TCGA-55-8090-01,TCGA-55-8090,2,2,17.01930229,8.110550349677537,0.4765501083686282,237951.19449371984,237.95119449371984,29.33847695097293,110,6.463249676100373,1.6557334273013349,0.115204405,0.6394750745054586,1.9105638138576202,0.20427502952530738,188.58720224417397,13.378091655621779,0.9237616746222502,4d51ee44-e6f4-4bcb-be28-e9df54b39a8d,TCGA-55-8090,7/8/12 0:00,Lung Adenocarcinoma,YES,NO,Male,Lung,WHITE,NOT HISPANIC OR LATINO,[Not Available],"Yes, History of Synchronous/Bilateral Malignancy",R-Lower,[Not Available],2011,[Not Available],[Not Available],R0,7th,T1a,N0,M0,Stage IA,[Not Applicable],[Not Applicable],[Not Applicable],[Not Applicable],YES,83,6,103,4,58,[Not Available],[Not Available],[Not Available],[Not Available],[Not Available],[Not Available],[Not Available],2,No,[Not Available],[Not Available],[Not Available],[Not Available],[Not Available],[Not Available],[Not Available],[Not Available],Complete Remission/Response,WITH TUMOR,NO,80,[Not Applicable],0,[Not Available],[Not Available],[Not Available],[Not Available],[Not Applicable],[Not Available],[Not Available],[Not Available],[Not Available],C34.3,8140/3,C34.3,YES,[Not Available],[Not Available],[Not Available],[Not Available],[Not Available],55,1:DECEASED,19.65,1:Recurred/Progressed,18,matched
TCGA-55-8302-01Z-00-DX1.E0C2B152-BBA9-4AA7-9E6B-BD57B68163CB,TCGA-55-8302-01,TCGA-55-8302,2,2,13.659055393621166,4.406617619208729,0.3226151071373967,287317.44375703624,287.31744375703624,65.20135591175442,174,12.738801841396638,,0.092401187,0.6169545322501742,1.7878079087333407,0.2441656933770237,140.22754153075113,15.55839825861611,0.8938403418055471,807cc7d2-6e3b-4f2d-9531-0da994eeeada,TCGA-55-8302,12/3/12 0:00,Lung Adenocarcinoma,YES,NO,Male,Lung,WHITE,[Not Available],[Not Available],No,R-Lower,[Not Available],2012,[Not Available],[Not Available],R0,7th,T2,N0,MX,Stage IB,[Not Applicable],[Not Applicable],[Not Applicable],[Not Applicable],[Not Available],[Not Available],[Not Available],[Not Available],[Not Available],[Not Available],[Not Available],[Not Available],[Not Available],[Not Available],[Not Available],[Not Available],[Not Available],2,No,1965,[Not Available],59,[Not Available],[Not Available],[Not Available],NO,[Not Available],Complete Remission/Response,TUMOR FREE,NO,54,[Not Applicable],0,[Not Available],[Not Available],[Not Available],[Not Available],[Not Applicable],[Not Available],[Not Available],[Not Available],[Not Available],C34.3,8140/3,C34.3,YES,[Not Available],[Not Available],[Not Available],[Not Available],NO,55,0:LIVING,15.7,0:DiseaseFree,15.7,matched
TCGA-55-8614-01Z-00-DX1.043DE2B5-A453-4570-8830-99170450658C,TCGA-55-8614-01,TCGA-55-8614,5,5,33.38927311921393,9.454088904,0.28314749081034735,487420.37772690214,487.42037772690213,51.55656803024381,502,15.034768747664739,1.5928307292229171,0.17156269680294572,0.6455486347514728,1.7340864394425068,0.15553599073128002,133.6405533937797,18.561368390505177,0.9182171795516605,a8de1beb-6296-44eb-bd63-c603f70faaf3,TCGA-55-8614,1/11/13 0:00,Lung Adenocarcinoma,YES,NO,Male,Lung,WHITE,NOT HISPANIC OR LATINO,[Not Available],No,L-Upper,[Not Available],2011,[Not Available],[Not Available],R0,7th,T2a,N0,MX,Stage IB,[Not Applicable],[Not Applicable],[Not Applicable],[Not Applicable],YES,94,[Not Available],[Not Available],[Not Available],113,[Not Available],[Not Available],[Not Available],[Not Available],[Not Available],[Not Available],[Not Available],3,No,[Not Available],1995,40,[Not Available],[Not Available],[Not Available],NO,[Not Available],Complete Remission/Response,TUMOR FREE,NO,76,[Not Applicable],0,[Not Available],[Not Available],[Not Available],[Not Available],[Not Applicable],[Not Available],[Not Available],[Not Available],[Not Available],C34.1,8140/3,C34.1,YES,[Not Available],[Not Available],[Not Available],[Not Available],NO,55,0:LIVING,17.61,0:DiseaseFree,17.61,matched
TCGA-55-A4DF-01Z-00-DX1.C945E1AD-BEF4-403F-BB11-BAC831D24CDA,TCGA-55-A4DF-01,TCGA-55-A4DF,4,4,17.119649205346967,6.987634918835064,0.40816460869143395,294420.1625245578,294.4201625245578,42.13445120479216,171,9.988522425248743,1.7162566392486798,0.078320133,0.6226674964754394,1.4383379969125858,0.4008963793950684,161.97680589686203,12.758121759051388,0.8925755328716604,362000E4-CF7C-48FC-93CC-8F5994B442EA,TCGA-55-A4DF,1/25/13 0:00,Lung Adenocarcinoma,YES,NO,Male,Lung,WHITE,NOT HISPANIC OR LATINO,[Not Available],"Yes, History of Synchronous/Bilateral Malignancy",R-Lower,[Not Available],2012,[Not Available],[Not Available],R0,7th,T1b,N0,MX,Stage IA,[Not Applicable],[Not Applicable],[Not Applicable],[Not Applicable],YES,47,58,[Not Available],[Not Available],82,[Not Available],[Not Available],[Not Available],[Not Available],[Not Available],[Not Available],[Not Available],3,No,[Not Available],1984,60,[Not Available],[Not Available],[Not Available],NO,[Not Available],Complete Remission/Response,TUMOR FREE,NO,88,[Not Applicable],0,[Not Available],[Not Available],[Not Available],[Not Available],[Not Applicable],[Not Available],[Not Available],[Not Available],[Not Available],C34.3,8140/3,C34.3,YES,[Not Available],[Not Available],[Not Available],[Not Available],NO,55,1:DECEASED,20.17,1:Recurred/Progressed,16.92,matched
TCGA-55-A4DG-01Z-00-DX1.9CE9B7BE-48EF-44F1-9C25-F15700A3E5DE,TCGA-55-A4DG-01,TCGA-55-A4DG,2,2,12.651080019890761,2.4460321194726005,0.19334571559319894,280468.2315785522,280.4682315785522,114.66253012205955,432,34.14728223367369,1.631552278187182,0.22044760103214042,0.6593547520567509,1.8615798092514428,0.053925916218762464,91.88766467,15.754628190396232,0.942248432,3E34C7D9-90FA-41E2-BA6B-4BBC332ADC4E,TCGA-55-A4DG,1/25/13 0:00,Lung Adenocarcinoma,YES,NO,Male,Lung,WHITE,NOT HISPANIC OR LATINO,[Not Available],No,R-Upper,[Not Available],2012,[Not Available],[Not Available],R0,7th,T1b,N0,MX,Stage IA,[Not Applicable],[Not Applicable],[Not Applicable],[Not Applicable],YES,[Not Available],[Not Available],73,[Not Available],61,[Not Available],[Not Available],[Not Available],[Not Available],[Not Available],[Not Available],[Not Available],4,No,[Not Available],2012,100,[Not Available],[Not Available],[Not Available],NO,[Not Available],Complete Remission/Response,TUMOR FREE,NO,71,[Not Applicable],0,[Not Available],[Not Available],[Not Available],[Not Available],[Not Applicable],[Not Available],[Not Available],[Not Available],[Not Available],C34.1,8140/3,C34.1,YES,[Not Available],[Not Available],[Not Available],[Not Available],NO,55,0:LIVING,19.97,0:DiseaseFree,19.97,matched
TCGA-62-A471-01Z-00-DX1.51A235BB-7F67-4C0D-8B15-2E26116D8822,TCGA-62-A471-01,TCGA-62-A471,5,5,122.11538765352688,75.33544387450412,0.6169201549623736,908481.1512728722,908.4811512728722,12.059146459483872,252,2.063621995902675,1.6478785464686876,0.040740088976253475,0.6595824479481521,1.468685150322001,0.49478572439509944,159.9900358,16.887403272399546,0.9533696818592919,0075437E-BA1A-46BE-86D6-9773209A2B5E,TCGA-62-A471,10/30/12 0:00,Lung Adenocarcinoma,NO,YES,Male,Lung,WHITE,NOT HISPANIC OR LATINO,[Not Available],No,L-Upper,Peripheral Lung,2010,[Not Available],[Not Available],R0,7th,T2b,N1,M0,Stage IIB,[Not Applicable],[Not Applicable],[Not Applicable],[Not Applicable],YES,104,[Not Available],75,[Not Available],[Not Available],NO,[Not Available],[Not Available],NO,[Not Available],NO,[Not Available],4,No,[Not Available],2006,30,100,0,Preoperative,NO,[Not Available],Complete Remission/Response,TUMOR FREE,NO,64,[Not Applicable],0,[Not Available],[Not Available],[Not Available],[Not Available],[Not Applicable],[Not Available],[Not Available],[Not Available],[Not Available],C34.1,8140/3,C34.1,YES,[Not Available],[Not Available],[Not Available],[Not Available],YES,62,0:LIVING,40.93,0:DiseaseFree,40.93,matched
TCGA-62-A472-01Z-00-DX1.C2F76C9A-C51A-4521-9B95-2A20063E9931,TCGA-62-A472-01,TCGA-62-A472,4,4,191.5658486279115,79.11507501360623,0.41299154092583407,4731573.200806508,4731.573200806508,59.80621518709008,3098,16.17198484066651,1.8143788906834024,0.064425396,0.5214342715499581,1.7812728129840303,0.10468315222611292,113.50183358229089,9.815164525223686,0.9769216537104674,E499069B-A16A-49E9-941A-E3E9EA62AF25,TCGA-62-A472,10/30/12 0:00,Lung Adenocarcinoma,NO,YES,Male,Lung,WHITE,NOT HISPANIC OR LATINO,[Not Available],No,R-Lower,Central Lung,2011,[Not Available],[Not Available],R0,7th,T3,N0,M0,Stage IIB,[Not Applicable],[Not Applicable],[Not Applicable],[Not Applicable],YES,87,[Not Available],70,[Not Available],[Not Available],NO,[Not Available],[Not Available],NO,[Not Available],NO,[Not Available],2,No,[Not Available],[Not Available],60,80,1,Preoperative,NO,[Not Available],Complete Remission/Response,WITH TUMOR,YES,70,[Not Applicable],0,[Not Available],[Not Available],[Not Available],[Not Available],[Not Applicable],[Not Available],[Not Available],[Not Available],[Not Available],C34.3,8140/3,C34.3,YES,[Not Available],[Not Available],[Not Available],[Not Available],NO,62,0:LIVING,29.89,1:Recurred/Progressed,9.53,matched
TCGA-64-5775-01Z-00-DX1.9A338C1A-CDB6-41AF-B6D5-EDE608B5E3E1,TCGA-64-5775-01,TCGA-64-5775,3,3,103.31051548861141,52.46672125214102,0.5078546070939387,4827987.669,4827.987669,92.01999961016496,1544,14.945235658708963,1.7069512213258642,0.009108349,0.6203641560245294,1.7533458309892318,0.581685432,92.42313603482724,3.2637108569088324,0.9686517499933075,c8544fb3-b26e-4672-bb81-a271db724b04,TCGA-64-5775,5/2/11 0:00,Lung Adenocarcinoma,NO,YES,Male,Lung,WHITE,NOT HISPANIC OR LATINO,[Not Available],No,L-Upper,[Not Available],2005,[Not Available],[Not Available],R0,[Not Available],T4,N0,M0,Stage IIIA,[Not Applicable],[Not Applicable],[Not Applicable],[Not Applicable],[Not Available],[Not Available],[Not Available],[Not Available],[Not Available],[Not Available],[Not Available],[Not Available],[Not Available],[Not Available],[Not Available],[Not Available],[Not Available],2,Yes,1950,[Not Available],110,[Not Available],[Not Available],[Not Available],[Not Available],[Not Available],[Not Available],WITH TUMOR,[Not Available],71,[Not Applicable],0,[Not Available],[Not Available],[Not Available],[Not Available],[Not Applicable],[Not Available],[Not Available],[Not Available],[Not Available],C34.1,8140/3,C34.1,YES,[Not Available],[Not Available],[Not Available],[Not Available],[Not Available],64,1:DECEASED,2.04,[Not Available],[Not Available],matched
TCGA-64-5815-01Z-00-DX1.1E3600B5-7E83-47BE-AC70-E0C2D623740B,TCGA-64-5815-01,TCGA-64-5815,3,3,49.17771887,10.157254490671576,0.20654179828014987,936162.8740997973,936.1628740997974,92.16692118520507,657,13.359708727853922,1.6150133590639346,0.08268666,0.608219705,1.7674735698759825,0.088295526,149.0378457450374,18.206984217742562,0.9463948859416411,a65700c2-e58c-4fd4-aeb1-5686b8f4d212,TCGA-64-5815,5/2/11 0:00,Lung Adenocarcinoma,NO,YES,Male,Lung,WHITE,NOT HISPANIC OR LATINO,[Not Available],No,R-Upper,Central Lung,2009,[Not Available],[Not Available],R0,6th,T2,N1,M0,Stage IIB,[Not Applicable],[Not Applicable],[Not Applicable],[Not Applicable],YES,89,[Not Available],76,[Not Available],87,YES,[Not Available],[Not Available],YES,[Not Available],[Not Available],[Not Available],3,No,[Not Available],1985,30,[Not Available],[Not Available],[Not Available],[Not Available],[Not Available],[Not Available],TUMOR FREE,[Not Available],74,[Not Applicable],0,[Not Available],[Not Available],[Not Available],[Not Available],[Not Applicable],[Not Available],[Not Available],[Not Available],[Not Available],C34.1,8255/3,C34.1,YES,[Not Available],[Not Available],[Not Available],[Not Available],[Not Available],64,0:LIVING,28.45,0:DiseaseFree,28.45,matched
TCGA-69-7978-01Z-00-DX1.90a2bf2f-18e2-4bfe-b858-d2de619e2493,TCGA-69-7978-01,TCGA-69-7978,6,6,229.1651938982693,118.84539967990364,0.5186014405514883,3490939.4961009105,3490.9394961009107,29.37378733634918,1970,8.596418882330445,1.7793616245101431,0.091088744,0.6305380530880127,1.7668214716070723,0.18784897260275427,153.37786857212694,13.555477936907804,0.9599321594133798,f462cfef-f60a-4d3e-b92d-b8d8f50b6bb3,TCGA-69-7978,4/9/12 0:00,Lung Adenocarcinoma,NO,YES,Male,Lung,WHITE,NOT HISPANIC OR LATINO,[Not Available],No,R-Upper,Peripheral Lung,2011,[Not Available],[Not Available],[Not Available],7th,T2b,N1,MX,Stage IIB,[Not Applicable],[Not Applicable],[Not Applicable],[Not Applicable],YES,67,75,88,91,[Not Available],[Not Available],[Not Available],[Not Available],YES,Other,[Not Available],[Not Available],2,No,[Not Available],[Not Available],80,[Not Available],[Not Available],[Not Available],[Not Available],[Not Available],[Not Available],WITH TUMOR,[Not Available],59,[Not Applicable],0,[Not Available],[Not Available],[Not Available],[Not Available],[Not Applicable],[Not Available],[Not Available],[Not Available],[Not Available],C34.1,8255/3,C34.1,YES,[Not Available],[Not Available],[Not Available],[Not Available],[Not Available],69,0:LIVING,4.4,0:DiseaseFree,4.4,matched
TCGA-73-4675-01Z-00-DX1.1027587f-8ec4-4b8c-8768-ff7b669683e0,TCGA-73-4675-01,TCGA-73-4675,15,15,216.89166552272076,103.08725202053675,0.47529374525337703,4755963.526833006,4755.963526833006,46.135321619452384,2509,11.567987151341999,1.8325390609351504,0.06265296,0.6619752430131105,1.5971675165343315,0.067771816,142.8741974658212,9.881685944,0.9671266411439209,ae39e358-08d7-4367-ae68-82b469e791e4,TCGA-73-4675,1/7/11 0:00,Lung Adenocarcinoma,NO,YES,Male,Lung,WHITE,NOT HISPANIC OR LATINO,[Not Available],No,L-Lower,Peripheral Lung,2010,[Not Available],[Not Available],RX,7th,T3,N1,M0,Stage IIIA,[Not Applicable],[Not Applicable],[Not Applicable],[Not Applicable],YES,66,[Not Available],55,[Not Available],69,NO,[Not Available],[Not Available],NO,[Not Available],NO,[Not Available],4,No,1969,2010,41,[Not Available],0,Pre-Adjuvant Therapy,[Not Available],[Not Available],[Not Available],TUMOR FREE,[Not Available],59,[Not Applicable],0,[Not Available],[Not Available],[Not Available],[Not Available],[Not Applicable],[Not Available],[Not Available],[Not Available],[Not Available],C34.3,8140/3,C34.3,YES,[Not Available],[Not Available],[Not Available],[Not Available],[Not Available],73,1:DECEASED,30.29,1:Recurred/Progressed,11.86,matched
TCGA-73-4676-01Z-00-DX1.4d781bbc-a45e-4f9d-b6b6-2265282dff99,TCGA-73-4676-01,TCGA-73-4676,12,12,347.8600750543546,200.18698906410748,0.5754813599486157,7285410.981005107,7285.410981005107,36.39302941247616,3168,9.107110092,1.7384434299835838,0.031019362240219547,0.6427293143436714,1.5932622203559643,0.15864573733910148,119.28743137496849,9.706123413804788,0.9636707403051826,195a5afb-b79f-44d2-9d12-884487630c2b,TCGA-73-4676,5/18/11 0:00,Lung Adenocarcinoma,NO,YES,Male,Lung,WHITE,NOT HISPANIC OR LATINO,[Not Available],No,R-Upper,Peripheral Lung,2010,[Not Available],[Not Available],R0,7th,T2a,N1,M0,Stage IIA,[Not Applicable],[Not Applicable],[Not Applicable],[Not Applicable],YES,78,[Not Available],67,[Not Available],86,NO,[Not Available],[Not Available],NO,[Not Available],NO,[Not Available],4,Yes,1977,2009,48,70,1,Preoperative,[Not Available],[Not Available],[Not Available],TUMOR FREE,[Not Available],45,[Not Applicable],0,[Not Available],[Not Available],[Not Available],[Not Available],[Not Applicable],[Not Available],[Not Available],[Not Available],[Not Available],C34.1,8140/3,C34.1,YES,[Not Available],[Not Available],[Not Available],[Not Available],[Not Available],73,1:DECEASED,9.23,[Not Available],[Not Available],matched
TCGA-78-7148-01Z-00-DX1.aac94f79-77f2-45e6-b0c3-0b103fecbb22,TCGA-78-7148-01,TCGA-78-7148,11,11,97.15395128332584,26.029327085173207,0.2679183578366773,1792035.4864189576,1792.0354864189576,68.84678503424449,1411,14.523341370698986,1.6877904209776369,0.12200436651519944,0.5394884234272478,2.0850294739247173,0.19956535095317882,126.15586359392174,13.93877166705417,0.9484988589462132,e8060c45-451d-4779-9584-f284db47e63e,TCGA-78-7148,10/4/11 0:00,Lung Adenocarcinoma,NO,YES,Male,Lung,WHITE,[Not Available],[Not Available],No,L-Upper,Peripheral Lung,2001,[Not Available],[Not Available],R0,6th,T2,N1,M0,Stage IIB,[Not Applicable],[Not Applicable],[Not Applicable],[Not Applicable],[Not Available],[Not Available],[Not Available],[Not Available],[Not Available],[Not Available],NO,[Not Available],[Not Available],NO,[Not Available],NO,[Not Available],2,No,1944,[Not Available],57,[Not Available],0,Preoperative,[Not Available],[Not Available],[Not Available],[Not Available],[Not Available],71,[Not Applicable],0,[Not Available],[Not Available],[Not Available],[Not Available],[Not Applicable],[Not Available],[Not Available],[Not Available],[Not Available],C34.1,8255/3,C34.1,YES,[Not Available],[Not Available],[Not Available],[Not Available],[Not Available],78,1:DECEASED,20.57,1:Recurred/Progressed,5.98,matched
TCGA-78-7155-01Z-00-DX1.32258467-7550-4a1b-8df9-a869fb83e559,TCGA-78-7155-01,TCGA-78-7155,1,1,147.50960780551338,107.1504446899371,0.7263963770496324,1721702.2761197153,1721.7022761197154,16.068083348621016,564,3.823479761017436,1.6716366313451116,0.025517763501702782,0.6524391848414611,1.936578217095009,0.27335632877485305,138.5829151199132,8.25,0.9618770580741531,fc79086c-af9a-4c27-b074-f7050b6f3381,TCGA-78-7155,9/28/11 0:00,Lung Adenocarcinoma,NO,YES,Male,Lung,WHITE,[Not Available],[Not Available],No,L-Upper,Peripheral Lung,2005,[Not Available],[Not Available],R0,6th,T2,N0,M0,Stage IB,[Not Applicable],[Not Applicable],[Not Applicable],[Not Applicable],[Not Available],[Not Available],[Not Available],[Not Available],[Not Available],[Not Available],NO,[Not Available],[Not Available],NO,[Not Available],NO,[Not Available],4,No,1957,2005,48,[Not Available],0,Preoperative,[Not Available],[Not Available],[Not Available],[Not Available],[Not Available],68,[Not Applicable],0,[Not Available],[Not Available],[Not Available],[Not Available],[Not Applicable],[Not Available],[Not Available],[Not Available],[Not Available],C34.1,8140/3,C34.1,YES,[Not Available],[Not Available],[Not Available],[Not Available],[Not Available],78,1:DECEASED,38.47,1:Recurred/Progressed,6.87,matched
TCGA-78-8640-01Z-00-DX1.6F929E56-34D5-45A6-8A9E-ACB4B88A68B1,TCGA-78-8640-01,TCGA-78-8640,19,19,271.9214300503961,123.94763190721841,0.4558214918340448,5567767.519167788,5567.767519167788,44.920321860893374,2619,9.631458614771965,1.2924741971357565,0.059366346913650836,0.6172198081866195,1.7658352265632966,0.13335401112491255,143.1217889,11.000979960202844,0.969486271,18478121-f1d1-4bdd-9511-8ab22f4a0660,TCGA-78-8640,10/23/12 0:00,Lung Adenocarcinoma,NO,YES,Male,Lung,[Not Available],[Not Available],[Not Available],No,L-Upper,Peripheral Lung,1994,[Not Available],[Not Available],R0,6th,T1,N1,M0,Stage IIA,[Not Applicable],[Not Applicable],[Not Applicable],[Not Applicable],YES,66,[Not Available],73,[Not Available],[Not Available],NO,[Not Available],[Not Available],NO,[Not Available],NO,[Not Available],2,No,1949,[Not Available],45,[Not Available],0,Preoperative,NO,[Not Available],Complete Remission/Response,TUMOR FREE,NO,59,[Not Applicable],0,[Not Available],[Not Available],[Not Available],[Not Available],[Not Applicable],[Not Available],[Not Available],[Not Available],[Not Available],C34.1,8140/3,C34.1,YES,[Not Available],[Not Available],[Not Available],[Not Available],NO,78,0:LIVING,232,0:DiseaseFree,232,matched
TCGA-78-8660-01Z-00-DX1.11E923ED-C01B-439D-8796-08C9E3DC2D93,TCGA-78-8660-01,TCGA-78-8660,22,22,244.57322198605212,110.95167063483834,0.4536542052063485,4590649.600841826,4590.649600841826,41.37521836827919,1689,6.905907303688066,1.4297042955153452,0.046760485,0.5218087957972619,1.6968915496718207,0.21145038042749628,176.3618360717284,11.985893809155973,0.94963046,781f40c9-c099-4c96-8269-ebe2a449c93d,TCGA-78-8660,10/23/12 0:00,Lung Adenocarcinoma,NO,YES,Male,Lung,[Not Available],[Not Available],[Not Available],"Yes, History of Prior Malignancy",R-Lower,Peripheral Lung,2005,[Not Available],[Not Available],R0,6th,T2,N1,M0,Stage IIB,[Not Applicable],[Not Applicable],[Not Applicable],[Not Applicable],YES,108,[Not Available],72,[Not Available],87,NO,[Not Available],[Not Available],NO,[Not Available],NO,[Not Available],4,No,1954,2005,11,[Not Available],1,Preoperative,YES,[Not Available],[Not Available],WITH TUMOR,YES,69,[Not Applicable],0,[Not Available],[Not Available],[Not Available],[Not Available],[Not Applicable],[Not Available],[Not Available],[Not Available],[Not Available],C34.3,8140/3,C34.3,YES,[Not Available],[Not Available],[Not Available],[Not Available],NO,78,1:DECEASED,10.55,1:Recurred/Progressed,7.95,matched
TCGA-80-5611-01Z-00-DX1.31920706-8AF4-46D2-B1D4-7DD5AF4AAC77,TCGA-80-5611-01,TCGA-80-5611,3,3,67.89018660520694,39.079803345959874,0.5756325810859179,1156434.7672863584,1156.4347672863585,29.59162197027566,606,8.926179618918914,,0.064974881,0.6362488246098474,1.6529173624445068,0.19258728333253966,136.42530861360675,9.672109501042266,0.9477317040801425,e51f717f-72e8-400e-9f35-fc5dc32fdf71,TCGA-80-5611,7/26/11 0:00,Lung Adenocarcinoma,NO,YES,Male,Lung,[Not Available],[Not Available],[Not Available],Yes,L-Upper,Peripheral Lung,[Not Available],[Not Available],[Not Available],R0,6th,T2,N0,M0,Stage IB,[Not Applicable],[Not Applicable],[Not Applicable],[Not Applicable],[Not Available],[Not Available],[Not Available],[Not Available],[Not Available],[Not Available],[Not Available],[Not Available],[Not Available],[Not Available],[Not Available],[Not Available],[Not Available],4,No,[Not Available],2008,60,[Not Available],0,Preoperative,[Not Available],[Not Available],[Not Available],TUMOR FREE,[Not Available],,[Not Applicable],[Not Available],[Not Available],[Not Available],[Not Available],[Not Available],[Not Applicable],[Not Available],[Not Available],[Not Available],[Not Available],C34.1,8230/3,C34.1,YES,[Not Available],[Not Available],[Not Available],[Not Available],[Not Available],80,0:LIVING,85.25,0:DiseaseFree,85.25,matched
TCGA-86-7955-01Z-00-DX1.ef4f4d94-5efb-4a07-97cf-b0ed69085827,TCGA-86-7955-01,TCGA-86-7955,27,27,92.54471515688611,38.50859800217428,0.4161080180201832,1241239.0784640342,1241.2390784640343,32.232777687568664,700,7.5639111192176385,1.6328515986339247,0.054000722,0.4672540633831457,2.1982922927131487,0.35919076690324914,148.82345022796156,11.492450114147937,0.9285856508466657,0d0d83d9-d558-4d38-977b-6f1b2471beda,TCGA-86-7955,3/14/12 0:00,Lung Adenocarcinoma,YES,NO,Male,Lung,WHITE,NOT HISPANIC OR LATINO,[Not Available],No,R-Lower,Peripheral Lung,2011,[Not Available],[Not Available],RX,7th,T2a,N0,M0,Stage IB,[Not Applicable],[Not Applicable],[Not Applicable],[Not Applicable],NO,[Not Available],[Not Available],[Not Available],[Not Available],[Not Available],NO,[Not Available],[Not Available],NO,[Not Available],[Not Available],[Not Available],1,No,[Not Available],[Not Available],[Not Available],90,1,[Not Available],[Not Available],[Not Available],[Not Available],TUMOR FREE,[Not Available],62,[Not Applicable],0,[Not Available],[Not Available],[Not Available],[Not Available],[Not Applicable],[Not Available],[Not Available],[Not Available],[Not Available],C34.3,8140/3,C34.3,YES,[Not Available],[Not Available],[Not Available],[Not Available],[Not Available],86,0:LIVING,35.22,1:Recurred/Progressed,26.94,matched
TCGA-86-8055-01Z-00-DX1.546dc42e-3742-4da5-8f9b-80732180ce76,TCGA-86-8055-01,TCGA-86-8055,11,11,6.108313166205895,1.0225198699930937,0.1673980757322926,77066.82337210904,77.06682337210904,75.36951176570247,89,14.570307313709863,1.3808861670679926,0.19231206630757916,0.6841716523977335,2.300430057470075,0.46195302959587736,128.53667661346404,17.434446762358746,0.6500027368995849,34d8e84e-c3e1-417d-8b9b-8563d9fa0f8e,TCGA-86-8055,5/9/12 0:00,Lung Adenocarcinoma,YES,NO,Male,Lung,WHITE,NOT HISPANIC OR LATINO,[Not Available],No,L-Upper,Peripheral Lung,2011,[Not Available],[Not Available],R0,7th,T2a,N1,M0,Stage IIA,[Not Applicable],[Not Applicable],[Not Applicable],[Not Applicable],NO,[Not Available],[Not Available],[Not Available],[Not Available],[Not Available],NO,[Not Available],[Not Available],NO,[Not Available],[Not Available],[Not Available],2,No,1955,[Not Available],60,80,2,Preoperative,[Not Available],[Not Available],[Not Available],TUMOR FREE,[Not Available],79,[Not Applicable],0,[Not Available],[Not Available],[Not Available],[Not Available],[Not Applicable],[Not Available],[Not Available],[Not Available],[Not Available],C34.1,8140/3,C34.1,YES,[Not Available],[Not Available],[Not Available],[Not Available],[Not Available],86,1:DECEASED,4.07,[Not Available],[Not Available],matched
TCGA-86-8073-01Z-00-DX1.33c016fc-5c9e-4ad6-8de2-a7f8521d205c,TCGA-86-8073-01,TCGA-86-8073,8,8,12.033223212140658,2.9924564800365188,0.24868286969175013,205926.92342437425,205.92692342437425,68.81534444967474,156,12.964107558696925,1.510188125719457,0.091419339,0.5583010836130606,1.5897997238461372,0.47268564124077284,127.31205745294251,16.720986808642465,0.8629109281516628,cd902d08-215e-4bd0-88e4-4fd01ab43cbf,TCGA-86-8073,6/13/12 0:00,Lung Adenocarcinoma,YES,NO,Male,Lung,WHITE,NOT HISPANIC OR LATINO,[Not Available],No,L-Upper,Peripheral Lung,2011,[Not Available],[Not Available],R0,7th,T2a,N0,M0,Stage IB,[Not Applicable],[Not Applicable],[Not Applicable],[Not Applicable],NO,[Not Available],[Not Available],[Not Available],[Not Available],[Not Available],NO,[Not Available],[Not Available],NO,[Not Available],NO,[Not Available],2,No,1970,[Not Available],40,[Not Available],[Not Available],[Not Available],[Not Available],[Not Available],Complete Remission/Response,TUMOR FREE,[Not Available],58,[Not Applicable],0,[Not Available],[Not Available],[Not Available],[Not Available],[Not Applicable],[Not Available],[Not Available],[Not Available],[Not Available],C34.1,8250/3,C34.1,YES,[Not Available],[Not Available],[Not Available],[Not Available],[Not Available],86,0:LIVING,24.31,0:DiseaseFree,24.31,matched
TCGA-86-8585-01Z-00-DX1.bc0b1c69-f71d-46fc-8195-2d205002e6e5,TCGA-86-8585-01,TCGA-86-8585,10,10,183.0683546686985,81.41765197254634,0.444739082,3207038.8888806207,3207.0388888806206,39.38997024824567,2084,11.383726061073993,1.731624811030912,0.079770623,0.6166299309253019,1.9639981079279487,0.24493062916552558,132.84014007380975,12.5199176,0.9648286323908737,2f1a4b16-104c-40eb-8114-8245847bb716,TCGA-86-8585,8/30/12 0:00,Lung Adenocarcinoma,YES,NO,Male,Lung,WHITE,NOT HISPANIC OR LATINO,[Not Available],No,L-Upper,Peripheral Lung,2012,[Not Available],[Not Available],R0,7th,T2a,N0,M0,Stage IB,[Not Applicable],[Not Applicable],[Not Applicable],[Not Applicable],NO,[Not Available],[Not Available],[Not Available],[Not Available],[Not Available],NO,[Not Available],[Not Available],NO,[Not Available],[Not Available],[Not Available],1,No,[Not Available],[Not Available],[Not Available],[Not Available],[Not Available],[Not Available],[Not Available],[Not Available],Complete Remission/Response,TUMOR FREE,[Not Available],57,[Not Applicable],0,[Not Available],[Not Available],[Not Available],[Not Available],[Not Applicable],[Not Available],[Not Available],[Not Available],[Not Available],C34.1,8230/3,C34.1,YES,[Not Available],[Not Available],[Not Available],[Not Available],[Not Available],86,0:LIVING,11.6,0:DiseaseFree,11.6,matched
TCGA-86-A4JF-01Z-00-DX1.22828B15-D68E-4300-A3A8-FBC11B319BC5,TCGA-86-A4JF-01,TCGA-86-A4JF,12,12,150.8758655055557,62.989307864085106,0.4174909463022477,3190796.3184894724,3190.7963184894725,50.65615779386557,1974,13.08360348678372,1.6107691446474244,0.053220567485706076,0.5984330743958334,1.7995425094690956,0.3103849008479203,125.95103820507495,12.65986204344117,0.9657270000847167,E01E4FB3-236A-4D16-9073-555876B688E9,TCGA-86-A4JF,2/14/13 0:00,Lung Adenocarcinoma,YES,NO,Male,Lung,WHITE,NOT HISPANIC OR LATINO,[Not Available],No,R-Upper,Central Lung,2012,[Not Available],[Not Available],R0,7th,T3,N0,M0,Stage IIB,[Not Applicable],[Not Applicable],[Not Applicable],[Not Applicable],NO,[Not Available],[Not Available],[Not Available],[Not Available],[Not Available],NO,[Not Available],[Not Available],NO,[Not Available],NO,[Not Available],4,No,[Not Available],2012,[Not Available],90,1,Preoperative,[Not Available],[Not Available],Complete Remission/Response,TUMOR FREE,NO,56,[Not Applicable],0,[Not Available],[Not Available],[Not Available],[Not Available],[Not Applicable],[Not Available],[Not Available],[Not Available],[Not Available],C34.1,8140/3,C34.1,YES,[Not Available],[Not Available],[Not Available],[Not Available],[Not Available],86,1:DECEASED,24.21,1:Recurred/Progressed,14.32,matched
TCGA-91-A4BC-01Z-00-DX1.8D8783B1-D1BA-4970-B77B-3AED8506C487,TCGA-91-A4BC-01,TCGA-91-A4BC,2,2,17.67369656074533,7.128416881538754,0.4033348007892999,236874.55392534868,236.8745539253487,33.22961575645341,114,6.450263509287749,,0.043376901358552294,0.5279263843914721,1.6728553183041255,0.5931682637231686,175.62796814042952,22.322964046678305,0.9372666523699726,EA0B9461-0D4D-4ADE-A255-1B03DD85E30E,TCGA-91-A4BC,2/5/13 0:00,Lung Adenocarcinoma,YES,NO,Male,Lung,WHITE,NOT HISPANIC OR LATINO,[Not Available],"Yes, History of Synchronous/Bilateral Malignancy",R-Upper,[Not Available],2012,[Not Available],[Not Available],[Not Available],7th,T2b,N0,MX,Stage IIA,[Not Applicable],[Not Applicable],[Not Applicable],[Not Applicable],YES,[Not Available],69,[Not Available],[Not Available],44,NO,[Not Available],[Not Available],NO,[Not Available],[Not Available],[Not Available],4,No,1976,2001,30,[Not Available],[Not Available],[Not Available],[Not Available],[Not Available],[Not Available],[Not Available],[Not Available],59,[Not Applicable],0,[Not Available],[Not Available],[Not Available],[Not Available],[Not Applicable],[Not Available],[Not Available],[Not Available],[Not Available],C34.1,8140/3,C34.1,YES,[Not Available],[Not Available],[Not Available],[Not Available],[Not Available],91,0:LIVING,1.45,0:DiseaseFree,1.45,matched
TCGA-93-A4JP-01Z-00-DX1.994E229B-5251-4F61-8C41-863047F3A136,TCGA-93-A4JP-01,TCGA-93-A4JP,6,6,103.03334265329055,48.52726749589695,0.4709860540892309,2038606.2918166544,2038.6062918166544,42.00950098805834,1525,14.801033924830124,1.704228525352726,0.058839567737847064,0.6378459098560911,1.6067287915690174,0.19073347250481282,101.41882491628711,7.922772404798058,0.9772570302444974,30F276A8-3A4B-4DE8-AEA0-7F605D100401,TCGA-93-A4JP,2/27/14 0:00,Lung Adenocarcinoma,YES,NO,Male,Lung,ASIAN,NOT HISPANIC OR LATINO,[Not Available],No,R-Lower,[Not Available],2012,[Not Available],[Not Available],RX,7th,TX,NX,M1b,Stage IV,[Not Applicable],[Not Applicable],[Not Applicable],[Not Applicable],NO,[Not Available],[Not Available],[Not Available],[Not Available],[Not Available],NO,[Not Available],[Not Available],YES,L861Q,NO,[Not Available],1,No,[Not Available],[Not Available],[Not Available],[Not Available],0,Preoperative,NO,[Not Available],Partial Remission/Response,WITH TUMOR,NO,64,[Not Applicable],0,[Not Available],[Not Available],[Not Available],[Not Available],[Not Applicable],[Not Available],[Not Available],[Not Available],[Not Available],C34.3,8260/3,C34.3,YES,[Not Available],[Not Available],[Not Available],[Not Available],YES,93,0:LIVING,18.99,1:Recurred/Progressed,16.33,matched
TCGA-93-A4JQ-01Z-00-DX1.24573112-917C-43E9-B0FD-763C290AA88A,TCGA-93-A4JQ-01,TCGA-93-A4JQ,11,11,124.48165670694426,37.26526439358415,0.29936349964649284,3031334.1213939153,3031.334121393915,81.34476357,3187,25.602165686972352,1.7373816953638839,0.10946827689552623,0.5795391643368208,1.889225899,0.1567819953280923,100.12770354552167,11.639332001012638,0.9727155666777179,7093024B-CF56-4783-B973-B72573ED7F2B,TCGA-93-A4JQ,2/27/14 0:00,Lung Adenocarcinoma,YES,NO,Male,Lung,WHITE,NOT HISPANIC OR LATINO,[Not Available],"Yes, History of Prior Malignancy",R-Upper,[Not Available],2012,[Not Available],[Not Available],RX,7th,T1b,N0,MX,Stage IA,[Not Applicable],[Not Applicable],[Not Applicable],[Not Applicable],YES,93,100,94,97,83,NO,[Not Available],[Not Available],NO,[Not Available],NO,[Not Available],3,No,1973,1993,[Not Available],[Not Available],0,Preoperative,NO,[Not Available],Complete Remission/Response,TUMOR FREE,NO,49,[Not Applicable],0,[Not Available],[Not Available],[Not Available],[Not Available],[Not Applicable],[Not Available],[Not Available],[Not Available],[Not Available],C34.1,8550/3,C34.1,YES,[Not Available],[Not Available],[Not Available],[Not Available],NO,93,0:LIVING,17.28,0:DiseaseFree,17.28,matched
TCGA-95-7567-01Z-00-DX1.982FF122-A440-4949-926C-B58AF8381090,TCGA-95-7567-01,TCGA-95-7567,15,15,183.9708979323746,95.67595567551777,0.5200602744825817,2282241.251061342,2282.241251061342,23.85386417044526,978,5.316058197201932,1.2570468306003333,0.039001655,0.6207705614843315,1.8645329636174812,0.5622903890096332,167.19382939131813,13.640338705560657,0.9470445577175123,3bc7026f-73f2-418b-bd62-f4768582b790,TCGA-95-7567,1/31/12 0:00,Lung Adenocarcinoma,YES,NO,Male,Lung,WHITE,NOT HISPANIC OR LATINO,[Not Available],No,R-Upper,[Not Available],2011,[Not Available],[Not Available],[Not Available],7th,T2b,N1,M0,Stage IIB,[Not Applicable],[Not Applicable],[Not Applicable],[Not Applicable],NO,[Not Available],[Not Available],[Not Available],[Not Available],[Not Available],[Not Available],[Not Available],[Not Available],[Not Available],[Not Available],[Not Available],[Not Available],4,No,1970,2011,[Not Available],[Not Available],1,Post-Adjuvant Therapy,[Not Available],[Not Available],[Not Available],TUMOR FREE,[Not Available],61,[Not Applicable],0,[Not Available],[Not Available],[Not Available],[Not Available],[Not Applicable],[Not Available],[Not Available],[Not Available],[Not Available],C34.1,8255/3,C34.1,YES,[Not Available],[Not Available],[Not Available],[Not Available],[Not Available],95,0:LIVING,18.66,0:DiseaseFree,18.66,matched
TCGA-95-7947-01Z-00-DX1.44291078-2D8E-4E79-8FAB-439E52BAAD60,TCGA-95-7947-01,TCGA-95-7947,8,8,35.17357403578425,12.75897119442439,0.36274309745844713,511332.2012309015,511.33220123090155,40.07628776953045,402,11.429034751800332,1.330371170213995,0.096600738,0.6603620721908694,1.9569312782259463,0.24746855437828214,132.9780034641238,14.006502694297362,0.9392033348761673,e0acafdd-06d0-48a6-bd68-577ef666a419,TCGA-95-7947,3/21/12 0:00,Lung Adenocarcinoma,YES,NO,Male,Lung,WHITE,NOT HISPANIC OR LATINO,[Not Available],Yes,L-Upper,[Not Available],2011,[Not Available],[Not Available],R0,7th,T1a,N0,M0,Stage IA,[Not Applicable],[Not Applicable],[Not Applicable],[Not Applicable],YES,37,37,[Not Available],[Not Available],[Not Available],[Not Available],[Not Available],[Not Available],[Not Available],[Not Available],[Not Available],[Not Available],4,No,1956,2006,100,[Not Available],[Not Available],[Not Available],[Not Available],[Not Available],[Not Available],TUMOR FREE,[Not Available],67,[Not Applicable],0,[Not Available],[Not Available],[Not Available],[Not Available],[Not Applicable],[Not Available],[Not Available],[Not Available],[Not Available],C34.1,8255/3,C34.1,YES,[Not Available],[Not Available],[Not Available],[Not Available],[Not Available],95,0:LIVING,15.67,0:DiseaseFree,15.67,matched
TCGA-95-8494-01Z-00-DX1.716299EF-71BB-4095-8F4D-F0C2252CE594,TCGA-95-8494-01,TCGA-95-8494,7,7,158.09787836446313,104.43855197160885,0.660594266,1842677.1064421616,1842.6771064421616,17.64364855367858,551,3.485182759567332,1.183944537729447,0.061163715,0.6400061960545237,1.5908957840274982,0.17512252554305377,208.18026955587405,13.024919065521642,0.9619697652694821,6ee9caec-65ac-46db-9426-ffaa31967ae2,TCGA-95-8494,8/30/12 0:00,Lung Adenocarcinoma,YES,NO,Male,Lung,WHITE,NOT HISPANIC OR LATINO,[Not Available],No,R-Middle,[Not Available],2012,[Not Available],[Not Available],[Not Available],7th,T2a,N1,M0,Stage IIA,[Not Applicable],[Not Applicable],[Not Applicable],[Not Applicable],NO,[Not Available],[Not Available],[Not Available],[Not Available],[Not Available],NO,[Not Available],[Not Available],NO,[Not Available],NO,[Not Available],5,No,[Not Available],[Not Available],[Not Available],[Not Available],[Not Available],[Not Available],NO,[Not Available],[Not Available],[Not Available],NO,67,[Not Applicable],0,[Not Available],[Not Available],[Not Available],[Not Available],[Not Applicable],[Not Available],[Not Available],[Not Available],[Not Available],C34.2,8140/3,C34.2,YES,[Not Available],[Not Available],[Not Available],[Not Available],NO,95,0:LIVING,2.76,0:DiseaseFree,2.76,matched
TCGA-97-7937-01Z-00-DX1.6db4b2ff-722c-4bb8-b12f-15f1a38b4ab1,TCGA-97-7937-01,TCGA-97-7937,4,4,213.17147441652236,102.66211665503323,0.48159406382130904,3840205.8396736975,3840.2058396736975,37.406260116159636,2898,13.594689476780124,1.2819023205045774,0.10909794910371817,0.6057641424540532,1.6828021200334617,0.18247369308781924,128.81049035399565,14.00689367027498,0.9809547453104709,fcfe0b53-dfc1-42fa-9efc-2b2ff259297e,TCGA-97-7937,2/13/12 0:00,Lung Adenocarcinoma,YES,NO,Male,Lung,WHITE,NOT HISPANIC OR LATINO,[Not Available],No,L-Upper,[Not Available],2011,[Not Available],[Not Available],[Not Available],7th,T2a,N0,MX,Stage IB,[Not Applicable],[Not Applicable],[Not Applicable],[Not Applicable],YES,120,[Not Available],77,[Not Available],89,YES,NO,[Not Available],YES,[Not Available],YES,FISH,3,No,[Not Available],1994,35,[Not Available],0,Preoperative,[Not Available],[Not Available],[Not Available],[Not Available],[Not Available],65,[Not Applicable],0,[Not Available],[Not Available],[Not Available],[Not Available],[Not Applicable],[Not Available],[Not Available],[Not Available],[Not Available],C34.1,8507/3,C34.1,YES,[Not Available],[Not Available],[Not Available],[Not Available],[Not Available],97,0:LIVING,18.53,0:DiseaseFree,18.53,matched
TCGA-97-A4LX-01Z-00-DX1.B2334672-A626-4E74-B4D1-A79F70F65909,TCGA-97-A4LX-01,TCGA-97-A4LX,7,7,116.00357843328592,17.44513000038324,0.1503844125844445,2246489.239,2246.4892389643996,128.77457714072912,2073,17.870138387085962,1.6619533563577442,0.11918435277126871,0.534609112,2.2508022438849036,0.017432118763861828,117.38939331721102,14.255470691479495,0.9711134108505419,E2B0D873-4942-4483-9A88-D5C6338D0382,TCGA-97-A4LX,3/7/13 0:00,Lung Adenocarcinoma,YES,NO,Male,Lung,WHITE,NOT HISPANIC OR LATINO,[Not Available],"Yes, History of Synchronous/Bilateral Malignancy",Other (please specify),[Not Available],2012,[Not Available],[Not Available],[Not Available],7th,T2a,N0,M0,Stage IB,[Not Applicable],[Not Applicable],[Not Applicable],[Not Applicable],YES,91,90,91,96,61,YES,YES,G12A,NO,[Not Available],NO,[Not Available],3,No,1945,1985,120,[Not Available],1,Preoperative,NO,[Not Available],Complete Remission/Response,[Not Available],NO,81,Lingula,0,[Not Available],[Not Available],[Not Available],[Not Available],[Not Applicable],[Not Available],[Not Available],[Not Available],[Not Available],C34.1,8255/3,C34.1,YES,[Not Available],[Not Available],[Not Available],[Not Available],NO,97,0:LIVING,20.17,0:DiseaseFree,20.17,matched
TCGA-99-8032-01Z-00-DX1.7380b78f-ea25-43e0-ac90-194b5c6b1432,TCGA-99-8032-01,TCGA-99-8032,3,3,7.170790538605506,1.1381957639640428,0.15872667843751942,104330.3692844424,104.3303692844424,91.66293935332054,121,16.87401121934468,1.4434675700322448,0.18505384938434472,0.6753290426609637,1.730238099675004,0.19661254129802067,123.19978790408902,22.353116385244665,0.8756451591955507,7e83f9dd-b038-497b-a113-a55605398b7b,TCGA-99-8032,6/15/12 0:00,Lung Adenocarcinoma,YES,NO,Male,Lung,WHITE,NOT HISPANIC OR LATINO,[Not Available],No,R-Upper,[Not Available],2011,[Not Available],[Not Available],R0,7th,T1a,N0,M0,Stage IA,[Not Applicable],[Not Applicable],[Not Applicable],[Not Applicable],YES,59,[Not Available],55,[Not Available],54,YES,YES,G12C,YES,[Not Available],NO,[Not Available],2,No,1966,[Not Available],90,[Not Available],0,Preoperative,NO,[Not Available],Complete Remission/Response,TUMOR FREE,[Not Available],61,[Not Applicable],0,[Not Available],[Not Available],[Not Available],[Not Available],[Not Applicable],[Not Available],[Not Available],[Not Available],[Not Available],C34.1,8140/3,C34.1,YES,[Not Available],[Not Available],[Not Available],[Not Available],NO,99,0:LIVING,1.45,0:DiseaseFree,1.45,matched
TCGA-MN-A4N1-01Z-00-DX2.9B0852C4-16BF-4962-B86F-E2570E48A89E,TCGA-MN-A4N1-01,TCGA-MN-A4N1,9,9,156.03780833136992,51.021648990782694,0.3269826046417577,3229453.4982366753,3229.4534982366754,63.29574919893498,2697,17.284272503190458,1.721786208819547,0.11184223938366639,0.567690752,1.9363118791618765,0.1829356407546919,120.8930500986953,13.035685459319618,0.9691405380229655,75A0BB0B-6528-4FB8-A9E6-254905D21DF4,TCGA-MN-A4N1,12/4/12 0:00,Lung Adenocarcinoma,NO,YES,Male,Lung,BLACK OR AFRICAN AMERICAN,NOT HISPANIC OR LATINO,[Not Available],"Yes, History of Prior Malignancy",R-Upper,[Not Available],2011,[Not Available],[Not Available],R0,7th,T2a,N1,M0,Stage IIA,[Not Applicable],[Not Applicable],[Not Applicable],[Not Applicable],YES,117,[Not Available],74,[Not Available],55,NO,[Not Available],[Not Available],YES,[Not Available],YES,IHC,2,No,1967,[Not Available],[Not Available],100,0,Preoperative,NO,[Not Available],Complete Remission/Response,[Not Available],NO,60,[Not Applicable],0,[Not Available],[Not Available],[Not Available],[Not Available],[Not Applicable],[Not Available],[Not Available],[Not Available],[Not Available],C34.1,8140/3,C34.1,YES,[Not Available],[Not Available],[Not Available],[Not Available],NO,MN,0:LIVING,27.17,0:DiseaseFree,27.17,matched
TCGA-MN-A4N4-01Z-00-DX1.7D8352EF-7A4B-4084-9612-CF92D9D16041,TCGA-MN-A4N4-01,TCGA-MN-A4N4,2,2,98.87486524236968,35.37739105580348,0.35779963865522035,2086692.683907492,2086.692683907492,58.98379223657255,1749,17.689025372754912,1.7226821490542312,0.1340740752676817,0.6586764617683698,2.0100275988391423,0.024814604714682706,113.45274835298977,11.641536123063103,0.9744289509536023,CEEAD734-1CE0-4385-B65A-A9C853B7308E,TCGA-MN-A4N4,12/4/12 0:00,Lung Adenocarcinoma,NO,YES,Male,Lung,WHITE,NOT HISPANIC OR LATINO,[Not Available],No,L-Upper,[Not Available],2010,[Not Available],[Not Available],R0,7th,T1b,N0,M0,Stage IA,[Not Applicable],[Not Applicable],[Not Applicable],[Not Applicable],YES,77,82,70,75,[Not Available],NO,[Not Available],[Not Available],NO,[Not Available],NO,[Not Available],2,No,1980,[Not Available],[Not Available],100,1,Preoperative,NO,[Not Available],Complete Remission/Response,[Not Available],NO,57,[Not Applicable],0,[Not Available],[Not Available],[Not Available],[Not Available],[Not Applicable],[Not Available],[Not Available],[Not Available],[Not Available],C34.1,8140/3,C34.1,YES,[Not Available],[Not Available],[Not Available],[Not Available],NO,MN,0:LIVING,38.6,0:DiseaseFree,38.6,matched
TCGA-MP-A4SV-01Z-00-DX1.5430F2CF-BE4B-42D6-9CD4-92E6FB3F6E99,TCGA-MP-A4SV-01,TCGA-MP-A4SV,8,8,119.65995233251367,45.92248767991705,0.3837749120299383,1833153.0789446356,1833.1530789446356,39.918418438518415,1174,9.811135448,1.7430775955093762,0.10231696290177426,0.5942078377512016,1.9726383664299467,0.11461216969259935,140.7823215827661,14.779087456745229,0.9673259744769979,706420C4-8820-4B41-80D9-F3EFD1D2A4F0,TCGA-MP-A4SV,4/2/13 0:00,Lung Adenocarcinoma,NO,YES,Male,Lung,[Not Available],[Not Available],[Not Available],No,L-Lower,[Not Available],2001,[Not Available],[Not Available],R0,5th,T2,N0,M0,Stage IB,[Not Applicable],[Not Applicable],[Not Applicable],[Not Applicable],YES,62,78,[Not Available],[Not Available],48,NO,[Not Available],[Not Available],NO,[Not Available],NO,[Not Available],2,No,1946,[Not Available],110,[Not Available],[Not Available],[Not Available],NO,[Not Available],Complete Remission/Response,[Not Available],[Not Available],67,[Not Applicable],0,[Not Available],[Not Available],[Not Available],[Not Available],[Not Applicable],[Not Available],[Not Available],[Not Available],[Not Available],C34.3,8140/3,C34.3,YES,[Not Available],[Not Available],[Not Available],[Not Available],NO,MP,1:DECEASED,86.07,[Not Available],[Not Available],matched
TCGA-MP-A4SW-01Z-00-DX1.A6651B25-A35A-4BDE-9EBF-D264A02003C8,TCGA-MP-A4SW-01,TCGA-MP-A4SW,2,2,102.11058926452436,47.36461222216438,0.4638560267188662,1753816.2985429247,1753.8162985429246,37.02798812,1112,10.890153587492176,1.7755153976839237,0.076092669,0.5899861058580578,1.7915284358696855,0.2035251297956339,144.3250710500305,13.660792248693118,0.9733074639816182,15F12D2C-B834-4BFC-B526-F03BF85BFE96,TCGA-MP-A4SW,4/2/13 0:00,Lung Adenocarcinoma,NO,YES,Male,Lung,WHITE,[Not Available],[Not Available],No,L-Upper,[Not Available],2002,[Not Available],[Not Available],R0,5th,T2,N1,M0,Stage IIB,[Not Applicable],[Not Applicable],[Not Applicable],[Not Applicable],YES,90,101,[Not Available],[Not Available],102,NO,[Not Available],[Not Available],NO,[Not Available],NO,[Not Available],3,No,1967,1982,15,[Not Available],[Not Available],[Not Available],NO,[Not Available],Complete Remission/Response,[Not Available],[Not Available],53,[Not Applicable],0,[Not Available],[Not Available],[Not Available],[Not Available],[Not Applicable],[Not Available],[Not Available],[Not Available],[Not Available],C34.1,8140/3,C34.1,YES,[Not Available],[Not Available],[Not Available],[Not Available],NO,MP,1:DECEASED,58.41,[Not Available],[Not Available],matched
TCGA-MP-A4SY-01Z-00-DX1.9535274F-C850-409E-80A1-B933B2F1A110,TCGA-MP-A4SY-01,TCGA-MP-A4SY,12,12,152.21577181941578,64.72413389418485,0.4252130585454154,2782881.472024977,2782.881472024977,42.996040342148255,1779,11.687356564538872,1.7208703135169194,0.073582466,0.6129499511578911,1.8730241603984987,0.18497788380769317,130.4710967783294,12.23296229683862,0.9719935200155004,8CC6BCEC-65DF-46A9-A88C-09762A132857,TCGA-MP-A4SY,4/2/13 0:00,Lung Adenocarcinoma,NO,YES,Male,Lung,WHITE,NOT HISPANIC OR LATINO,[Not Available],No,R-Lower,Central Lung,2002,[Not Available],[Not Available],R0,5th,T2,N1,M0,Stage IIB,[Not Applicable],[Not Applicable],[Not Applicable],[Not Applicable],YES,54,74,[Not Available],[Not Available],73,NO,[Not Available],[Not Available],NO,[Not Available],NO,[Not Available],4,No,[Not Available],2002,40,[Not Available],0,Pre-Adjuvant Therapy,NO,[Not Available],Complete Remission/Response,TUMOR FREE,YES,61,[Not Applicable],0,[Not Available],[Not Available],[Not Available],[Not Available],[Not Applicable],[Not Available],[Not Available],[Not Available],[Not Available],C34.3,8140/3,C34.3,YES,[Not Available],[Not Available],[Not Available],[Not Available],NO,MP,1:DECEASED,49.31,1:Recurred/Progressed,16.06,matched
TCGA-MP-A4TD-01Z-00-DX1.937DEBC9-F5D5-4682-AA9A-13D8226EE06C,TCGA-MP-A4TD-01,TCGA-MP-A4TD,7,7,180.47024755604113,75.64510465926242,0.41915554327464677,2433431.2767713265,2433.4312767713263,32.16905162247486,1337,7.408423372305862,1.7562306336248334,0.11019766235292999,0.5838894402968076,1.6009460972339071,0.19674044003622687,171.4472272,12.780379283187372,0.9485539787454166,383D1253-349F-43B3-BEBD-9F1D1CF14B3D,TCGA-MP-A4TD,5/8/13 0:00,Lung Adenocarcinoma,NO,YES,Male,Lung,WHITE,[Not Available],[Not Available],"Yes, History of Prior Malignancy",L-Lower,Peripheral Lung,2008,[Not Available],[Not Available],RX,6th,T2,N2,M0,Stage IIIA,[Not Applicable],[Not Applicable],[Not Applicable],[Not Applicable],YES,93,92,[Not Available],[Not Available],61,NO,[Not Available],[Not Available],NO,[Not Available],NO,[Not Available],3,No,[Not Available],1990,20,[Not Available],0,Post-Adjuvant Therapy,NO,[Not Available],Complete Remission/Response,[Not Available],YES,71,[Not Applicable],0,[Not Available],[Not Available],[Not Available],[Not Available],[Not Applicable],[Not Available],[Not Available],[Not Available],[Not Available],C34.3,8140/3,C34.3,YES,[Not Available],[Not Available],[Not Available],[Not Available],YES,MP,1:DECEASED,10.09,1:Recurred/Progressed,7.42,matched
TCGA-NJ-A4YG-01Z-00-DX1.507BAE41-5EE9-4657-AAD1-AD456750BA2F,TCGA-NJ-A4YG-01,TCGA-NJ-A4YG,8,8,164.5250514792769,33.25568089773556,0.20213141159189582,3130455.486363506,3130.4554863635058,94.13295418578136,3490,21.212575037179615,1.5793434202882417,0.16277928392311258,0.6083597208677514,2.0206347471436974,0.046046054,113.26794429668433,16.897498924982845,0.9717873127069185,7FD03220-531E-4EF8-BECA-E9703E8C0AE1,TCGA-NJ-A4YG,4/26/13 0:00,Lung Adenocarcinoma,NO,YES,Male,Lung,WHITE,[Not Available],[Not Available],No,L-Upper,[Not Available],2008,[Not Available],[Not Available],[Not Available],6th,T2,N0,M0,Stage IB,[Not Applicable],[Not Applicable],[Not Applicable],[Not Applicable],NO,[Not Available],[Not Available],[Not Available],[Not Available],[Not Available],[Not Available],[Not Available],[Not Available],[Not Available],[Not Available],[Not Available],[Not Available],4,No,1955,2007,104,[Not Available],[Not Available],[Not Available],NO,[Not Available],[Not Applicable],TUMOR FREE,NO,65,[Not Applicable],0,[Not Available],[Not Available],[Not Available],[Not Available],[Not Applicable],[Not Available],[Not Available],[Not Available],[Not Available],C34.1,8255/3,C34.1,YES,[Not Available],[Not Available],[Not Available],[Not Available],NO,NJ,0:LIVING,74.28,0:DiseaseFree,74.28,matched
TCGA-NJ-A7XG-01Z-00-DX1.4A876254-653C-410B-A36C-55FC41C1DD93,TCGA-NJ-A7XG-01,TCGA-NJ-A7XG,11,11,8.305069063006464,1.9505425597950006,0.23486169049254088,125684.95029495672,125.68495029495672,64.43589229253529,91,10.957163547904042,1.3951615144476324,0.1566518186520481,0.647431937,2.2710717623835097,0.5544400168018647,235.10011269671898,12.489609363477275,0.6665881718256161,01E9888D-B5B9-48F1-8BA6-8A89AF108A04,TCGA-NJ-A7XG,5/22/14 0:00,Lung Adenocarcinoma,[Not Available],[Not Available],Male,Lung,BLACK OR AFRICAN AMERICAN,NOT HISPANIC OR LATINO,[Not Available],No,L-Upper,[Not Available],2013,[Not Available],[Not Available],[Not Available],7th,T4,N1,M0,Stage IIIA,[Not Applicable],[Not Applicable],[Not Applicable],[Not Applicable],NO,[Not Available],[Not Available],[Not Available],[Not Available],[Not Available],YES,NO,[Not Available],YES,Other,[Not Available],[Not Available],3,No,[Not Available],[Not Available],[Not Available],[Not Available],[Not Available],[Not Available],NO,[Not Available],Stable Disease,WITH TUMOR,NO,49,[Not Applicable],0,[Not Available],[Not Available],[Not Available],[Not Available],[Not Applicable],[Not Available],[Not Available],[Not Available],[Not Available],C34.1,8140/3,C34.1,YES,[Not Available],[Not Available],[Not Available],[Not Available],YES,NJ,0:LIVING,20.27,0:DiseaseFree,20.27,matched