wsi_name,sample_id,subject_id,n_clusters,total_cluster_area_mm2,wsi_til_area_total_um2,wsi_til_area_total_mm2,wsi_til_area_intratumoral_um2,wsi_til_fraction_intratumoral,wsi_til_area_extratumoral_um2,wsi_til_contact_area_um2,wsi_til_contact_fraction,wsi_til_pct_within_50um,wsi_til_pct_within_100um,wsi_til_pct_within_200um,wsi_til_extratumoral_distance_aw_median_um,wsi_dominant_immune_phenotype,contact_tolerance_um_used,proximity_thresholds_um,source_file,OTHER_PATIENT_ID,PATIENT_ID,FORM_COMPLETION_DATE,HISTOLOGICAL_DIAGNOSIS,PROSPECTIVE_COLLECTION,RETROSPECTIVE_COLLECTION,SEX,TUMOR_SITE,RACE,ETHNICITY,LATERALITY,HISTORY_OTHER_MALIGNANCY,PRIMARY_SITE_PATIENT,LOCATION_LUNG_PARENCHYMA,INITIAL_PATHOLOGIC_DX_YEAR,METHOD_OF_INITIAL_SAMPLE_PROCUREMENT,METHOD_OF_INITIAL_SAMPLE_PROCUREMENT_OTHER,RESIDUAL_TUMOR,AJCC_STAGING_EDITION,AJCC_TUMOR_PATHOLOGIC_PT,AJCC_NODES_PATHOLOGIC_PN,AJCC_METASTASIS_PATHOLOGIC_PM,AJCC_PATHOLOGIC_TUMOR_STAGE,AJCC_NODES_CLINICAL_CT,AJCC_NODES_CLINICAL_CN,AJCC_METASTASIS_CLINICAL_CM,AJCC_CLINICAL_TUMOR_STAGE,PULMONARY_FUNCTION_TEST_INDICATOR,FEV1_PERCENT_REF_PREBRONCHOLIATOR,FEV1_PERCENT_REF_POSTBRONCHOLIATOR,FEV1_FVC_RATIO_PREBRONCHOLIATOR,FEV1_FVC_RATIO_POSTBRONCHOLIATOR,CARBON_MONOXIDE_DIFFUSION_DLCO,KRAS_GENE_ANALYSIS_INDICATOR,KRAS_MUTATION,KRAS_MUTATION_IDENTIFIED_TYPE,MUTATION_STATUS,MUTATION_TYPE,ALK_TRANSLOCATION_STATUS,ALK_ANALYSIS_TYPE,TOBACCO_SMOKING_HISTORY_INDICATOR,HISTORY_NEOADJUVANT_TRTYN,SMOKING_YEAR_STARTED,SMOKING_YEAR_STOPPED,SMOKING_PACK_YEARS,KARNOFSKY_PERFORMANCE_SCORE,ECOG_SCORE,PERFORMANCE_STATUS_TIMING,RADIATION_TREATMENT_ADJUVANT,PHARMACEUTICAL_TX_ADJUVANT,TREATMENT_OUTCOME_FIRST_COURSE,TUMOR_STATUS,NEW_TUMOR_EVENT_AFTER_INITIAL_TREATMENT,AGE,PRIMARY_SITE_OTHER,DAYS_TO_INITIAL_PATHOLOGIC_DIAGNOSIS,DAYS_TO_PATIENT_PROGRESSION_FREE,DAYS_TO_TUMOR_PROGRESSION,DISEASE_CODE,ALK_TRANSLOCATION_VARIANT,EXTRANODAL_INVOLVEMENT,HISTORY_IMMUNOLOGICAL_DISEASE,HISTORY_IMMUNOLOGICAL_DISEASE_OTHER,HISTORY_RELEVANT_INFECTIOUS_DX,HIV_STATUS,ICD_10,ICD_O_3_HISTOLOGY,ICD_O_3_SITE,INFORMED_CONSENT_VERIFIED,NUMBER_OF_LYMPHNODES_POSITIVE_BY_IHC,POS_LYMPH_NODE_LOCATION,PROJECT_CODE,STAGE_OTHER,TARGETED_MOLECULAR_THERAPY,TISSUE_SOURCE_SITE,OS_STATUS,OS_MONTHS,DFS_STATUS,DFS_MONTHS,clinical_match
TCGA-05-4244-01Z-00-DX1.d4ff32cd-38cf-40ea-8213-45c2b100ac01,TCGA-05-4244-01,TCGA-05-4244,1,29.785992334370228,1714116.0007995656,1.7141160007995655,186671.8125,0.10890267193872828,1527444.1882995656,82812.78912401383,0.0483122432118859,67.43184141866372,91.4154973978243,98.30555121476586,33.522719307873835,margin-localized,5.0,50;100;200,/data1/deasy/Himangi/male_psg_negative_features/TCGA-05-4244/immune_proximity_wsi_summary.csv,34040b83-7e8a-4264-a551-b16621843e28,TCGA-05-4244,2010-07-22 00:00:00,Lung Adenocarcinoma,NO,YES,MALE,Lung,[Not Available],[Not Available],[Not Available],No,R-Lower,Peripheral Lung,2009,[Not Available],[Not Available],RX,6th,T2,N2,M1,Stage IV,[Not Applicable],[Not Applicable],[Not Applicable],[Not Applicable],[Not Available],[Not Available],[Not Available],[Not Available],[Not Available],[Not Available],[Not Available],[Not Available],[Not Available],[Not Available],[Not Available],[Not Available],[Not Available],4,No,[Not Available],[Not Available],38,[Not Available],[Not Available],[Not Available],[Not Available],[Not Available],[Not Available],TUMOR FREE,[Not Available],70,[Not Applicable],0,[Not Available],[Not Available],[Not Available],[Not Available],[Not Applicable],[Not Available],[Not Available],[Not Available],[Not Available],C34.3,8140/3,C34.3,YES,[Not Available],[Not Available],[Not Available],[Not Available],[Not Available],5,0:LIVING,0,0:DiseaseFree,0,matched
TCGA-05-4382-01Z-00-DX1.76b49a4c-dbbb-48b0-b677-6d3037e5ce88,TCGA-05-4382-01,TCGA-05-4382,1,30.281901458788568,2788199.8646436944,2.7881998646436945,142781.96593111468,0.05120937266430894,2645417.898712579,2889.0723687657587,0.0010361783620325062,41.48574590018102,82.00289642843478,97.9036547900995,55.97237041612585,peritumoral,5.0,50;100;200,/data1/deasy/Himangi/male_psg_negative_features/TCGA-05-4382/immune_proximity_wsi_summary.csv,3434b91a-c05f-460f-a078-7b1bb6e7085d,TCGA-05-4382,2010-07-22 00:00:00,Lung Adenocarcinoma,NO,YES,Male,Lung,[Not Available],[Not Available],[Not Available],Yes,L-Upper,[Not Available],2009,[Not Available],[Not Available],R0,6th,T2,N0,M0,Stage IB,[Not Applicable],[Not Applicable],[Not Applicable],[Not Applicable],[Not Available],[Not Available],[Not Available],[Not Available],[Not Available],[Not Available],[Not Available],[Not Available],[Not Available],[Not Available],[Not Available],[Not Available],[Not Available],4,No,[Not Available],[Not Available],62,[Not Available],[Not Available],[Not Available],[Not Available],[Not Available],[Not Available],TUMOR FREE,[Not Available],68,[Not Applicable],0,[Not Available],[Not Available],[Not Available],[Not Available],[Not Applicable],[Not Available],[Not Available],[Not Available],[Not Available],C34.1,8255/3,C34.1,YES,[Not Available],[Not Available],[Not Available],[Not Available],[Not Available],5,0:LIVING,19.94,1:Recurred/Progressed,10.97,matched
TCGA-05-4395-01Z-00-DX1.20205276-ca16-46b2-914a-fe5e576a5cf9,TCGA-05-4395-01,TCGA-05-4395,1,39.98180230236401,293239.97557584976,0.29323997557584974,49326.84375,0.16821323100008603,243913.13182584973,12406.960759184507,0.0423099229046802,77.93895264094208,91.57113130703824,99.06638965419916,29.789364712930688,margin-localized,5.0,50;100;200,/data1/deasy/Himangi/male_psg_negative_features/TCGA-05-4395/immune_proximity_wsi_summary.csv,762dea8a-5b41-4058-979a-b7876ed13d7e,TCGA-05-4395,2010-07-22 00:00:00,Lung Adenocarcinoma,NO,YES,Male,Lung,[Not Available],[Not Available],[Not Available],No,L-Upper,[Not Available],2006,[Not Available],[Not Available],R0,5th,T4,N2,M0,Stage IIIB,[Not Applicable],[Not Applicable],[Not Applicable],[Not Applicable],[Not Available],[Not Available],[Not Available],[Not Available],[Not Available],[Not Available],[Not Available],[Not Available],[Not Available],[Not Available],[Not Available],[Not Available],[Not Available],3,No,[Not Available],1983,[Not Available],[Not Available],[Not Available],[Not Available],[Not Available],[Not Available],[Not Available],TUMOR FREE,[Not Available],76,[Not Applicable],0,[Not Available],[Not Available],[Not Available],[Not Available],[Not Applicable],[Not Available],[Not Available],[Not Available],[Not Available],C34.1,8255/3,C34.1,YES,[Not Available],[Not Available],[Not Available],[Not Available],[Not Available],5,1:DECEASED,0,[Not Available],[Not Available],matched
TCGA-05-4397-01Z-00-DX1.00e9cdb3-b50e-439c-86b0-d7b73b802c0d,TCGA-05-4397-01,TCGA-05-4397,6,98.26418083444068,508778.4684575781,0.5087784684575781,36829.59375,0.07238827118933168,471948.8747075781,25252.376928783735,0.04963334436172052,75.0760852240438,92.5872340587262,96.25313964095368,29.815906513973378,margin-localized,5.0,50;100;200,/data1/deasy/Himangi/male_psg_negative_features/TCGA-05-4397/immune_proximity_wsi_summary.csv,6dfd47d2-831a-4386-9051-f78199a16bb5,TCGA-05-4397,2010-07-22 00:00:00,Lung Adenocarcinoma,NO,YES,Male,Lung,[Not Available],[Not Available],[Not Available],No,R-Middle,[Not Available],2006,[Not Available],[Not Available],R0,5th,T2,N1,M0,Stage IIB,[Not Applicable],[Not Applicable],[Not Applicable],[Not Applicable],[Not Available],[Not Available],[Not Available],[Not Available],[Not Available],[Not Available],[Not Available],[Not Available],[Not Available],[Not Available],[Not Available],[Not Available],[Not Available],2,No,[Not Available],[Not Available],45,[Not Available],[Not Available],[Not Available],[Not Available],[Not Available],[Not Available],[Not Available],[Not Available],65,[Not Applicable],0,[Not Available],[Not Available],[Not Available],[Not Available],[Not Applicable],[Not Available],[Not Available],[Not Available],[Not Available],C34.2,8255/3,C34.2,YES,[Not Available],[Not Available],[Not Available],[Not Available],[Not Available],5,1:DECEASED,24.01,[Not Available],[Not Available],matched
TCGA-05-4415-01Z-00-DX1.55E0C429-B308-4962-8DA9-41D7D3F7764E,TCGA-05-4415-01,TCGA-05-4415,5,50.48386359516783,1060072.3669705614,1.0600723669705614,105245.648918649,0.09928157001150442,954826.7180519124,93512.86288560339,0.08821365955688597,77.99658454659587,91.93708529736227,95.39960866455914,21.966327213487464,margin-localized,5.0,50;100;200,/data1/deasy/Himangi/male_psg_negative_features/TCGA-05-4415/immune_proximity_wsi_summary.csv,d15b7b29-c5c5-41d8-b83b-7cc12fe92820,TCGA-05-4415,2010-07-22 00:00:00,Lung Adenocarcinoma,NO,YES,Male,Lung,[Not Available],[Not Available],[Not Available],No,L-Lower,[Not Available],2008,[Not Available],[Not Available],R0,6th,T4,N2,M0,Stage IIIB,[Not Applicable],[Not Applicable],[Not Applicable],[Not Applicable],[Not Available],[Not Available],[Not Available],[Not Available],[Not Available],[Not Available],[Not Available],[Not Available],[Not Available],[Not Available],[Not Available],[Not Available],[Not Available],4,No,1997,2007,29,[Not Available],[Not Available],[Not Available],[Not Available],[Not Available],[Not Available],WITH TUMOR,[Not Available],57,[Not Applicable],0,[Not Available],[Not Available],[Not Available],[Not Available],[Not Applicable],[Not Available],[Not Available],[Not Available],[Not Available],C34.3,8255/3,C34.3,YES,[Not Available],[Not Available],[Not Available],[Not Available],[Not Available],5,1:DECEASED,2.99,1:Recurred/Progressed,1.97,matched
TCGA-05-4418-01Z-00-DX1.f3863ea5-564f-482f-9878-cc104cf69401,TCGA-05-4418-01,TCGA-05-4418,3,82.96884610692295,8351823.575068088,8.351823575068089,861329.1247752521,0.10313066566043094,7490494.450292836,166452.31402409068,0.01993005629584718,49.432642262974625,87.93213893631591,96.71001453781646,50.23149534903376,peritumoral,5.0,50;100;200,/data1/deasy/Himangi/male_psg_negative_features/TCGA-05-4418/immune_proximity_wsi_summary.csv,d2c1e896-6886-4122-bb48-5fbcd3f641f4,TCGA-05-4418,2010-07-22 00:00:00,Lung Adenocarcinoma,NO,YES,Male,Lung,[Not Available],[Not Available],[Not Available],Yes,L-Lower,[Not Available],2008,[Not Available],[Not Available],R0,6th,T3,N2,M0,Stage IIIA,[Not Applicable],[Not Applicable],[Not Applicable],[Not Applicable],[Not Available],[Not Available],[Not Available],[Not Available],[Not Available],[Not Available],[Not Available],[Not Available],[Not Available],[Not Available],[Not Available],[Not Available],[Not Available],2,No,[Not Available],[Not Available],25,[Not Available],[Not Available],[Not Available],[Not Available],[Not Available],[Not Available],[Not Available],[Not Available],69,[Not Applicable],0,[Not Available],[Not Available],[Not Available],[Not Available],[Not Applicable],[Not Available],[Not Available],[Not Available],[Not Available],C34.3,8255/3,C34.3,YES,[Not Available],[Not Available],[Not Available],[Not Available],[Not Available],5,1:DECEASED,9,[Not Available],[Not Available],matched
TCGA-05-4432-01Z-00-DX1.90d00d62-402b-404a-85e2-0edf869193ab,TCGA-05-4432-01,TCGA-05-4432,3,79.66772801014899,6344843.616620002,6.344843616620002,679810.1461237841,0.10714371971959329,5665033.470496219,25614.893754168497,0.004037119793949146,26.79602351262763,74.20558595493391,96.15591598057439,58.51415427056944,peritumoral,5.0,50;100;200,/data1/deasy/Himangi/male_psg_negative_features/TCGA-05-4432/immune_proximity_wsi_summary.csv,e737f650-b72d-44e7-b750-558a56716803,TCGA-05-4432,2010-07-22 00:00:00,Lung Adenocarcinoma,NO,YES,Male,Lung,[Not Available],[Not Available],[Not Available],No,R-Upper,[Not Available],2008,[Not Available],[Not Available],R0,6th,T2,N1,M0,Stage IIB,[Not Applicable],[Not Applicable],[Not Applicable],[Not Applicable],[Not Available],[Not Available],[Not Available],[Not Available],[Not Available],[Not Available],[Not Available],[Not Available],[Not Available],[Not Available],[Not Available],[Not Available],[Not Available],2,No,[Not Available],[Not Available],58,[Not Available],[Not Available],[Not Available],[Not Available],[Not Available],[Not Available],TUMOR FREE,[Not Available],66,[Not Applicable],0,[Not Available],[Not Available],[Not Available],[Not Available],[Not Applicable],[Not Available],[Not Available],[Not Available],[Not Available],C34.1,8255/3,C34.1,YES,[Not Available],[Not Available],[Not Available],[Not Available],[Not Available],5,0:LIVING,25,0:DiseaseFree,25,matched
TCGA-35-4123-01Z-00-DX1.990553a8-657e-49ec-9782-e6d30a4c4909,TCGA-35-4123-01,TCGA-35-4123,2,112.25201946432449,5897669.920240853,5.897669920240853,1199258.2544571524,0.2033444174861818,4698411.665783701,118224.9430133602,0.020046042693507005,63.99111632608236,81.53772266716605,88.82201738905222,25.559367167439806,margin-localized,5.0,50;100;200,/data1/deasy/Himangi/male_psg_negative_features/TCGA-35-4123/immune_proximity_wsi_summary.csv,6cf49cf0-de4c-4c90-8358-eae19c6206b0,TCGA-35-4123,2010-12-20 00:00:00,Lung Adenocarcinoma,NO,YES,Male,Lung,WHITE,NOT HISPANIC OR LATINO,[Not Available],No,R-Upper,Peripheral Lung,2010,[Not Available],[Not Available],R0,7th,T1,N0,M0,Stage IA,[Not Applicable],[Not Applicable],[Not Applicable],[Not Applicable],YES,[Not Available],[Not Available],[Not Available],[Not Available],[Not Available],NO,[Not Available],[Not Available],NO,[Not Available],NO,[Not Available],4,No,1990,2010,20,90,1,Preoperative,[Not Available],[Not Available],[Not Available],TUMOR FREE,[Not Available],38,[Not Applicable],0,[Not Available],[Not Available],[Not Available],[Not Available],[Not Applicable],[Not Available],[Not Available],[Not Available],[Not Available],C34.1,8140/3,C34.1,YES,[Not Available],[Not Available],[Not Available],[Not Available],[Not Available],35,0:LIVING,5.98,0:DiseaseFree,5.98,matched
TCGA-38-4629-01Z-00-DX1.d00cc280-5370-4b9f-9655-6c35deb94647,TCGA-38-4629-01,TCGA-38-4629,2,100.39693702898447,4093495.15001238,4.09349515001238,3233701.68211901,0.7899610390668792,859793.4678933695,70007.97711425886,0.017102249923038784,20.363252871007642,33.11194945317734,44.92258498234249,20.451925337239036,immune-penetrated,5.0,50;100;200,/data1/deasy/Himangi/male_psg_negative_features/TCGA-38-4629/immune_proximity_wsi_summary.csv,127bf818-f7e5-46b5-a9de-39f6d96b8b83,TCGA-38-4629,2010-12-13 00:00:00,Lung Adenocarcinoma,NO,YES,Male,Lung,WHITE,NOT HISPANIC OR LATINO,[Not Available],Yes,R-Upper,Peripheral Lung,2003,[Not Available],[Not Available],R0,[Not Available],T3,N0,M0,Stage IIB,[Not Applicable],[Not Applicable],[Not Applicable],[Not Applicable],[Not Available],[Not Available],[Not Available],[Not Available],[Not Available],[Not Available],NO,[Not Available],[Not Available],NO,[Not Available],NO,[Not Available],4,No,[Not Available],2003,100,[Not Available],[Not Available],[Not Available],[Not Available],[Not Available],[Not Available],WITH TUMOR,[Not Available],68,[Not Applicable],0,[Not Available],[Not Available],[Not Available],[Not Available],[Not Applicable],[Not Available],[Not Available],[Not Available],[Not Available],C34.1,8140/3,C34.1,YES,[Not Available],[Not Available],[Not Available],[Not Available],[Not Available],38,1:DECEASED,28.38,1:Recurred/Progressed,12.45,matched
TCGA-44-2656-01Z-00-DX1.5f247f31-4bb5-460d-a1f7-7dcdba33c835,TCGA-44-2656-01,TCGA-44-2656,9,45.020370570634164,4178689.903199852,4.178689903199852,464337.9375,0.11112045838683339,3714351.9656998524,138073.58096915646,0.03304231330097645,66.45852370927183,91.35004553367936,96.92677578026118,31.832815222659775,margin-localized,5.0,50;100;200,/data1/deasy/Himangi/male_psg_negative_features/TCGA-44-2656/immune_proximity_wsi_summary.csv,42ca54fc-c1ae-41cd-bca1-7fe9810db460,TCGA-44-2656,2010-10-08 00:00:00,Lung Adenocarcinoma,YES,NO,Male,Lung,WHITE,NOT HISPANIC OR LATINO,[Not Available],No,R-Upper,[Not Available],2009,[Not Available],[Not Available],[Not Available],6th,T2,N0,M0,Stage IB,[Not Applicable],[Not Applicable],[Not Applicable],[Not Applicable],YES,79,84,86,86,72,NO,[Not Available],[Not Available],[Not Available],[Not Available],[Not Available],[Not Available],4,No,1994,2009,23,[Not Available],0,Pre-Adjuvant Therapy,[Not Available],[Not Available],[Not Available],TUMOR FREE,[Not Available],59,[Not Applicable],0,[Not Available],[Not Available],FPPP,[Not Available],[Not Applicable],[Not Available],[Not Available],[Not Available],[Not Available],C34.1,8140/3,C34.1,YES,[Not Available],[Not Available],TCGA,[Not Available],[Not Available],44,0:LIVING,46.94,1:Recurred/Progressed,18.66,matched
TCGA-44-2662-01Z-00-DX1.398f3f84-fd48-4454-b789-a3e90cd36d73,TCGA-44-2662-01,TCGA-44-2662,12,81.43817059194916,6279800.295278639,6.279800295278639,37770.17720259025,0.006014550690566882,6242030.118076048,149794.69286140153,0.02385341664033841,60.90255657835934,89.7117819730762,99.93159903572945,36.106180218904356,margin-localized,5.0,50;100;200,/data1/deasy/Himangi/male_psg_negative_features/TCGA-44-2662/immune_proximity_wsi_summary.csv,ccda26c1-a6d6-4317-8cf8-8a87e15ce12e,TCGA-44-2662,2010-10-12 00:00:00,Lung Adenocarcinoma,YES,NO,Male,Lung,WHITE,NOT HISPANIC OR LATINO,[Not Available],Yes,R-Upper,[Not Available],2009,[Not Available],[Not Available],R0,6th,T2,N0,M0,Stage IB,[Not Applicable],[Not Applicable],[Not Applicable],[Not Applicable],YES,67,73,88,94,78,NO,[Not Available],[Not Available],[Not Available],[Not Available],[Not Available],[Not Available],3,[Discrepancy],1956,1984,56,[Not Available],[Not Available],[Not Available],[Not Available],[Not Available],[Not Available],[Discrepancy],[Not Available],65,[Not Applicable],0,[Not Available],[Not Available],FPPP,[Not Available],[Not Applicable],[Not Available],[Not Available],[Not Available],[Not Available],C34.1,8140/3,C34.1,YES,[Not Available],[Not Available],TCGA,[Not Available],[Not Available],44,0:LIVING,42.05,1:Recurred/Progressed,8.05,matched
TCGA-44-2668-01Z-00-DX1.f66fa464-dad1-4a9f-8486-3d7579ca42b6,TCGA-44-2668-01,TCGA-44-2668,4,40.464874779711955,3482442.0223292666,3.4824420223292667,172990.46897635228,0.04967504638042641,3309451.5533529143,135692.24716887248,0.038964682340386345,61.564937558730826,92.2032840562274,99.76213982617313,37.46352392661427,margin-localized,5.0,50;100;200,/data1/deasy/Himangi/male_psg_negative_features/TCGA-44-2668/immune_proximity_wsi_summary.csv,bab43415-d413-40be-a4c0-2c40a52afe6a,TCGA-44-2668,2010-10-22 00:00:00,Lung Adenocarcinoma,YES,NO,Male,Lung,WHITE,NOT HISPANIC OR LATINO,[Not Available],No,R-Upper,[Not Available],2009,[Not Available],[Not Available],R0,6th,T2,N0,M0,Stage IB,[Not Applicable],[Not Applicable],[Not Applicable],[Not Applicable],YES,82,[Not Available],104,[Not Available],53,NO,[Not Available],[Not Available],[Not Available],[Not Available],[Not Available],[Not Available],4,No,1979,2009,60,[Not Available],0,Other,[Not Available],[Not Available],[Not Available],TUMOR FREE,[Not Available],51,[Not Applicable],0,[Not Available],[Not Available],FPPP,[Not Available],[Not Applicable],[Not Available],[Not Available],[Not Available],[Not Available],C34.1,8140/3,C34.1,YES,[Not Available],[Not Available],TCGA,[Not Available],[Not Available],44,1:DECEASED,25,1:Recurred/Progressed,14.22,matched
TCGA-44-7660-01Z-00-DX1.f96c114b-f0fc-498a-97cc-e262344de357,TCGA-44-7660-01,TCGA-44-7660,7,78.81148717960319,2079979.724939607,2.0799797249396073,3054.375,0.0014684638332658193,2076925.349939607,26530.196157726863,0.012755026330123086,42.29876077991991,89.57790133188817,99.7427361573425,54.515622760819674,peritumoral,5.0,50;100;200,/data1/deasy/Himangi/male_psg_negative_features/TCGA-44-7660/immune_proximity_wsi_summary.csv,a534b96b-1665-444a-9308-e610f2f0e510,TCGA-44-7660,2011-12-22 00:00:00,Lung Adenocarcinoma,YES,NO,Male,Lung,WHITE,NOT HISPANIC OR LATINO,[Not Available],No,R-Upper,[Not Available],2011,[Not Available],[Not Available],[Not Available],7th,T2,N0,MX,Stage IB,[Not Applicable],[Not Applicable],[Not Applicable],[Not Applicable],YES,83,94,92,95,80,NO,[Not Available],[Not Available],[Not Available],[Not Available],[Not Available],[Not Available],2,No,1949,[Not Available],124,[Not Available],1,Pre-Adjuvant Therapy,[Not Available],[Not Available],[Not Available],TUMOR FREE,[Not Available],72,[Not Applicable],0,[Not Available],[Not Available],[Not Available],[Not Available],[Not Applicable],[Not Available],[Not Available],[Not Available],[Not Available],C34.1,8140/3,C34.1,YES,[Not Available],[Not Available],[Not Available],[Not Available],[Not Available],44,0:LIVING,19.45,1:Recurred/Progressed,8.31,matched
TCGA-44-7662-01Z-00-DX1.2f0b6cea-795a-40ad-93a9-319858e6fb3b,TCGA-44-7662-01,TCGA-44-7662,3,17.87040727085749,752539.9510094804,0.7525399510094803,23596.6875,0.03135605952660277,728943.2635094803,42576.40201890745,0.05657693250942245,58.13846516267135,93.08476526788148,99.52757491542728,39.461413114585746,margin-localized,5.0,50;100;200,/data1/deasy/Himangi/male_psg_negative_features/TCGA-44-7662/immune_proximity_wsi_summary.csv,ab9e6815-4d13-44db-93e5-553eb4f5bc95,TCGA-44-7662,2011-12-21 00:00:00,Lung Adenocarcinoma,YES,NO,Male,Lung,WHITE,NOT HISPANIC OR LATINO,[Not Available],No,L-Upper,[Not Available],2011,[Not Available],[Not Available],[Not Available],7th,T2a,N0,MX,Stage IB,[Not Applicable],[Not Applicable],[Not Applicable],[Not Applicable],YES,60,68,68,66,57,NO,[Not Available],[Not Available],[Not Available],[Not Available],[Not Available],[Not Available],2,No,1961,[Not Available],50,[Not Available],[Not Available],[Not Available],[Not Available],[Not Available],[Not Available],TUMOR FREE,[Not Available],61,[Not Applicable],0,[Not Available],[Not Available],[Not Available],[Not Available],[Not Applicable],[Not Available],[Not Available],[Not Available],[Not Available],C34.1,8140/3,C34.1,YES,[Not Available],[Not Available],[Not Available],[Not Available],[Not Available],44,0:LIVING,7.16,0:DiseaseFree,7.16,matched
TCGA-49-6745-01Z-00-DX6.3174fffa-c17c-44d1-8d21-1921a9ec1bee,TCGA-49-6745-01,TCGA-49-6745,3,103.81893374554522,9214809.2075436,9.2148092075436,2987962.0130596897,0.3242565250958889,6226847.194483911,577954.7984475888,0.06272021323832214,62.69049538881237,78.23924436922822,85.39013809383577,25.62621948317777,margin-localized,5.0,50;100;200,/data1/deasy/Himangi/male_psg_negative_features/TCGA-49-6745/immune_proximity_wsi_summary.csv,9c7875ad-ab71-4d48-b2e3-e4c7a46393e9,TCGA-49-6745,2011-08-11 00:00:00,Lung Adenocarcinoma,NO,YES,Male,Lung,WHITE,[Not Available],[Not Available],Yes,L-Upper,[Not Available],2011,[Not Available],[Not Available],[Not Available],7th,T2a,N2,M0,Stage IIIA,[Not Applicable],[Not Applicable],[Not Applicable],[Not Applicable],[Not Available],[Not Available],[Not Available],[Not Available],[Not Available],[Not Available],YES,NO,[Not Available],YES,[Not Available],[Not Available],[Not Available],4,No,[Not Available],[Not Available],20,[Not Available],[Not Available],[Not Available],[Not Available],[Not Available],[Not Available],TUMOR FREE,[Not Available],82,[Not Applicable],0,[Not Available],[Not Available],[Not Available],[Not Available],[Not Applicable],[Not Available],[Not Available],[Not Available],[Not Available],C34.1,8260/3,C34.1,YES,[Not Available],[Not Available],[Not Available],[Not Available],[Not Available],49,0:LIVING,17.15,0:DiseaseFree,17.15,matched
TCGA-49-AAR9-01Z-00-DX1.B6A9966E-89B8-404B-8ABC-1F8F8553D4DA,TCGA-49-AAR9-01,TCGA-49-AAR9,2,1.0980625126750778,144.96875,0.00014496875,0.0,0.0,144.96875,68.53125,0.4727311920672559,100.0,100.0,100.0,8.067101400131277,immune-desert,5.0,50;100;200,/data1/deasy/Himangi/male_psg_negative_features/TCGA-49-AAR9/immune_proximity_wsi_summary.csv,47B749E6-E060-4AA1-8F29-976E489BA789,TCGA-49-AAR9,2014-06-18 00:00:00,Lung Adenocarcinoma,NO,YES,Male,Lung,BLACK OR AFRICAN AMERICAN,NOT HISPANIC OR LATINO,[Not Available],No,Other (please specify),[Not Available],1999,[Not Available],[Not Available],R0,5th,T3,N0,MX,Stage IIB,[Not Applicable],[Not Applicable],[Not Applicable],[Not Applicable],NO,[Not Available],[Not Available],[Not Available],[Not Available],[Not Available],[Not Available],[Not Available],[Not Available],[Not Available],[Not Available],[Not Available],[Not Available],2,No,[Not Available],[Not Available],[Not Available],80,1,Preoperative,NO,[Not Available],Progressive Disease,WITH TUMOR,NO,61,ALL 3 LOBES OF RT LUNG,0,[Not Available],[Not Available],[Not Available],[Not Available],[Not Applicable],[Not Available],[Not Available],[Not Available],[Not Available],C34.1,8140/3,C34.9,YES,[Not Available],[Not Available],[Not Available],[Not Available],NO,49,1:DECEASED,8.54,[Not Available],[Not Available],matched
TCGA-50-5066-02Z-00-DX1.A2CA045A-7956-4E04-9EC9-5856FC789110,TCGA-50-5066-02,TCGA-50-5066,6,144.53837058520793,26327826.84351199,26.327826843511993,4599308.629728494,0.17469381947344087,21728518.213783495,2243603.3759359973,0.08521794788728991,71.94595661196533,85.97954503710875,94.05946778658894,22.875,margin-localized,5.0,50;100;200,/data1/deasy/Himangi/male_psg_negative_features/TCGA-50-5066/immune_proximity_wsi_summary.csv,3199cfe5-3be3-43cd-a36b-5cf2c7a9929f,TCGA-50-5066,2011-07-02 00:00:00,Lung Adenocarcinoma,NO,YES,Male,Lung,BLACK OR AFRICAN AMERICAN,NOT HISPANIC OR LATINO,[Not Available],No,R-Upper,[Not Available],2009,[Not Available],[Not Available],R0,6th,T2,N0,M0,Stage IB,[Not Applicable],[Not Applicable],[Not Applicable],[Not Applicable],NO,[Not Available],[Not Available],[Not Available],[Not Available],[Not Available],YES,NO,[Not Available],YES,[Not Available],YES,[Not Available],1,No,[Not Available],[Not Available],[Not Available],[Not Available],[Not Available],[Not Available],[Not Available],[Not Available],[Not Available],[Not Available],[Not Available],72,[Not Applicable],0,[Not Available],[Not Available],[Not Available],[Not Available],[Not Applicable],[Not Available],[Not Available],[Not Available],[Not Available],C34.1,8255/3,C34.1,YES,[Not Available],[Not Available],[Not Available],[Not Available],[Not Available],50,0:LIVING,47.37,1:Recurred/Progressed,15.67,matched
TCGA-55-1592-01Z-00-DX1.ee15e261-2f9c-4a93-a19f-27cb1c3bae15,TCGA-55-1592-01,TCGA-55-1592,7,75.49017340345856,2488662.6760600237,2.4886626760600237,125888.8125,0.05058492406825637,2362773.8635600237,136774.39748285568,0.05495899416123073,65.69035297739062,91.89461490492837,99.26416515749945,31.574200663642575,margin-localized,5.0,50;100;200,/data1/deasy/Himangi/male_psg_negative_features/TCGA-55-1592/immune_proximity_wsi_summary.csv,a41c46da-7ed4-4192-bd16-b3cbb94a5133,TCGA-55-1592,2011-03-15 00:00:00,Lung Adenocarcinoma,NO,YES,Male,Lung,WHITE,NOT HISPANIC OR LATINO,[Not Available],Yes,L-Upper,[Not Available],2005,[Not Available],[Not Available],R0,[Not Available],T2,N0,M0,Stage IA,[Not Applicable],[Not Applicable],[Not Applicable],[Not Applicable],[Not Available],[Not Available],[Not Available],[Not Available],[Not Available],[Not Available],[Not Available],[Not Available],[Not Available],[Not Available],[Not Available],[Not Available],[Not Available],4,No,1957,1997,[Not Available],[Not Available],[Not Available],[Not Available],[Not Available],[Not Available],[Not Available],WITH TUMOR,[Not Available],65,[Not Applicable],0,[Not Available],[Not Available],[Not Available],[Not Available],[Not Applicable],[Not Available],[Not Available],[Not Available],[Not Available],C34.1,8140/3,C34.1,YES,[Not Available],[Not Available],[Not Available],[Not Available],[Not Available],55,1:DECEASED,23.03,1:Recurred/Progressed,14.85,matched
TCGA-55-1594-01Z-00-DX1.bd90c500-7c0b-4c45-a3f7-2d9177384b1d,TCGA-55-1594-01,TCGA-55-1594,2,172.8011244085886,4078113.6424856354,4.0781136424856355,848576.5681986867,0.20808065752710952,3229537.074286949,34200.458469779915,0.008386342674093439,49.287491827921286,79.38729345929829,86.96996085880654,40.66209844560411,peritumoral,5.0,50;100;200,/data1/deasy/Himangi/male_psg_negative_features/TCGA-55-1594/immune_proximity_wsi_summary.csv,6d72de06-232a-4983-a06c-eba6d82cb3f1,TCGA-55-1594,2010-09-14 00:00:00,Lung Adenocarcinoma,NO,YES,Male,Lung,WHITE,NOT HISPANIC OR LATINO,[Not Available],No,R-Lower,[Not Available],2005,[Not Available],[Not Available],R0,[Not Available],T2,N2,M0,Stage IIIA,[Not Applicable],[Not Applicable],[Not Applicable],[Not Applicable],[Not Available],[Not Available],[Not Available],[Not Available],[Not Available],[Not Available],[Not Available],[Not Available],[Not Available],[Not Available],[Not Available],[Not Available],[Not Available],2,No,1965,[Not Available],[Not Available],[Not Available],[Not Available],[Not Available],[Not Available],[Not Available],[Not Available],TUMOR FREE,[Not Available],68,[Not Applicable],0,[Not Available],[Not Available],[Not Available],[Not Available],[Not Applicable],[Not Available],[Not Available],[Not Available],[Not Available],C34.3,8140/3,C34.3,YES,[Not Available],[Not Available],[Not Available],[Not Available],[Not Available],55,0:LIVING,38.7,0:DiseaseFree,38.7,matched
TCGA-55-6975-01Z-00-DX1.2762a872-b1c3-47fd-8ed5-b715a5b20163,TCGA-55-6975-01,TCGA-55-6975,1,21.727748278275556,113031.50096152505,0.11303150096152505,14526.65625,0.1285186529987313,98504.84471152503,4096.8125,0.036244873908155215,48.922653324243306,69.93850339403245,94.08192129479328,47.75016361228514,peritumoral,5.0,50;100;200,/data1/deasy/Himangi/male_psg_negative_features/TCGA-55-6975/immune_proximity_wsi_summary.csv,a046888c-f153-4f35-a1b6-23dd1691a91a,TCGA-55-6975,2011-07-27 00:00:00,Lung Adenocarcinoma,NO,YES,Male,Lung,WHITE,NOT HISPANIC OR LATINO,[Not Available],No,L-Lower,[Not Available],2004,[Not Available],[Not Available],[Not Available],6th,T2,N1,M0,Stage IIB,[Not Applicable],[Not Applicable],[Not Applicable],[Not Applicable],[Not Available],[Not Available],[Not Available],[Not Available],[Not Available],[Not Available],NO,[Not Available],[Not Available],NO,[Not Available],NO,[Not Available],4,No,[Not Available],2004,[Not Available],[Not Available],[Not Available],[Not Available],[Not Available],[Not Available],[Not Available],WITH TUMOR,[Not Available],61,[Not Applicable],0,[Not Available],[Not Available],[Not Available],[Not Available],[Not Applicable],[Not Available],[Not Available],[Not Available],[Not Available],C34.3,8255/3,C34.3,YES,[Not Available],[Not Available],[Not Available],[Not Available],[Not Available],55,1:DECEASED,3.88,[Not Available],[Not Available],matched
TCGA-55-6980-01Z-00-DX1.2f1d1858-42b9-4e3b-966d-2f3f429570a6,TCGA-55-6980-01,TCGA-55-6980,7,124.33280710650207,4648355.369385566,4.648355369385565,540323.6294636008,0.11623974212948837,4108031.7399219656,197007.39396277384,0.042382171393409385,68.42079864073352,91.0736375534047,99.73513146985154,29.81747861993029,margin-localized,5.0,50;100;200,/data1/deasy/Himangi/male_psg_negative_features/TCGA-55-6980/immune_proximity_wsi_summary.csv,2f0710f4-827b-45b2-9b7e-c27385b481a7,TCGA-55-6980,2011-07-27 00:00:00,Lung Adenocarcinoma,NO,YES,Male,Lung,WHITE,[Not Available],[Not Available],No,R-Lower,[Not Available],2006,[Not Available],[Not Available],R0,6th,T1,N0,M0,Stage IA,[Not Applicable],[Not Applicable],[Not Applicable],[Not Applicable],[Not Available],[Not Available],[Not Available],[Not Available],[Not Available],[Not Available],NO,[Not Available],[Not Available],NO,[Not Available],NO,[Not Available],1,No,[Not Available],[Not Available],[Not Available],[Not Available],[Not Available],[Not Available],[Not Available],[Not Available],[Not Available],TUMOR FREE,[Not Available],56,[Not Applicable],0,[Not Available],[Not Available],[Not Available],[Not Available],[Not Applicable],[Not Available],[Not Available],[Not Available],[Not Available],C34.3,8252/3,C34.3,YES,[Not Available],[Not Available],[Not Available],[Not Available],[Not Available],55,0:LIVING,69.28,0:DiseaseFree,69.28,matched
TCGA-55-7903-01Z-00-DX1.40fc5dcb-b5bb-46b4-90bd-2eeb3ea880f5,TCGA-55-7903-01,TCGA-55-7903,1,18.527680843665294,277285.87062090926,0.27728587062090926,76205.46875,0.274826368106524,201080.40187090923,19075.8125,0.0687947512698166,60.466898339741526,70.79144933518172,85.46671015889574,16.53452826663041,margin-localized,5.0,50;100;200,/data1/deasy/Himangi/male_psg_negative_features/TCGA-55-7903/immune_proximity_wsi_summary.csv,77c4dbb2-eceb-4e0d-bcde-63dc817d5f35,TCGA-55-7903,2012-03-10 00:00:00,Lung Adenocarcinoma,YES,NO,Male,Lung,WHITE,NOT HISPANIC OR LATINO,[Not Available],No,R-Lower,[Not Available],2011,[Not Available],[Not Available],R0,7th,T1b,N0,MX,Stage IA,[Not Applicable],[Not Applicable],[Not Applicable],[Not Applicable],YES,66,[Not Available],63,[Not Available],83,NO,[Not Available],[Not Available],NO,[Not Available],NO,[Not Available],2,No,[Not Available],[Not Available],40,[Not Available],[Not Available],[Not Available],[Not Available],[Not Available],[Not Available],TUMOR FREE,[Not Available],64,[Not Applicable],0,[Not Available],[Not Available],[Not Available],[Not Available],[Not Applicable],[Not Available],[Not Available],[Not Available],[Not Available],C34.3,8140/3,C34.3,YES,[Not Available],[Not Available],[Not Available],[Not Available],[Not Available],55,0:LIVING,18.63,0:DiseaseFree,18.63,matched
TCGA-55-7907-01Z-00-DX1.f5a264f5-3926-4d09-82f3-cd38d554f3db,TCGA-55-7907-01,TCGA-55-7907,6,36.4441643969355,5153371.118776362,5.153371118776362,92452.54434625019,0.017940206947137643,5060918.574430112,73704.86616790958,0.014302262435430882,45.796642155296716,90.1089839744436,99.83451160802616,55.349599140373186,peritumoral,5.0,50;100;200,/data1/deasy/Himangi/male_psg_negative_features/TCGA-55-7907/immune_proximity_wsi_summary.csv,bf755bc2-b7aa-4c3c-8b3c-58b089b5cab6,TCGA-55-7907,2012-03-10 00:00:00,Lung Adenocarcinoma,YES,NO,Male,Lung,WHITE,NOT HISPANIC OR LATINO,[Not Available],No,L-Upper,[Not Available],2011,[Not Available],[Not Available],R0,7th,T2a,N1,MX,Stage IIA,[Not Applicable],[Not Applicable],[Not Applicable],[Not Applicable],YES,76,87,75,80,75,[Not Available],[Not Available],[Not Available],[Not Available],[Not Available],[Not Available],[Not Available],3,No,1954,1994,80,[Not Available],[Not Available],[Not Available],[Not Available],[Not Available],[Not Available],TUMOR FREE,[Not Available],77,[Not Applicable],0,[Not Available],[Not Available],[Not Available],[Not Available],[Not Applicable],[Not Available],[Not Available],[Not Available],[Not Available],C34.1,8140/3,C34.1,YES,[Not Available],[Not Available],[Not Available],[Not Available],[Not Available],55,1:DECEASED,11.27,1:Recurred/Progressed,9.66,matched
TCGA-55-8090-01Z-00-DX1.83f86d5f-7cb9-443a-a812-b19ba4aea836,TCGA-55-8090-01,TCGA-55-8090,2,17.0193022879427,1010420.0266724476,1.0104200266724475,28407.3125,0.028114360117694824,982012.7141724476,31289.05641994189,0.03096638585340016,58.88380404714777,74.41711603075521,99.96848464088258,45.55788853097862,margin-localized,5.0,50;100;200,/data1/deasy/Himangi/male_psg_negative_features/TCGA-55-8090/immune_proximity_wsi_summary.csv,4d51ee44-e6f4-4bcb-be28-e9df54b39a8d,TCGA-55-8090,2012-07-08 00:00:00,Lung Adenocarcinoma,YES,NO,Male,Lung,WHITE,NOT HISPANIC OR LATINO,[Not Available],"Yes, History of Synchronous/Bilateral Malignancy",R-Lower,[Not Available],2011,[Not Available],[Not Available],R0,7th,T1a,N0,M0,Stage IA,[Not Applicable],[Not Applicable],[Not Applicable],[Not Applicable],YES,83,6,103,4,58,[Not Available],[Not Available],[Not Available],[Not Available],[Not Available],[Not Available],[Not Available],2,No,[Not Available],[Not Available],[Not Available],[Not Available],[Not Available],[Not Available],[Not Available],[Not Available],Complete Remission/Response,WITH TUMOR,NO,80,[Not Applicable],0,[Not Available],[Not Available],[Not Available],[Not Available],[Not Applicable],[Not Available],[Not Available],[Not Available],[Not Available],C34.3,8140/3,C34.3,YES,[Not Available],[Not Available],[Not Available],[Not Available],[Not Available],55,1:DECEASED,19.65,1:Recurred/Progressed,18,matched
TCGA-55-8302-01Z-00-DX1.E0C2B152-BBA9-4AA7-9E6B-BD57B68163CB,TCGA-55-8302-01,TCGA-55-8302,2,13.659055393621164,469022.7691378448,0.4690227691378448,13905.21875,0.029647214730236873,455117.5503878448,70452.80335070303,0.1502119043819749,64.28703241953141,88.69517351355796,100.0,26.34921725592622,margin-localized,5.0,50;100;200,/data1/deasy/Himangi/male_psg_negative_features/TCGA-55-8302/immune_proximity_wsi_summary.csv,807cc7d2-6e3b-4f2d-9531-0da994eeeada,TCGA-55-8302,2012-12-03 00:00:00,Lung Adenocarcinoma,YES,NO,Male,Lung,WHITE,[Not Available],[Not Available],No,R-Lower,[Not Available],2012,[Not Available],[Not Available],R0,7th,T2,N0,MX,Stage IB,[Not Applicable],[Not Applicable],[Not Applicable],[Not Applicable],[Not Available],[Not Available],[Not Available],[Not Available],[Not Available],[Not Available],[Not Available],[Not Available],[Not Available],[Not Available],[Not Available],[Not Available],[Not Available],2,No,1965,[Not Available],59,[Not Available],[Not Available],[Not Available],NO,[Not Available],Complete Remission/Response,TUMOR FREE,NO,54,[Not Applicable],0,[Not Available],[Not Available],[Not Available],[Not Available],[Not Applicable],[Not Available],[Not Available],[Not Available],[Not Available],C34.3,8140/3,C34.3,YES,[Not Available],[Not Available],[Not Available],[Not Available],NO,55,0:LIVING,15.7,0:DiseaseFree,15.7,matched
TCGA-55-8614-01Z-00-DX1.043DE2B5-A453-4570-8830-99170450658C,TCGA-55-8614-01,TCGA-55-8614,5,33.38927311921394,495298.5338318339,0.4952985338318339,4094.53125,0.008266794610359566,491204.002581834,19575.453419107063,0.03952253455640838,76.84160602009563,91.19466825924664,99.20932180092697,34.75022481941664,margin-localized,5.0,50;100;200,/data1/deasy/Himangi/male_psg_negative_features/TCGA-55-8614/immune_proximity_wsi_summary.csv,a8de1beb-6296-44eb-bd63-c603f70faaf3,TCGA-55-8614,2013-01-11 00:00:00,Lung Adenocarcinoma,YES,NO,Male,Lung,WHITE,NOT HISPANIC OR LATINO,[Not Available],No,L-Upper,[Not Available],2011,[Not Available],[Not Available],R0,7th,T2a,N0,MX,Stage IB,[Not Applicable],[Not Applicable],[Not Applicable],[Not Applicable],YES,94,[Not Available],[Not Available],[Not Available],113,[Not Available],[Not Available],[Not Available],[Not Available],[Not Available],[Not Available],[Not Available],3,No,[Not Available],1995,40,[Not Available],[Not Available],[Not Available],NO,[Not Available],Complete Remission/Response,TUMOR FREE,NO,76,[Not Applicable],0,[Not Available],[Not Available],[Not Available],[Not Available],[Not Applicable],[Not Available],[Not Available],[Not Available],[Not Available],C34.1,8140/3,C34.1,YES,[Not Available],[Not Available],[Not Available],[Not Available],NO,55,0:LIVING,17.61,0:DiseaseFree,17.61,matched
TCGA-55-A4DF-01Z-00-DX1.C945E1AD-BEF4-403F-BB11-BAC831D24CDA,TCGA-55-A4DF-01,TCGA-55-A4DF,4,17.119649205346967,523638.9234320826,0.5236389234320826,22453.4375,0.04287961894206337,501185.4859320826,17082.94245504339,0.032623515347325195,59.115501644221204,95.02377666801391,99.9879210659923,45.83155299572555,margin-localized,5.0,50;100;200,/data1/deasy/Himangi/male_psg_negative_features/TCGA-55-A4DF/immune_proximity_wsi_summary.csv,362000E4-CF7C-48FC-93CC-8F5994B442EA,TCGA-55-A4DF,2013-01-25 00:00:00,Lung Adenocarcinoma,YES,NO,Male,Lung,WHITE,NOT HISPANIC OR LATINO,[Not Available],"Yes, History of Synchronous/Bilateral Malignancy",R-Lower,[Not Available],2012,[Not Available],[Not Available],R0,7th,T1b,N0,MX,Stage IA,[Not Applicable],[Not Applicable],[Not Applicable],[Not Applicable],YES,47,58,[Not Available],[Not Available],82,[Not Available],[Not Available],[Not Available],[Not Available],[Not Available],[Not Available],[Not Available],3,No,[Not Available],1984,60,[Not Available],[Not Available],[Not Available],NO,[Not Available],Complete Remission/Response,TUMOR FREE,NO,88,[Not Applicable],0,[Not Available],[Not Available],[Not Available],[Not Available],[Not Applicable],[Not Available],[Not Available],[Not Available],[Not Available],C34.3,8140/3,C34.3,YES,[Not Available],[Not Available],[Not Available],[Not Available],NO,55,1:DECEASED,20.17,1:Recurred/Progressed,16.92,matched
TCGA-55-A4DG-01Z-00-DX1.9CE9B7BE-48EF-44F1-9C25-F15700A3E5DE,TCGA-55-A4DG-01,TCGA-55-A4DG,2,12.651080019890761,138047.40478351386,0.13804740478351385,3075.3125,0.022277220675192767,134972.09228351386,10494.30569735333,0.07601957975095956,59.66722795237227,91.56910171866264,99.83780481034675,40.568085131664766,margin-localized,5.0,50;100;200,/data1/deasy/Himangi/male_psg_negative_features/TCGA-55-A4DG/immune_proximity_wsi_summary.csv,3E34C7D9-90FA-41E2-BA6B-4BBC332ADC4E,TCGA-55-A4DG,2013-01-25 00:00:00,Lung Adenocarcinoma,YES,NO,Male,Lung,WHITE,NOT HISPANIC OR LATINO,[Not Available],No,R-Upper,[Not Available],2012,[Not Available],[Not Available],R0,7th,T1b,N0,MX,Stage IA,[Not Applicable],[Not Applicable],[Not Applicable],[Not Applicable],YES,[Not Available],[Not Available],73,[Not Available],61,[Not Available],[Not Available],[Not Available],[Not Available],[Not Available],[Not Available],[Not Available],4,No,[Not Available],2012,100,[Not Available],[Not Available],[Not Available],NO,[Not Available],Complete Remission/Response,TUMOR FREE,NO,71,[Not Applicable],0,[Not Available],[Not Available],[Not Available],[Not Available],[Not Applicable],[Not Available],[Not Available],[Not Available],[Not Available],C34.1,8140/3,C34.1,YES,[Not Available],[Not Available],[Not Available],[Not Available],NO,55,0:LIVING,19.97,0:DiseaseFree,19.97,matched
TCGA-62-A471-01Z-00-DX1.51A235BB-7F67-4C0D-8B15-2E26116D8822,TCGA-62-A471-01,TCGA-62-A471,5,122.11538765352685,14615608.276520748,14.615608276520748,2250064.079048533,0.1539493968693147,12365544.197472213,144930.2737195157,0.009916130138239887,23.897829490577884,67.43957300694021,92.07914630678127,74.95050450130405,peritumoral,5.0,50;100;200,/data1/deasy/Himangi/male_psg_negative_features/TCGA-62-A471/immune_proximity_wsi_summary.csv,0075437E-BA1A-46BE-86D6-9773209A2B5E,TCGA-62-A471,2012-10-30 00:00:00,Lung Adenocarcinoma,NO,YES,Male,Lung,WHITE,NOT HISPANIC OR LATINO,[Not Available],No,L-Upper,Peripheral Lung,2010,[Not Available],[Not Available],R0,7th,T2b,N1,M0,Stage IIB,[Not Applicable],[Not Applicable],[Not Applicable],[Not Applicable],YES,104,[Not Available],75,[Not Available],[Not Available],NO,[Not Available],[Not Available],NO,[Not Available],NO,[Not Available],4,No,[Not Available],2006,30,100,0,Preoperative,NO,[Not Available],Complete Remission/Response,TUMOR FREE,NO,64,[Not Applicable],0,[Not Available],[Not Available],[Not Available],[Not Available],[Not Applicable],[Not Available],[Not Available],[Not Available],[Not Available],C34.1,8140/3,C34.1,YES,[Not Available],[Not Available],[Not Available],[Not Available],YES,62,0:LIVING,40.93,0:DiseaseFree,40.93,matched
TCGA-62-A472-01Z-00-DX1.C2F76C9A-C51A-4521-9B95-2A20063E9931,TCGA-62-A472-01,TCGA-62-A472,4,191.56584862791152,21678960.703734793,21.67896070373479,1853855.8764403623,0.08551405677491657,19825104.82729443,707564.64248678,0.03263831011810832,70.00680207993432,89.32281629098901,99.24016681820443,30.520740898608604,margin-localized,5.0,50;100;200,/data1/deasy/Himangi/male_psg_negative_features/TCGA-62-A472/immune_proximity_wsi_summary.csv,E499069B-A16A-49E9-941A-E3E9EA62AF25,TCGA-62-A472,2012-10-30 00:00:00,Lung Adenocarcinoma,NO,YES,Male,Lung,WHITE,NOT HISPANIC OR LATINO,[Not Available],No,R-Lower,Central Lung,2011,[Not Available],[Not Available],R0,7th,T3,N0,M0,Stage IIB,[Not Applicable],[Not Applicable],[Not Applicable],[Not Applicable],YES,87,[Not Available],70,[Not Available],[Not Available],NO,[Not Available],[Not Available],NO,[Not Available],NO,[Not Available],2,No,[Not Available],[Not Available],60,80,1,Preoperative,NO,[Not Available],Complete Remission/Response,WITH TUMOR,YES,70,[Not Applicable],0,[Not Available],[Not Available],[Not Available],[Not Available],[Not Applicable],[Not Available],[Not Available],[Not Available],[Not Available],C34.3,8140/3,C34.3,YES,[Not Available],[Not Available],[Not Available],[Not Available],NO,62,0:LIVING,29.89,1:Recurred/Progressed,9.53,matched
TCGA-64-5775-01Z-00-DX1.9A338C1A-CDB6-41AF-B6D5-EDE608B5E3E1,TCGA-64-5775-01,TCGA-64-5775,3,103.31051548861141,1619476.902663777,1.619476902663777,380326.2650120942,0.23484513078668748,1239150.637651683,345648.24907367973,0.2134320338284198,79.08117335843087,82.59282444619546,88.19480886479234,8.814937606131991,margin-localized,5.0,50;100;200,/data1/deasy/Himangi/male_psg_negative_features/TCGA-64-5775/immune_proximity_wsi_summary.csv,c8544fb3-b26e-4672-bb81-a271db724b04,TCGA-64-5775,2011-05-02 00:00:00,Lung Adenocarcinoma,NO,YES,Male,Lung,WHITE,NOT HISPANIC OR LATINO,[Not Available],No,L-Upper,[Not Available],2005,[Not Available],[Not Available],R0,[Not Available],T4,N0,M0,Stage IIIA,[Not Applicable],[Not Applicable],[Not Applicable],[Not Applicable],[Not Available],[Not Available],[Not Available],[Not Available],[Not Available],[Not Available],[Not Available],[Not Available],[Not Available],[Not Available],[Not Available],[Not Available],[Not Available],2,Yes,1950,[Not Available],110,[Not Available],[Not Available],[Not Available],[Not Available],[Not Available],[Not Available],WITH TUMOR,[Not Available],71,[Not Applicable],0,[Not Available],[Not Available],[Not Available],[Not Available],[Not Applicable],[Not Available],[Not Available],[Not Available],[Not Available],C34.1,8140/3,C34.1,YES,[Not Available],[Not Available],[Not Available],[Not Available],[Not Available],64,1:DECEASED,2.04,[Not Available],[Not Available],matched
TCGA-64-5815-01Z-00-DX1.1E3600B5-7E83-47BE-AC70-E0C2D623740B,TCGA-64-5815-01,TCGA-64-5815,3,49.17771886973912,1142658.8515710188,1.1426588515710188,55998.48471510398,0.0490071771098721,1086660.3668559147,68311.19033876066,0.05978266413010407,75.62937479914044,92.55452541565084,99.74381009964624,26.549776364406537,margin-localized,5.0,50;100;200,/data1/deasy/Himangi/male_psg_negative_features/TCGA-64-5815/immune_proximity_wsi_summary.csv,a65700c2-e58c-4fd4-aeb1-5686b8f4d212,TCGA-64-5815,2011-05-02 00:00:00,Lung Adenocarcinoma,NO,YES,Male,Lung,WHITE,NOT HISPANIC OR LATINO,[Not Available],No,R-Upper,Central Lung,2009,[Not Available],[Not Available],R0,6th,T2,N1,M0,Stage IIB,[Not Applicable],[Not Applicable],[Not Applicable],[Not Applicable],YES,89,[Not Available],76,[Not Available],87,YES,[Not Available],[Not Available],YES,[Not Available],[Not Available],[Not Available],3,No,[Not Available],1985,30,[Not Available],[Not Available],[Not Available],[Not Available],[Not Available],[Not Available],TUMOR FREE,[Not Available],74,[Not Applicable],0,[Not Available],[Not Available],[Not Available],[Not Available],[Not Applicable],[Not Available],[Not Available],[Not Available],[Not Available],C34.1,8255/3,C34.1,YES,[Not Available],[Not Available],[Not Available],[Not Available],[Not Available],64,0:LIVING,28.45,0:DiseaseFree,28.45,matched
TCGA-69-7978-01Z-00-DX1.90a2bf2f-18e2-4bfe-b858-d2de619e2493,TCGA-69-7978-01,TCGA-69-7978,6,229.16519389826937,12196051.746177856,12.196051746177856,1608657.9196420277,0.1318998929424982,10587393.826535828,256922.84547796473,0.02106606718510212,62.872494840890155,90.94209695772768,98.21629108315176,36.727459073559665,margin-localized,5.0,50;100;200,/data1/deasy/Himangi/male_psg_negative_features/TCGA-69-7978/immune_proximity_wsi_summary.csv,f462cfef-f60a-4d3e-b92d-b8d8f50b6bb3,TCGA-69-7978,2012-04-09 00:00:00,Lung Adenocarcinoma,NO,YES,Male,Lung,WHITE,NOT HISPANIC OR LATINO,[Not Available],No,R-Upper,Peripheral Lung,2011,[Not Available],[Not Available],[Not Available],7th,T2b,N1,MX,Stage IIB,[Not Applicable],[Not Applicable],[Not Applicable],[Not Applicable],YES,67,75,88,91,[Not Available],[Not Available],[Not Available],[Not Available],YES,Other,[Not Available],[Not Available],2,No,[Not Available],[Not Available],80,[Not Available],[Not Available],[Not Available],[Not Available],[Not Available],[Not Available],WITH TUMOR,[Not Available],59,[Not Applicable],0,[Not Available],[Not Available],[Not Available],[Not Available],[Not Applicable],[Not Available],[Not Available],[Not Available],[Not Available],C34.1,8255/3,C34.1,YES,[Not Available],[Not Available],[Not Available],[Not Available],[Not Available],69,0:LIVING,4.4,0:DiseaseFree,4.4,matched
TCGA-73-4675-01Z-00-DX1.1027587f-8ec4-4b8c-8768-ff7b669683e0,TCGA-73-4675-01,TCGA-73-4675,15,216.8916655227208,30492705.19917537,30.49270519917537,1674544.5526591628,0.0549162346115637,28818160.646516208,1901728.982161362,0.062366686384151694,74.42649670828636,94.88718919385666,99.3087262475845,29.263084680190502,margin-localized,5.0,50;100;200,/data1/deasy/Himangi/male_psg_negative_features/TCGA-73-4675/immune_proximity_wsi_summary.csv,ae39e358-08d7-4367-ae68-82b469e791e4,TCGA-73-4675,2011-01-07 00:00:00,Lung Adenocarcinoma,NO,YES,Male,Lung,WHITE,NOT HISPANIC OR LATINO,[Not Available],No,L-Lower,Peripheral Lung,2010,[Not Available],[Not Available],RX,7th,T3,N1,M0,Stage IIIA,[Not Applicable],[Not Applicable],[Not Applicable],[Not Applicable],YES,66,[Not Available],55,[Not Available],69,NO,[Not Available],[Not Available],NO,[Not Available],NO,[Not Available],4,No,1969,2010,41,[Not Available],0,Pre-Adjuvant Therapy,[Not Available],[Not Available],[Not Available],TUMOR FREE,[Not Available],59,[Not Applicable],0,[Not Available],[Not Available],[Not Available],[Not Available],[Not Applicable],[Not Available],[Not Available],[Not Available],[Not Available],C34.3,8140/3,C34.3,YES,[Not Available],[Not Available],[Not Available],[Not Available],[Not Available],73,1:DECEASED,30.29,1:Recurred/Progressed,11.86,matched
TCGA-73-4676-01Z-00-DX1.4d781bbc-a45e-4f9d-b6b6-2265282dff99,TCGA-73-4676-01,TCGA-73-4676,12,347.8600750543545,34369160.6278096,34.3691606278096,10549882.331972038,0.3069578115747076,23819278.29583755,8157156.3704935685,0.23733941188814645,57.21133842527827,84.85682686483086,99.78976461102215,84.18153746517106,immune-penetrated,5.0,50;100;200,/data1/deasy/Himangi/male_psg_negative_features/TCGA-73-4676/immune_proximity_wsi_summary.csv,195a5afb-b79f-44d2-9d12-884487630c2b,TCGA-73-4676,2011-05-18 00:00:00,Lung Adenocarcinoma,NO,YES,Male,Lung,WHITE,NOT HISPANIC OR LATINO,[Not Available],No,R-Upper,Peripheral Lung,2010,[Not Available],[Not Available],R0,7th,T2a,N1,M0,Stage IIA,[Not Applicable],[Not Applicable],[Not Applicable],[Not Applicable],YES,78,[Not Available],67,[Not Available],86,NO,[Not Available],[Not Available],NO,[Not Available],NO,[Not Available],4,Yes,1977,2009,48,70,1,Preoperative,[Not Available],[Not Available],[Not Available],TUMOR FREE,[Not Available],45,[Not Applicable],0,[Not Available],[Not Available],[Not Available],[Not Available],[Not Applicable],[Not Available],[Not Available],[Not Available],[Not Available],C34.1,8140/3,C34.1,YES,[Not Available],[Not Available],[Not Available],[Not Available],[Not Available],73,1:DECEASED,9.23,[Not Available],[Not Available],matched
TCGA-78-7148-01Z-00-DX1.aac94f79-77f2-45e6-b0c3-0b103fecbb22,TCGA-78-7148-01,TCGA-78-7148,11,97.15395128332585,5918272.603094504,5.918272603094504,512783.3974091834,0.08664409901312468,5405489.20568532,145202.277594733,0.024534570698688443,48.90251535760553,81.77007783716408,99.07081022326936,57.91381331355277,peritumoral,5.0,50;100;200,/data1/deasy/Himangi/male_psg_negative_features/TCGA-78-7148/immune_proximity_wsi_summary.csv,e8060c45-451d-4779-9584-f284db47e63e,TCGA-78-7148,2011-10-04 00:00:00,Lung Adenocarcinoma,NO,YES,Male,Lung,WHITE,[Not Available],[Not Available],No,L-Upper,Peripheral Lung,2001,[Not Available],[Not Available],R0,6th,T2,N1,M0,Stage IIB,[Not Applicable],[Not Applicable],[Not Applicable],[Not Applicable],[Not Available],[Not Available],[Not Available],[Not Available],[Not Available],[Not Available],NO,[Not Available],[Not Available],NO,[Not Available],NO,[Not Available],2,No,1944,[Not Available],57,[Not Available],0,Preoperative,[Not Available],[Not Available],[Not Available],[Not Available],[Not Available],71,[Not Applicable],0,[Not Available],[Not Available],[Not Available],[Not Available],[Not Applicable],[Not Available],[Not Available],[Not Available],[Not Available],C34.1,8255/3,C34.1,YES,[Not Available],[Not Available],[Not Available],[Not Available],[Not Available],78,1:DECEASED,20.57,1:Recurred/Progressed,5.98,matched
TCGA-78-7155-01Z-00-DX1.32258467-7550-4a1b-8df9-a869fb83e559,TCGA-78-7155-01,TCGA-78-7155,1,147.50960780551338,13510316.795481276,13.510316795481275,3613845.9202412544,0.26748787426287135,9896470.87524002,178684.86508365587,0.013225808675590764,46.93285196595097,71.96346594605855,83.55552223899996,40.19989116900691,peritumoral,5.0,50;100;200,/data1/deasy/Himangi/male_psg_negative_features/TCGA-78-7155/immune_proximity_wsi_summary.csv,fc79086c-af9a-4c27-b074-f7050b6f3381,TCGA-78-7155,2011-09-28 00:00:00,Lung Adenocarcinoma,NO,YES,Male,Lung,WHITE,[Not Available],[Not Available],No,L-Upper,Peripheral Lung,2005,[Not Available],[Not Available],R0,6th,T2,N0,M0,Stage IB,[Not Applicable],[Not Applicable],[Not Applicable],[Not Applicable],[Not Available],[Not Available],[Not Available],[Not Available],[Not Available],[Not Available],NO,[Not Available],[Not Available],NO,[Not Available],NO,[Not Available],4,No,1957,2005,48,[Not Available],0,Preoperative,[Not Available],[Not Available],[Not Available],[Not Available],[Not Available],68,[Not Applicable],0,[Not Available],[Not Available],[Not Available],[Not Available],[Not Applicable],[Not Available],[Not Available],[Not Available],[Not Available],C34.1,8140/3,C34.1,YES,[Not Available],[Not Available],[Not Available],[Not Available],[Not Available],78,1:DECEASED,38.47,1:Recurred/Progressed,6.87,matched
TCGA-78-8640-01Z-00-DX1.6F929E56-34D5-45A6-8A9E-ACB4B88A68B1,TCGA-78-8640-01,TCGA-78-8640,19,271.92143005039617,14258007.145430965,14.258007145430966,308434.6344339929,0.021632380408283917,13949572.510996971,198463.34968090546,0.013919431211991209,43.875270588968554,84.25500083041015,98.05599652208178,52.46654439974106,peritumoral,5.0,50;100;200,/data1/deasy/Himangi/male_psg_negative_features/TCGA-78-8640/immune_proximity_wsi_summary.csv,18478121-f1d1-4bdd-9511-8ab22f4a0660,TCGA-78-8640,2012-10-23 00:00:00,Lung Adenocarcinoma,NO,YES,Male,Lung,[Not Available],[Not Available],[Not Available],No,L-Upper,Peripheral Lung,1994,[Not Available],[Not Available],R0,6th,T1,N1,M0,Stage IIA,[Not Applicable],[Not Applicable],[Not Applicable],[Not Applicable],YES,66,[Not Available],73,[Not Available],[Not Available],NO,[Not Available],[Not Available],NO,[Not Available],NO,[Not Available],2,No,1949,[Not Available],45,[Not Available],0,Preoperative,NO,[Not Available],Complete Remission/Response,TUMOR FREE,NO,59,[Not Applicable],0,[Not Available],[Not Available],[Not Available],[Not Available],[Not Applicable],[Not Available],[Not Available],[Not Available],[Not Available],C34.1,8140/3,C34.1,YES,[Not Available],[Not Available],[Not Available],[Not Available],NO,78,0:LIVING,232,0:DiseaseFree,232,matched
TCGA-78-8660-01Z-00-DX1.11E923ED-C01B-439D-8796-08C9E3DC2D93,TCGA-78-8660-01,TCGA-78-8660,22,244.57322198605212,7047839.7484444,7.0478397484443995,204562.03009423008,0.029024784529100713,6843277.718350169,55180.64293671415,0.00782944063801871,36.609190929503995,80.92073065188862,99.17109386012046,61.6481003863866,peritumoral,5.0,50;100;200,/data1/deasy/Himangi/male_psg_negative_features/TCGA-78-8660/immune_proximity_wsi_summary.csv,781f40c9-c099-4c96-8269-ebe2a449c93d,TCGA-78-8660,2012-10-23 00:00:00,Lung Adenocarcinoma,NO,YES,Male,Lung,[Not Available],[Not Available],[Not Available],"Yes, History of Prior Malignancy",R-Lower,Peripheral Lung,2005,[Not Available],[Not Available],R0,6th,T2,N1,M0,Stage IIB,[Not Applicable],[Not Applicable],[Not Applicable],[Not Applicable],YES,108,[Not Available],72,[Not Available],87,NO,[Not Available],[Not Available],NO,[Not Available],NO,[Not Available],4,No,1954,2005,11,[Not Available],1,Preoperative,YES,[Not Available],[Not Available],WITH TUMOR,YES,69,[Not Applicable],0,[Not Available],[Not Available],[Not Available],[Not Available],[Not Applicable],[Not Available],[Not Available],[Not Available],[Not Available],C34.3,8140/3,C34.3,YES,[Not Available],[Not Available],[Not Available],[Not Available],NO,78,1:DECEASED,10.55,1:Recurred/Progressed,7.95,matched
TCGA-80-5611-01Z-00-DX1.31920706-8AF4-46D2-B1D4-7DD5AF4AAC77,TCGA-80-5611-01,TCGA-80-5611,3,67.89018660520694,8851742.609256305,8.851742609256306,1673602.9293787756,0.18907044671957385,7178139.679877529,664917.9953087475,0.07511718592149753,79.42853321306933,92.55393383638683,97.9774900502327,20.626515095866292,margin-localized,5.0,50;100;200,/data1/deasy/Himangi/male_psg_negative_features/TCGA-80-5611/immune_proximity_wsi_summary.csv,e51f717f-72e8-400e-9f35-fc5dc32fdf71,TCGA-80-5611,2011-07-26 00:00:00,Lung Adenocarcinoma,NO,YES,Male,Lung,[Not Available],[Not Available],[Not Available],Yes,L-Upper,Peripheral Lung,[Not Available],[Not Available],[Not Available],R0,6th,T2,N0,M0,Stage IB,[Not Applicable],[Not Applicable],[Not Applicable],[Not Applicable],[Not Available],[Not Available],[Not Available],[Not Available],[Not Available],[Not Available],[Not Available],[Not Available],[Not Available],[Not Available],[Not Available],[Not Available],[Not Available],4,No,[Not Available],2008,60,[Not Available],0,Preoperative,[Not Available],[Not Available],[Not Available],TUMOR FREE,[Not Available],,[Not Applicable],[Not Available],[Not Available],[Not Available],[Not Available],[Not Available],[Not Applicable],[Not Available],[Not Available],[Not Available],[Not Available],C34.1,8230/3,C34.1,YES,[Not Available],[Not Available],[Not Available],[Not Available],[Not Available],80,0:LIVING,85.25,0:DiseaseFree,85.25,matched
TCGA-86-7955-01Z-00-DX1.ef4f4d94-5efb-4a07-97cf-b0ed69085827,TCGA-86-7955-01,TCGA-86-7955,27,92.54471515688611,4599255.3812124645,4.599255381212465,292067.7801572968,0.06350327519327734,4307187.601055168,183200.2132543657,0.03983258116144664,61.94676105845115,91.36577163514345,98.08684931896686,35.046230628271566,margin-localized,5.0,50;100;200,/data1/deasy/Himangi/male_psg_negative_features/TCGA-86-7955/immune_proximity_wsi_summary.csv,0d0d83d9-d558-4d38-977b-6f1b2471beda,TCGA-86-7955,2012-03-14 00:00:00,Lung Adenocarcinoma,YES,NO,Male,Lung,WHITE,NOT HISPANIC OR LATINO,[Not Available],No,R-Lower,Peripheral Lung,2011,[Not Available],[Not Available],RX,7th,T2a,N0,M0,Stage IB,[Not Applicable],[Not Applicable],[Not Applicable],[Not Applicable],NO,[Not Available],[Not Available],[Not Available],[Not Available],[Not Available],NO,[Not Available],[Not Available],NO,[Not Available],[Not Available],[Not Available],1,No,[Not Available],[Not Available],[Not Available],90,1,[Not Available],[Not Available],[Not Available],[Not Available],TUMOR FREE,[Not Available],62,[Not Applicable],0,[Not Available],[Not Available],[Not Available],[Not Available],[Not Applicable],[Not Available],[Not Available],[Not Available],[Not Available],C34.3,8140/3,C34.3,YES,[Not Available],[Not Available],[Not Available],[Not Available],[Not Available],86,0:LIVING,35.22,1:Recurred/Progressed,26.94,matched
TCGA-86-8055-01Z-00-DX1.546dc42e-3742-4da5-8f9b-80732180ce76,TCGA-86-8055-01,TCGA-86-8055,11,6.108313166205893,235058.19473816908,0.23505819473816908,673.78125,0.0028664444170964716,234384.41348816908,5151.245848796503,0.0219147681897858,51.10795640218511,82.25348830773308,99.27968635516578,45.596395142598716,margin-localized,5.0,50;100;200,/data1/deasy/Himangi/male_psg_negative_features/TCGA-86-8055/immune_proximity_wsi_summary.csv,34d8e84e-c3e1-417d-8b9b-8563d9fa0f8e,TCGA-86-8055,2012-05-09 00:00:00,Lung Adenocarcinoma,YES,NO,Male,Lung,WHITE,NOT HISPANIC OR LATINO,[Not Available],No,L-Upper,Peripheral Lung,2011,[Not Available],[Not Available],R0,7th,T2a,N1,M0,Stage IIA,[Not Applicable],[Not Applicable],[Not Applicable],[Not Applicable],NO,[Not Available],[Not Available],[Not Available],[Not Available],[Not Available],NO,[Not Available],[Not Available],NO,[Not Available],[Not Available],[Not Available],2,No,1955,[Not Available],60,80,2,Preoperative,[Not Available],[Not Available],[Not Available],TUMOR FREE,[Not Available],79,[Not Applicable],0,[Not Available],[Not Available],[Not Available],[Not Available],[Not Applicable],[Not Available],[Not Available],[Not Available],[Not Available],C34.1,8140/3,C34.1,YES,[Not Available],[Not Available],[Not Available],[Not Available],[Not Available],86,1:DECEASED,4.07,[Not Available],[Not Available],matched
TCGA-86-8073-01Z-00-DX1.33c016fc-5c9e-4ad6-8de2-a7f8521d205c,TCGA-86-8073-01,TCGA-86-8073,8,12.03322321214066,253757.90097134167,0.25375790097134165,15877.09375,0.06256787942060212,237880.80722134167,11149.784139152802,0.043938667905406466,54.86391479864675,71.22417591789932,98.48138611025821,17.95001740946231,margin-localized,5.0,50;100;200,/data1/deasy/Himangi/male_psg_negative_features/TCGA-86-8073/immune_proximity_wsi_summary.csv,cd902d08-215e-4bd0-88e4-4fd01ab43cbf,TCGA-86-8073,2012-06-13 00:00:00,Lung Adenocarcinoma,YES,NO,Male,Lung,WHITE,NOT HISPANIC OR LATINO,[Not Available],No,L-Upper,Peripheral Lung,2011,[Not Available],[Not Available],R0,7th,T2a,N0,M0,Stage IB,[Not Applicable],[Not Applicable],[Not Applicable],[Not Applicable],NO,[Not Available],[Not Available],[Not Available],[Not Available],[Not Available],NO,[Not Available],[Not Available],NO,[Not Available],NO,[Not Available],2,No,1970,[Not Available],40,[Not Available],[Not Available],[Not Available],[Not Available],[Not Available],Complete Remission/Response,TUMOR FREE,[Not Available],58,[Not Applicable],0,[Not Available],[Not Available],[Not Available],[Not Available],[Not Applicable],[Not Available],[Not Available],[Not Available],[Not Available],C34.1,8250/3,C34.1,YES,[Not Available],[Not Available],[Not Available],[Not Available],[Not Available],86,0:LIVING,24.31,0:DiseaseFree,24.31,matched
TCGA-86-8585-01Z-00-DX1.bc0b1c69-f71d-46fc-8195-2d205002e6e5,TCGA-86-8585-01,TCGA-86-8585,10,183.06835466869856,16686848.872979268,16.68684887297927,537051.25,0.03218410222853028,16149797.622979268,160418.50744545172,0.009613469185618064,48.82063372345226,86.2917173615121,99.25312174218205,49.125,peritumoral,5.0,50;100;200,/data1/deasy/Himangi/male_psg_negative_features/TCGA-86-8585/immune_proximity_wsi_summary.csv,2f1a4b16-104c-40eb-8114-8245847bb716,TCGA-86-8585,2012-08-30 00:00:00,Lung Adenocarcinoma,YES,NO,Male,Lung,WHITE,NOT HISPANIC OR LATINO,[Not Available],No,L-Upper,Peripheral Lung,2012,[Not Available],[Not Available],R0,7th,T2a,N0,M0,Stage IB,[Not Applicable],[Not Applicable],[Not Applicable],[Not Applicable],NO,[Not Available],[Not Available],[Not Available],[Not Available],[Not Available],NO,[Not Available],[Not Available],NO,[Not Available],[Not Available],[Not Available],1,No,[Not Available],[Not Available],[Not Available],[Not Available],[Not Available],[Not Available],[Not Available],[Not Available],Complete Remission/Response,TUMOR FREE,[Not Available],57,[Not Applicable],0,[Not Available],[Not Available],[Not Available],[Not Available],[Not Applicable],[Not Available],[Not Available],[Not Available],[Not Available],C34.1,8230/3,C34.1,YES,[Not Available],[Not Available],[Not Available],[Not Available],[Not Available],86,0:LIVING,11.6,0:DiseaseFree,11.6,matched
TCGA-86-A4JF-01Z-00-DX1.22828B15-D68E-4300-A3A8-FBC11B319BC5,TCGA-86-A4JF-01,TCGA-86-A4JF,12,150.87586550555568,7702489.953519205,7.702489953519205,296080.59375,0.03843959492796523,7406409.359769204,619319.2150137265,0.0804050662514353,68.85405519411258,89.82377252397666,99.09721543243313,31.038786219825028,margin-localized,5.0,50;100;200,/data1/deasy/Himangi/male_psg_negative_features/TCGA-86-A4JF/immune_proximity_wsi_summary.csv,E01E4FB3-236A-4D16-9073-555876B688E9,TCGA-86-A4JF,2013-02-14 00:00:00,Lung Adenocarcinoma,YES,NO,Male,Lung,WHITE,NOT HISPANIC OR LATINO,[Not Available],No,R-Upper,Central Lung,2012,[Not Available],[Not Available],R0,7th,T3,N0,M0,Stage IIB,[Not Applicable],[Not Applicable],[Not Applicable],[Not Applicable],NO,[Not Available],[Not Available],[Not Available],[Not Available],[Not Available],NO,[Not Available],[Not Available],NO,[Not Available],NO,[Not Available],4,No,[Not Available],2012,[Not Available],90,1,Preoperative,[Not Available],[Not Available],Complete Remission/Response,TUMOR FREE,NO,56,[Not Applicable],0,[Not Available],[Not Available],[Not Available],[Not Available],[Not Applicable],[Not Available],[Not Available],[Not Available],[Not Available],C34.1,8140/3,C34.1,YES,[Not Available],[Not Available],[Not Available],[Not Available],[Not Available],86,1:DECEASED,24.21,1:Recurred/Progressed,14.32,matched
TCGA-91-A4BC-01Z-00-DX1.8D8783B1-D1BA-4970-B77B-3AED8506C487,TCGA-91-A4BC-01,TCGA-91-A4BC,2,17.67369656074533,3406852.680863226,3.406852680863226,321987.90625,0.09451183729154233,3084864.774613226,175411.30556467402,0.05148778711506494,71.13109240548218,91.47353202477647,97.57472360885696,32.146393654654325,margin-localized,5.0,50;100;200,/data1/deasy/Himangi/male_psg_negative_features/TCGA-91-A4BC/immune_proximity_wsi_summary.csv,EA0B9461-0D4D-4ADE-A255-1B03DD85E30E,TCGA-91-A4BC,2013-02-05 00:00:00,Lung Adenocarcinoma,YES,NO,Male,Lung,WHITE,NOT HISPANIC OR LATINO,[Not Available],"Yes, History of Synchronous/Bilateral Malignancy",R-Upper,[Not Available],2012,[Not Available],[Not Available],[Not Available],7th,T2b,N0,MX,Stage IIA,[Not Applicable],[Not Applicable],[Not Applicable],[Not Applicable],YES,[Not Available],69,[Not Available],[Not Available],44,NO,[Not Available],[Not Available],NO,[Not Available],[Not Available],[Not Available],4,No,1976,2001,30,[Not Available],[Not Available],[Not Available],[Not Available],[Not Available],[Not Available],[Not Available],[Not Available],59,[Not Applicable],0,[Not Available],[Not Available],[Not Available],[Not Available],[Not Applicable],[Not Available],[Not Available],[Not Available],[Not Available],C34.1,8140/3,C34.1,YES,[Not Available],[Not Available],[Not Available],[Not Available],[Not Available],91,0:LIVING,1.45,0:DiseaseFree,1.45,matched
TCGA-93-A4JP-01Z-00-DX1.994E229B-5251-4F61-8C41-863047F3A136,TCGA-93-A4JP-01,TCGA-93-A4JP,6,103.03334265329053,3154032.213773153,3.154032213773153,292165.40625,0.09263234692853184,2861866.8075231523,331953.36504721065,0.10524729696723564,84.80340071864647,96.94804946692237,99.42947931313378,16.8129646775933,margin-localized,5.0,50;100;200,/data1/deasy/Himangi/male_psg_negative_features/TCGA-93-A4JP/immune_proximity_wsi_summary.csv,30F276A8-3A4B-4DE8-AEA0-7F605D100401,TCGA-93-A4JP,2014-02-27 00:00:00,Lung Adenocarcinoma,YES,NO,Male,Lung,ASIAN,NOT HISPANIC OR LATINO,[Not Available],No,R-Lower,[Not Available],2012,[Not Available],[Not Available],RX,7th,TX,NX,M1b,Stage IV,[Not Applicable],[Not Applicable],[Not Applicable],[Not Applicable],NO,[Not Available],[Not Available],[Not Available],[Not Available],[Not Available],NO,[Not Available],[Not Available],YES,L861Q,NO,[Not Available],1,No,[Not Available],[Not Available],[Not Available],[Not Available],0,Preoperative,NO,[Not Available],Partial Remission/Response,WITH TUMOR,NO,64,[Not Applicable],0,[Not Available],[Not Available],[Not Available],[Not Available],[Not Applicable],[Not Available],[Not Available],[Not Available],[Not Available],C34.3,8260/3,C34.3,YES,[Not Available],[Not Available],[Not Available],[Not Available],YES,93,0:LIVING,18.99,1:Recurred/Progressed,16.33,matched
TCGA-93-A4JQ-01Z-00-DX1.24573112-917C-43E9-B0FD-763C290AA88A,TCGA-93-A4JQ-01,TCGA-93-A4JQ,11,124.48165670694424,8420555.250330739,8.42055525033074,288365.25,0.03424539610837109,8132190.000330738,391633.65016431455,0.04650924298001989,70.23704036523401,95.35772302691315,99.82216130410573,35.375,margin-localized,5.0,50;100;200,/data1/deasy/Himangi/male_psg_negative_features/TCGA-93-A4JQ/immune_proximity_wsi_summary.csv,7093024B-CF56-4783-B973-B72573ED7F2B,TCGA-93-A4JQ,2014-02-27 00:00:00,Lung Adenocarcinoma,YES,NO,Male,Lung,WHITE,NOT HISPANIC OR LATINO,[Not Available],"Yes, History of Prior Malignancy",R-Upper,[Not Available],2012,[Not Available],[Not Available],RX,7th,T1b,N0,MX,Stage IA,[Not Applicable],[Not Applicable],[Not Applicable],[Not Applicable],YES,93,100,94,97,83,NO,[Not Available],[Not Available],NO,[Not Available],NO,[Not Available],3,No,1973,1993,[Not Available],[Not Available],0,Preoperative,NO,[Not Available],Complete Remission/Response,TUMOR FREE,NO,49,[Not Applicable],0,[Not Available],[Not Available],[Not Available],[Not Available],[Not Applicable],[Not Available],[Not Available],[Not Available],[Not Available],C34.1,8550/3,C34.1,YES,[Not Available],[Not Available],[Not Available],[Not Available],NO,93,0:LIVING,17.28,0:DiseaseFree,17.28,matched
TCGA-95-7567-01Z-00-DX1.982FF122-A440-4949-926C-B58AF8381090,TCGA-95-7567-01,TCGA-95-7567,15,183.97089793237458,26954561.70167334,26.95456170167334,5036670.913921479,0.18685783021316213,21917890.787751857,468338.50351262186,0.01737511107381677,35.41887478187725,74.43267807326602,93.87440001535619,63.88710746308679,peritumoral,5.0,50;100;200,/data1/deasy/Himangi/male_psg_negative_features/TCGA-95-7567/immune_proximity_wsi_summary.csv,3bc7026f-73f2-418b-bd62-f4768582b790,TCGA-95-7567,2012-01-31 00:00:00,Lung Adenocarcinoma,YES,NO,Male,Lung,WHITE,NOT HISPANIC OR LATINO,[Not Available],No,R-Upper,[Not Available],2011,[Not Available],[Not Available],[Not Available],7th,T2b,N1,M0,Stage IIB,[Not Applicable],[Not Applicable],[Not Applicable],[Not Applicable],NO,[Not Available],[Not Available],[Not Available],[Not Available],[Not Available],[Not Available],[Not Available],[Not Available],[Not Available],[Not Available],[Not Available],[Not Available],4,No,1970,2011,[Not Available],[Not Available],1,Post-Adjuvant Therapy,[Not Available],[Not Available],[Not Available],TUMOR FREE,[Not Available],61,[Not Applicable],0,[Not Available],[Not Available],[Not Available],[Not Available],[Not Applicable],[Not Available],[Not Available],[Not Available],[Not Available],C34.1,8255/3,C34.1,YES,[Not Available],[Not Available],[Not Available],[Not Available],[Not Available],95,0:LIVING,18.66,0:DiseaseFree,18.66,matched
TCGA-95-7947-01Z-00-DX1.44291078-2D8E-4E79-8FAB-439E52BAAD60,TCGA-95-7947-01,TCGA-95-7947,8,35.17357403578424,2233732.595105174,2.233732595105174,48318.28125,0.021631184214207594,2185414.313855174,76237.91786137332,0.03413027952783386,40.95076771627894,79.57399858980176,96.62643505927005,60.62156249321566,peritumoral,5.0,50;100;200,/data1/deasy/Himangi/male_psg_negative_features/TCGA-95-7947/immune_proximity_wsi_summary.csv,e0acafdd-06d0-48a6-bd68-577ef666a419,TCGA-95-7947,2012-03-21 00:00:00,Lung Adenocarcinoma,YES,NO,Male,Lung,WHITE,NOT HISPANIC OR LATINO,[Not Available],Yes,L-Upper,[Not Available],2011,[Not Available],[Not Available],R0,7th,T1a,N0,M0,Stage IA,[Not Applicable],[Not Applicable],[Not Applicable],[Not Applicable],YES,37,37,[Not Available],[Not Available],[Not Available],[Not Available],[Not Available],[Not Available],[Not Available],[Not Available],[Not Available],[Not Available],4,No,1956,2006,100,[Not Available],[Not Available],[Not Available],[Not Available],[Not Available],[Not Available],TUMOR FREE,[Not Available],67,[Not Applicable],0,[Not Available],[Not Available],[Not Available],[Not Available],[Not Applicable],[Not Available],[Not Available],[Not Available],[Not Available],C34.1,8255/3,C34.1,YES,[Not Available],[Not Available],[Not Available],[Not Available],[Not Available],95,0:LIVING,15.67,0:DiseaseFree,15.67,matched
TCGA-95-8494-01Z-00-DX1.716299EF-71BB-4095-8F4D-F0C2252CE594,TCGA-95-8494-01,TCGA-95-8494,7,158.09787836446316,3979543.914593988,3.979543914593988,349059.444357131,0.08771342944025376,3630484.4702368574,194538.4189243163,0.04888460162756215,74.03189165368342,91.0462555869111,98.6257629087526,27.073107043706674,margin-localized,5.0,50;100;200,/data1/deasy/Himangi/male_psg_negative_features/TCGA-95-8494/immune_proximity_wsi_summary.csv,6ee9caec-65ac-46db-9426-ffaa31967ae2,TCGA-95-8494,2012-08-30 00:00:00,Lung Adenocarcinoma,YES,NO,Male,Lung,WHITE,NOT HISPANIC OR LATINO,[Not Available],No,R-Middle,[Not Available],2012,[Not Available],[Not Available],[Not Available],7th,T2a,N1,M0,Stage IIA,[Not Applicable],[Not Applicable],[Not Applicable],[Not Applicable],NO,[Not Available],[Not Available],[Not Available],[Not Available],[Not Available],NO,[Not Available],[Not Available],NO,[Not Available],NO,[Not Available],5,No,[Not Available],[Not Available],[Not Available],[Not Available],[Not Available],[Not Available],NO,[Not Available],[Not Available],[Not Available],NO,67,[Not Applicable],0,[Not Available],[Not Available],[Not Available],[Not Available],[Not Applicable],[Not Available],[Not Available],[Not Available],[Not Available],C34.2,8140/3,C34.2,YES,[Not Available],[Not Available],[Not Available],[Not Available],NO,95,0:LIVING,2.76,0:DiseaseFree,2.76,matched
TCGA-97-7937-01Z-00-DX1.6db4b2ff-722c-4bb8-b12f-15f1a38b4ab1,TCGA-97-7937-01,TCGA-97-7937,4,213.17147441652236,9434996.678973999,9.434996678973999,4471509.997220123,0.473928094451261,4963486.681753876,332603.67157816875,0.035252123863422226,53.9096641084512,83.64577063903705,98.33868932501042,29.13465505201666,immune-penetrated,5.0,50;100;200,/data1/deasy/Himangi/male_psg_negative_features/TCGA-97-7937/immune_proximity_wsi_summary.csv,fcfe0b53-dfc1-42fa-9efc-2b2ff259297e,TCGA-97-7937,2012-02-13 00:00:00,Lung Adenocarcinoma,YES,NO,Male,Lung,WHITE,NOT HISPANIC OR LATINO,[Not Available],No,L-Upper,[Not Available],2011,[Not Available],[Not Available],[Not Available],7th,T2a,N0,MX,Stage IB,[Not Applicable],[Not Applicable],[Not Applicable],[Not Applicable],YES,120,[Not Available],77,[Not Available],89,YES,NO,[Not Available],YES,[Not Available],YES,FISH,3,No,[Not Available],1994,35,[Not Available],0,Preoperative,[Not Available],[Not Available],[Not Available],[Not Available],[Not Available],65,[Not Applicable],0,[Not Available],[Not Available],[Not Available],[Not Available],[Not Applicable],[Not Available],[Not Available],[Not Available],[Not Available],C34.1,8507/3,C34.1,YES,[Not Available],[Not Available],[Not Available],[Not Available],[Not Available],97,0:LIVING,18.53,0:DiseaseFree,18.53,matched
TCGA-97-A4LX-01Z-00-DX1.B2334672-A626-4E74-B4D1-A79F70F65909,TCGA-97-A4LX-01,TCGA-97-A4LX,7,116.00357843328594,5583109.714206085,5.583109714206085,76265.02196201094,0.013659954015941417,5506844.692244073,571880.9897420235,0.10243054838898948,72.14129420079878,90.02177733681536,99.55303381487573,28.98329260108313,margin-localized,5.0,50;100;200,/data1/deasy/Himangi/male_psg_negative_features/TCGA-97-A4LX/immune_proximity_wsi_summary.csv,E2B0D873-4942-4483-9A88-D5C6338D0382,TCGA-97-A4LX,2013-03-07 00:00:00,Lung Adenocarcinoma,YES,NO,Male,Lung,WHITE,NOT HISPANIC OR LATINO,[Not Available],"Yes, History of Synchronous/Bilateral Malignancy",Other (please specify),[Not Available],2012,[Not Available],[Not Available],[Not Available],7th,T2a,N0,M0,Stage IB,[Not Applicable],[Not Applicable],[Not Applicable],[Not Applicable],YES,91,90,91,96,61,YES,YES,G12A,NO,[Not Available],NO,[Not Available],3,No,1945,1985,120,[Not Available],1,Preoperative,NO,[Not Available],Complete Remission/Response,[Not Available],NO,81,Lingula,0,[Not Available],[Not Available],[Not Available],[Not Available],[Not Applicable],[Not Available],[Not Available],[Not Available],[Not Available],C34.1,8255/3,C34.1,YES,[Not Available],[Not Available],[Not Available],[Not Available],NO,97,0:LIVING,20.17,0:DiseaseFree,20.17,matched
TCGA-99-8032-01Z-00-DX1.7380b78f-ea25-43e0-ac90-194b5c6b1432,TCGA-99-8032-01,TCGA-99-8032,3,7.170790538605505,338112.2821876256,0.33811228218762557,5171.912666668195,0.015296435353384152,332940.36952095735,11244.111578285532,0.03325555494622919,60.91020157693266,77.94825293040964,99.80204204488442,30.786056096876067,margin-localized,5.0,50;100;200,/data1/deasy/Himangi/male_psg_negative_features/TCGA-99-8032/immune_proximity_wsi_summary.csv,7e83f9dd-b038-497b-a113-a55605398b7b,TCGA-99-8032,2012-06-15 00:00:00,Lung Adenocarcinoma,YES,NO,Male,Lung,WHITE,NOT HISPANIC OR LATINO,[Not Available],No,R-Upper,[Not Available],2011,[Not Available],[Not Available],R0,7th,T1a,N0,M0,Stage IA,[Not Applicable],[Not Applicable],[Not Applicable],[Not Applicable],YES,59,[Not Available],55,[Not Available],54,YES,YES,G12C,YES,[Not Available],NO,[Not Available],2,No,1966,[Not Available],90,[Not Available],0,Preoperative,NO,[Not Available],Complete Remission/Response,TUMOR FREE,[Not Available],61,[Not Applicable],0,[Not Available],[Not Available],[Not Available],[Not Available],[Not Applicable],[Not Available],[Not Available],[Not Available],[Not Available],C34.1,8140/3,C34.1,YES,[Not Available],[Not Available],[Not Available],[Not Available],NO,99,0:LIVING,1.45,0:DiseaseFree,1.45,matched
TCGA-MN-A4N1-01Z-00-DX2.9B0852C4-16BF-4962-B86F-E2570E48A89E,TCGA-MN-A4N1-01,TCGA-MN-A4N1,9,156.03780833136992,5467622.799882744,5.4676227998827445,491316.7334368811,0.08985929560602052,4976306.066445864,230683.16222139227,0.04219076016479033,70.31914307687686,87.55064139282105,99.84751221868684,39.625,margin-localized,5.0,50;100;200,/data1/deasy/Himangi/male_psg_negative_features/TCGA-MN-A4N1/immune_proximity_wsi_summary.csv,75A0BB0B-6528-4FB8-A9E6-254905D21DF4,TCGA-MN-A4N1,2012-12-04 00:00:00,Lung Adenocarcinoma,NO,YES,Male,Lung,BLACK OR AFRICAN AMERICAN,NOT HISPANIC OR LATINO,[Not Available],"Yes, History of Prior Malignancy",R-Upper,[Not Available],2011,[Not Available],[Not Available],R0,7th,T2a,N1,M0,Stage IIA,[Not Applicable],[Not Applicable],[Not Applicable],[Not Applicable],YES,117,[Not Available],74,[Not Available],55,NO,[Not Available],[Not Available],YES,[Not Available],YES,IHC,2,No,1967,[Not Available],[Not Available],100,0,Preoperative,NO,[Not Available],Complete Remission/Response,[Not Available],NO,60,[Not Applicable],0,[Not Available],[Not Available],[Not Available],[Not Available],[Not Applicable],[Not Available],[Not Available],[Not Available],[Not Available],C34.1,8140/3,C34.1,YES,[Not Available],[Not Available],[Not Available],[Not Available],NO,MN,0:LIVING,27.17,0:DiseaseFree,27.17,matched
TCGA-MN-A4N4-01Z-00-DX1.7D8352EF-7A4B-4084-9612-CF92D9D16041,TCGA-MN-A4N4-01,TCGA-MN-A4N4,2,98.87486524236968,3311755.0658952384,3.3117550658952384,229412.1875,0.06927208774057841,3082342.8783952384,186502.7245666459,0.05631537382920262,62.503283354925365,86.84745163119125,99.45681636014199,34.84502520088054,margin-localized,5.0,50;100;200,/data1/deasy/Himangi/male_psg_negative_features/TCGA-MN-A4N4/immune_proximity_wsi_summary.csv,CEEAD734-1CE0-4385-B65A-A9C853B7308E,TCGA-MN-A4N4,2012-12-04 00:00:00,Lung Adenocarcinoma,NO,YES,Male,Lung,WHITE,NOT HISPANIC OR LATINO,[Not Available],No,L-Upper,[Not Available],2010,[Not Available],[Not Available],R0,7th,T1b,N0,M0,Stage IA,[Not Applicable],[Not Applicable],[Not Applicable],[Not Applicable],YES,77,82,70,75,[Not Available],NO,[Not Available],[Not Available],NO,[Not Available],NO,[Not Available],2,No,1980,[Not Available],[Not Available],100,1,Preoperative,NO,[Not Available],Complete Remission/Response,[Not Available],NO,57,[Not Applicable],0,[Not Available],[Not Available],[Not Available],[Not Available],[Not Applicable],[Not Available],[Not Available],[Not Available],[Not Available],C34.1,8140/3,C34.1,YES,[Not Available],[Not Available],[Not Available],[Not Available],NO,MN,0:LIVING,38.6,0:DiseaseFree,38.6,matched
TCGA-MP-A4SV-01Z-00-DX1.5430F2CF-BE4B-42D6-9CD4-92E6FB3F6E99,TCGA-MP-A4SV-01,TCGA-MP-A4SV,8,119.65995233251367,9213013.361217286,9.213013361217287,1178800.3800361035,0.12794949207371523,8034212.981181182,442575.6189825216,0.0480380958574932,55.34513110710322,88.47313109903587,99.71419688828946,41.72416865558857,margin-localized,5.0,50;100;200,/data1/deasy/Himangi/male_psg_negative_features/TCGA-MP-A4SV/immune_proximity_wsi_summary.csv,706420C4-8820-4B41-80D9-F3EFD1D2A4F0,TCGA-MP-A4SV,2013-04-02 00:00:00,Lung Adenocarcinoma,NO,YES,Male,Lung,[Not Available],[Not Available],[Not Available],No,L-Lower,[Not Available],2001,[Not Available],[Not Available],R0,5th,T2,N0,M0,Stage IB,[Not Applicable],[Not Applicable],[Not Applicable],[Not Applicable],YES,62,78,[Not Available],[Not Available],48,NO,[Not Available],[Not Available],NO,[Not Available],NO,[Not Available],2,No,1946,[Not Available],110,[Not Available],[Not Available],[Not Available],NO,[Not Available],Complete Remission/Response,[Not Available],[Not Available],67,[Not Applicable],0,[Not Available],[Not Available],[Not Available],[Not Available],[Not Applicable],[Not Available],[Not Available],[Not Available],[Not Available],C34.3,8140/3,C34.3,YES,[Not Available],[Not Available],[Not Available],[Not Available],NO,MP,1:DECEASED,86.07,[Not Available],[Not Available],matched
TCGA-MP-A4SW-01Z-00-DX1.A6651B25-A35A-4BDE-9EBF-D264A02003C8,TCGA-MP-A4SW-01,TCGA-MP-A4SW,2,102.11058926452435,7902292.435362843,7.902292435362843,883131.6000842804,0.11175638048172667,7019160.835278563,386036.3363717431,0.04885118331539167,54.59150377363077,91.61104342360807,98.89259758760059,45.82064218231778,margin-localized,5.0,50;100;200,/data1/deasy/Himangi/male_psg_negative_features/TCGA-MP-A4SW/immune_proximity_wsi_summary.csv,15F12D2C-B834-4BFC-B526-F03BF85BFE96,TCGA-MP-A4SW,2013-04-02 00:00:00,Lung Adenocarcinoma,NO,YES,Male,Lung,WHITE,[Not Available],[Not Available],No,L-Upper,[Not Available],2002,[Not Available],[Not Available],R0,5th,T2,N1,M0,Stage IIB,[Not Applicable],[Not Applicable],[Not Applicable],[Not Applicable],YES,90,101,[Not Available],[Not Available],102,NO,[Not Available],[Not Available],NO,[Not Available],NO,[Not Available],3,No,1967,1982,15,[Not Available],[Not Available],[Not Available],NO,[Not Available],Complete Remission/Response,[Not Available],[Not Available],53,[Not Applicable],0,[Not Available],[Not Available],[Not Available],[Not Available],[Not Applicable],[Not Available],[Not Available],[Not Available],[Not Available],C34.1,8140/3,C34.1,YES,[Not Available],[Not Available],[Not Available],[Not Available],NO,MP,1:DECEASED,58.41,[Not Available],[Not Available],matched
TCGA-MP-A4SY-01Z-00-DX1.9535274F-C850-409E-80A1-B933B2F1A110,TCGA-MP-A4SY-01,TCGA-MP-A4SY,12,152.2157718194158,11659777.511662245,11.659777511662245,1040391.40625,0.08922909594195845,10619386.105412245,747008.3083131572,0.06406711513714483,65.19199556592122,88.92434767778414,99.13802790858503,30.377057543481726,margin-localized,5.0,50;100;200,/data1/deasy/Himangi/male_psg_negative_features/TCGA-MP-A4SY/immune_proximity_wsi_summary.csv,8CC6BCEC-65DF-46A9-A88C-09762A132857,TCGA-MP-A4SY,2013-04-02 00:00:00,Lung Adenocarcinoma,NO,YES,Male,Lung,WHITE,NOT HISPANIC OR LATINO,[Not Available],No,R-Lower,Central Lung,2002,[Not Available],[Not Available],R0,5th,T2,N1,M0,Stage IIB,[Not Applicable],[Not Applicable],[Not Applicable],[Not Applicable],YES,54,74,[Not Available],[Not Available],73,NO,[Not Available],[Not Available],NO,[Not Available],NO,[Not Available],4,No,[Not Available],2002,40,[Not Available],0,Pre-Adjuvant Therapy,NO,[Not Available],Complete Remission/Response,TUMOR FREE,YES,61,[Not Applicable],0,[Not Available],[Not Available],[Not Available],[Not Available],[Not Applicable],[Not Available],[Not Available],[Not Available],[Not Available],C34.3,8140/3,C34.3,YES,[Not Available],[Not Available],[Not Available],[Not Available],NO,MP,1:DECEASED,49.31,1:Recurred/Progressed,16.06,matched
TCGA-MP-A4TD-01Z-00-DX1.937DEBC9-F5D5-4682-AA9A-13D8226EE06C,TCGA-MP-A4TD-01,TCGA-MP-A4TD,7,180.4702475560412,3616172.805140368,3.6161728051403683,310451.16424016544,0.08585075464282596,3305721.640900203,25780.234903720735,0.007129149045940029,28.800401368462154,70.75866822402463,99.0134281394204,71.31323947907569,peritumoral,5.0,50;100;200,/data1/deasy/Himangi/male_psg_negative_features/TCGA-MP-A4TD/immune_proximity_wsi_summary.csv,383D1253-349F-43B3-BEBD-9F1D1CF14B3D,TCGA-MP-A4TD,2013-05-08 00:00:00,Lung Adenocarcinoma,NO,YES,Male,Lung,WHITE,[Not Available],[Not Available],"Yes, History of Prior Malignancy",L-Lower,Peripheral Lung,2008,[Not Available],[Not Available],RX,6th,T2,N2,M0,Stage IIIA,[Not Applicable],[Not Applicable],[Not Applicable],[Not Applicable],YES,93,92,[Not Available],[Not Available],61,NO,[Not Available],[Not Available],NO,[Not Available],NO,[Not Available],3,No,[Not Available],1990,20,[Not Available],0,Post-Adjuvant Therapy,NO,[Not Available],Complete Remission/Response,[Not Available],YES,71,[Not Applicable],0,[Not Available],[Not Available],[Not Available],[Not Available],[Not Applicable],[Not Available],[Not Available],[Not Available],[Not Available],C34.3,8140/3,C34.3,YES,[Not Available],[Not Available],[Not Available],[Not Available],YES,MP,1:DECEASED,10.09,1:Recurred/Progressed,7.42,matched
TCGA-NJ-A4YG-01Z-00-DX1.507BAE41-5EE9-4657-AAD1-AD456750BA2F,TCGA-NJ-A4YG-01,TCGA-NJ-A4YG,8,164.52505147927687,2981030.2174699567,2.9810302174699568,155272.1519347137,0.05208674203460286,2825758.0655352427,166939.48928126355,0.05600060284626954,67.8514489366129,95.37508278707945,98.59262710051344,37.01203351614175,margin-localized,5.0,50;100;200,/data1/deasy/Himangi/male_psg_negative_features/TCGA-NJ-A4YG/immune_proximity_wsi_summary.csv,7FD03220-531E-4EF8-BECA-E9703E8C0AE1,TCGA-NJ-A4YG,2013-04-26 00:00:00,Lung Adenocarcinoma,NO,YES,Male,Lung,WHITE,[Not Available],[Not Available],No,L-Upper,[Not Available],2008,[Not Available],[Not Available],[Not Available],6th,T2,N0,M0,Stage IB,[Not Applicable],[Not Applicable],[Not Applicable],[Not Applicable],NO,[Not Available],[Not Available],[Not Available],[Not Available],[Not Available],[Not Available],[Not Available],[Not Available],[Not Available],[Not Available],[Not Available],[Not Available],4,No,1955,2007,104,[Not Available],[Not Available],[Not Available],NO,[Not Available],[Not Applicable],TUMOR FREE,NO,65,[Not Applicable],0,[Not Available],[Not Available],[Not Available],[Not Available],[Not Applicable],[Not Available],[Not Available],[Not Available],[Not Available],C34.1,8255/3,C34.1,YES,[Not Available],[Not Available],[Not Available],[Not Available],NO,NJ,0:LIVING,74.28,0:DiseaseFree,74.28,matched
TCGA-NJ-A7XG-01Z-00-DX1.4A876254-653C-410B-A36C-55FC41C1DD93,TCGA-NJ-A7XG-01,TCGA-NJ-A7XG,11,8.305069063006464,5402555.544677582,5.402555544677582,1767435.8714707796,0.32714811663750476,3635119.673206803,2519059.5068312176,0.46627183857700666,65.08061067174935,82.95784952431566,99.99566003999291,65.52194141636136,immune-penetrated,5.0,50;100;200,/data1/deasy/Himangi/male_psg_negative_features/TCGA-NJ-A7XG/immune_proximity_wsi_summary.csv,01E9888D-B5B9-48F1-8BA6-8A89AF108A04,TCGA-NJ-A7XG,2014-05-22 00:00:00,Lung Adenocarcinoma,[Not Available],[Not Available],Male,Lung,BLACK OR AFRICAN AMERICAN,NOT HISPANIC OR LATINO,[Not Available],No,L-Upper,[Not Available],2013,[Not Available],[Not Available],[Not Available],7th,T4,N1,M0,Stage IIIA,[Not Applicable],[Not Applicable],[Not Applicable],[Not Applicable],NO,[Not Available],[Not Available],[Not Available],[Not Available],[Not Available],YES,NO,[Not Available],YES,Other,[Not Available],[Not Available],3,No,[Not Available],[Not Available],[Not Available],[Not Available],[Not Available],[Not Available],NO,[Not Available],Stable Disease,WITH TUMOR,NO,49,[Not Applicable],0,[Not Available],[Not Available],[Not Available],[Not Available],[Not Applicable],[Not Available],[Not Available],[Not Available],[Not Available],C34.1,8140/3,C34.1,YES,[Not Available],[Not Available],[Not Available],[Not Available],YES,NJ,0:LIVING,20.27,0:DiseaseFree,20.27,matched
