feature,method,params,n_invalid_to_nan,skew_raw_pooled,skew_transformed_pooled,z_mean_female_psg_negative,z_sd_female_psg_negative,skew_raw_female_psg_negative,skew_transformed_female_psg_negative,z_mean_male_psg_negative,z_sd_male_psg_negative,skew_raw_male_psg_negative,skew_transformed_male_psg_negative,z_mean_male_psg_positive,z_sd_male_psg_positive,skew_raw_male_psg_positive,skew_transformed_male_psg_positive
n_clusters_with_tumor,log1p,,0,2.195860395145221,0.12106732707140337,1.7823850683050035,0.6137366944608048,1.3972454911765988,0.14364398632725137,1.7944288250490876,0.6716938882844917,1.5889138581643358,0.09534259617169435,1.688504822181761,0.6832310664147868,2.9901151394392476,0.15114050396359457
wsi_tumor_n_islands,cbrt,,0,1.6457664721892817,0.08741176390568985,9.837724754971692,3.2427584973187615,1.7494831247413067,0.16640253418255607,8.97966417749822,3.3401463260611917,0.9514229911822139,0.23609137781276246,9.151772433149276,3.590610207764178,1.6637158191634336,0.024635594450380258
wsi_cluster_area_mm2,cbrt,,0,1.186862820201909,-0.08339083424126759,4.238033761352276,1.3084318778383943,1.2849422682637404,0.057342184566879346,4.25869743318453,1.3451769649522956,0.841154473300437,-0.2982166998779147,4.214147023821582,1.5287044553545521,1.1447427248346287,-0.11364057926561884
wsi_tumor_area_mm2,log,,0,1.8614107104555908,-0.8493567177041947,3.2069284655722634,1.2280216567401936,2.0043625261344067,-0.4765514315591502,3.2651600355313866,1.3834164724780738,1.1544898900587834,-1.2780066403555324,3.222887589729276,1.4750513508500473,1.78675744251299,-0.9383279486002707
wsi_tumor_perimeter_mm,cbrt,,0,1.4715510790754862,0.04263310114805857,11.322116387568093,3.588411718540709,1.4313983260976137,0.08413945579533628,10.808964988009103,3.8151217476783157,1.2546310117528794,0.08539955282587364,10.841914322836727,4.04599957200126,1.5760262598777983,0.035286581004346416
wsi_tumor_fraction_of_cluster,logit,,0,0.4939607052574363,0.398198064267083,-0.4005173487400436,0.6671937455789698,0.7019446507404645,0.6173038302030387,-0.26668915988213887,0.7456017528034625,0.21638640760697253,0.0843275381866788,-0.19228520895092846,0.6603240572960166,0.4316036486322697,0.35361435002273034
wsi_tumor_boundary_density_per_mm,cbrt,,0,1.881206355193153,0.28352350950523386,3.7514959009212068,0.7587621653760256,1.6707714925674193,0.09566693130286581,3.4656728469888907,0.708226232307026,1.1324792190099056,0.09606896017860389,3.4836806933267317,0.7540281667346883,2.3363048876810346,0.5565904066783203
wsi_tumor_patch_density_per_mm2,sqrt,,0,1.0460124430003237,0.10827558448632815,3.6590388997687784,1.03564114057818,0.47750491722019767,-0.18340080084675248,3.15155382476716,0.9240070680859461,1.106974194551901,0.12085149166440988,3.3306730372406532,1.0734275693406599,1.6178732464858485,0.36951563217496214
wsi_area_weighted_tumor_largest_patch_index,sqrt,,0,0.948809581131106,0.328069747784627,0.48440486963329593,0.2153188102857138,1.249897118501036,0.5833846647402123,0.5403118857504601,0.20123844068865268,0.9492636711641629,0.25886163585236394,0.555818644544898,0.21549483216741616,0.6846791129938178,0.10914079683171865
wsi_area_weighted_tumor_compactness_mean,sqrt,,0,0.8257595725704846,0.12998056077170603,0.2829435593230556,0.08460504527937891,0.7526000642626212,-0.002229685161782245,0.2695202000153725,0.09314492573642086,0.8220557615313964,0.20220078635103933,0.26753636035836414,0.09227039215133011,0.9359331750581075,0.26547660700063064
wsi_area_weighted_tumor_solidity_mean,none,,0,0.33716003120628174,0.33716003120628174,0.5984101191665382,0.06543318020514943,0.33423323112005043,0.33423323112005043,0.6264767019028015,0.061295902098573746,0.20107339844984734,0.20107339844984734,0.6209363553260693,0.07483560927332479,0.33488471950479076,0.33488471950479076
wsi_area_weighted_tumor_elongation_mean,log,,0,1.3668485783872406,0.2727588980811443,0.5777789152131418,0.13272820077369293,0.25237631187116233,-0.3331733249577157,0.5782354570938009,0.14942156201926113,1.6098887666461523,0.7142528179731035,0.5506755075377809,0.13923143781708622,2.1687770091176044,0.6618650932925257
wsi_area_weighted_tumor_boundary_fractal_dimension,reflected_log,c=2,0,-1.1554480989260851,-0.343392555944529,1.082780478071182,0.3443235947149777,-1.2093573367870836,-0.48909627110370124,0.9975976048232179,0.36983287555256855,-0.9863414501906557,-0.3543876251250579,1.0837949276811514,0.3369875915136193,-1.0913322270042536,-0.1158421963522739
wsi_area_weighted_tumor_island_nnd_median_um,neg_reciprocal,,0,4.082959884652657,-0.044211735884740956,-0.008042019363141858,0.001779329083170612,5.0686522207187235,0.23948870679140954,-0.007312434896987014,0.0014370794442075533,0.6356589801351121,-0.37220283320327713,-0.007745760075590493,0.0018258638489245798,3.0854061428719755,-0.17588121537298534
wsi_area_weighted_tumor_island_gap_median_um,cbrt,,0,1.7001018091881295,0.011087123792298082,2.2874516031707315,0.2929504391704503,2.68782284787483,0.737143702058248,2.334050290659584,0.308799778027166,0.3293540847211029,-0.7055739708678639,2.217507867182579,0.30866873145479257,0.44696118482771413,-0.3734757121822007
