wsi_name,sample_id,subject_id,n_clusters_with_tumor,wsi_tumor_n_islands,wsi_cluster_area_mm2,wsi_tumor_area_mm2,wsi_tumor_perimeter_mm,wsi_tumor_fraction_of_cluster,wsi_tumor_boundary_density_per_mm,wsi_tumor_patch_density_per_mm2,wsi_area_weighted_tumor_largest_patch_index,wsi_area_weighted_tumor_compactness_mean,wsi_area_weighted_tumor_solidity_mean,wsi_area_weighted_tumor_elongation_mean,wsi_area_weighted_tumor_boundary_fractal_dimension,wsi_area_weighted_tumor_island_nnd_median_um,wsi_area_weighted_tumor_island_gap_median_um,SEX,OS_MONTHS,OS_Status,stage,n_clusters_with_tumor__log1p_z,wsi_tumor_n_islands__cbrt_z,wsi_cluster_area_mm2__cbrt_z,wsi_tumor_area_mm2__log_z,wsi_tumor_perimeter_mm__cbrt_z,wsi_tumor_fraction_of_cluster__logit_z,wsi_tumor_boundary_density_per_mm__cbrt_z,wsi_tumor_patch_density_per_mm2__sqrt_z,wsi_area_weighted_tumor_largest_patch_index__sqrt_z,wsi_area_weighted_tumor_compactness_mean__sqrt_z,wsi_area_weighted_tumor_solidity_mean__none_z,wsi_area_weighted_tumor_elongation_mean__log_z,wsi_area_weighted_tumor_boundary_fractal_dimension__reflected_log_z,wsi_area_weighted_tumor_island_nnd_median_um__neg_reciprocal_z,wsi_area_weighted_tumor_island_gap_median_um__cbrt_z
TCGA-05-4244-01Z-00-DX1.d4ff32cd-38cf-40ea-8213-45c2b100ac01,TCGA-05-4244-01,TCGA-05-4244,1,196,29.785992334370228,19.11128141136864,578.4909374101237,0.6416197653188818,30.269604897660056,6.580274304772263,0.4873873665040493,0.0197071186833589,0.7013487407213997,1.5344801899583924,1.5646983009727666,117.01781243843163,3.7332585934148135,MALE,0.0,0,IV,-1.6395588283553078,-0.9493232135352938,-0.8615008801492883,-0.22761130237941396,-0.6491675028663996,1.1387989476306213,-0.4930063493056429,-0.6345722996427181,0.7842410859312741,-1.3864217889407429,1.2214852258506923,-1.0041641235810361,-0.44853145427322444,-0.8581798524078589,-2.534812255964167
TCGA-05-4382-01Z-00-DX1.76b49a4c-dbbb-48b0-b677-6d3037e5ce88,TCGA-05-4382-01,TCGA-05-4382,1,227,30.281901458788568,12.49462115156958,429.8792099900046,0.4126101912250734,34.405141602552945,7.496226758049862,0.3093970137602226,0.0749504014042179,0.6129448716028164,1.694045458081778,1.6831310073860202,162.28341335453848,15.402921800749365,Male,19.94,0,I,-1.6395588283553078,-0.8620861770749879,-0.8487824952097658,-0.5348077071695359,-0.8549738914991517,-0.11600859083688238,-0.3010961023794817,-0.4476481130634013,0.07912399476976016,0.04563329129320575,-0.2207623974311314,-0.34209270585978646,0.4101021521863174,0.8004955489968302,0.49886362815287427
TCGA-05-4395-01Z-00-DX1.20205276-ca16-46b2-914a-fe5e576a5cf9,TCGA-05-4395-01,TCGA-05-4395,1,315,39.98180230236401,23.24547513900754,1036.808339544412,0.5814013826393489,44.60258752915637,7.878584302373357,0.5682617311424665,0.017314095976192,0.6375165401266547,1.3351919626985536,1.7244358779433475,136.4945626206407,8.0,Male,0.0,1,III,-1.6395588283553078,-0.6513403453525815,-0.6239061978114144,-0.08605473657715236,-0.18026839330485586,0.7983055523793444,0.11397306300701392,-0.37301903759574234,1.0610273134735657,-1.4808875587657897,0.18010728035455598,-1.9351985040677908,0.7877539936795187,-0.009647529881475396,-1.081769853572228
TCGA-05-4397-01Z-00-DX1.00e9cdb3-b50e-439c-86b0-d7b73b802c0d,TCGA-05-4397-01,TCGA-05-4397,6,194,98.2641808344407,77.62918629993983,928.2549519807156,0.7900049198062566,11.957550970509592,1.9742697527480408,0.6301286848335952,0.0196664261160098,0.808307078239481,1.3105219484598494,1.3794865399170035,163.71683492923532,5.396120099922258,Male,24.01,1,II,0.22552136717085425,-0.9552586904773112,0.2645584711090501,0.7855793643336191,-0.2762884043674047,2.1347109554770936,-1.664647613378504,-1.8901010470217485,1.2596726867283847,-1.3879786099805522,2.966436092975136,-2.060010356845089,-1.407094006422312,0.8380382647866789,-1.8784337652984355
TCGA-05-4415-01Z-00-DX1.55E0C429-B308-4962-8DA9-41D7D3F7764E,TCGA-05-4415-01,TCGA-05-4415,5,282,50.48386359516784,31.60347362801561,851.9112617476153,0.626011390123489,26.95625397938597,5.585943307773936,0.9075562857134633,0.011344985117095,0.6652704336588594,2.358174391121283,1.4720452643947002,108.83836142468728,2.990676268379235,Male,2.99,1,III,-0.0039740659660462505,-0.7251155353378185,-0.41839868445295925,0.13597279467146198,-0.3483998957204132,1.0485924702930636,-0.6598088640147335,-0.8529088393138585,2.0490399293559554,-1.7500401506073782,0.6328927453204185,1.8715658953501968,-0.9703109203476213,-1.3050788789016237,-2.89280129719
TCGA-05-4418-01Z-00-DX1.f3863ea5-564f-482f-9878-cc104cf69401,TCGA-05-4418-01,TCGA-05-4418,3,412,82.96884610692295,45.89983240574472,990.480100731688,0.553217678194452,21.57916595372409,4.965719295035761,0.2498233163247208,0.0541468349956208,0.6126353243830513,1.8775463576425788,1.6852730632382005,177.2040751447586,15.125475759975496,Male,9.0,1,III,-0.6076197372758203,-0.4606520692689934,0.07644154461313923,0.4057356850985296,-0.22038594715243603,0.6442705015440703,-0.9624258501335723,-0.9990880609164424,-0.20119714958703422,-0.39535674998562065,-0.22581244497374298,0.3462039729270447,0.4284429242972106,1.1615389986157594,0.4501925539372273
TCGA-05-4432-01Z-00-DX1.90d00d62-402b-404a-85e2-0edf869193ab,TCGA-05-4432-01,TCGA-05-4432,3,427,79.66772801014899,44.00690122292111,1205.3769957053405,0.5523805224784998,27.39063560961472,5.359761231619456,0.4311213813299872,0.0380905834809733,0.590475242276035,1.7091225915062214,1.7803795881907314,164.03787907653756,14.111521978007945,Male,25.0,0,II,-0.6076197372758203,-0.43393786485863334,0.032856779486330465,0.37529293773212546,-0.04365023742643653,0.6397286865718171,-0.6371891629926228,-0.9052290180337044,0.5778540859056286,-0.7982411183741309,-0.5873387680773554,-0.28279267110868817,1.4013276080923334,0.846356793006306,0.26708137909004886
TCGA-35-4123-01Z-00-DX1.990553a8-657e-49ec-9782-e6d30a4c4909,TCGA-35-4123-01,TCGA-35-4123,2,441,112.25201946432448,70.94041284355356,1184.9968939144644,0.6319744908117184,16.70411612246695,3.928659832620267,0.6665767289476743,0.0345550085321955,0.6287493692938003,2.070787151696962,1.643368275289886,188.25533856847417,16.780350619372435,Male,5.98,0,I,-1.0359131570455338,-0.40956336427666834,0.42016767613556394,0.7204484356238389,-0.059461212172976306,1.0828648582517546,-1.2840477669688974,-1.2656495240447272,1.3721514487721969,-0.8978527185660375,0.03707698741987732,1.0018188968032795,0.09045709693267578,1.3920598144119638,0.7322192258118833
TCGA-38-4629-01Z-00-DX1.d00cc280-5370-4b9f-9655-6c35deb94647,TCGA-38-4629-01,TCGA-38-4629,2,114,100.39693702898448,82.34876080378399,441.7507600374621,0.8202318042831326,5.364388677202332,1.1354928085812852,0.9909601264668184,0.0214954255801401,0.7638072593225643,3.120111568613773,1.3380987959878838,148.69349127651898,8.443444997447022,Male,28.38,1,II,-1.0359131570455338,-1.2367292293237884,0.2891996351039816,0.8282418171633804,-0.8369288485988872,2.3935135911946293,-2.421722371282676,-2.257513873814965,2.2617841530568863,-1.3195245530504633,2.2404525052737303,3.745331635518493,-1.5816837027116966,0.4086002112957038,-0.9642463247169902
TCGA-44-2656-01Z-00-DX1.5f247f31-4bb5-460d-a1f7-7dcdba33c835,TCGA-44-2656-01,TCGA-44-2656,9,273,45.02037057063416,26.91156132086423,536.6493432744852,0.5977641005562508,19.94121919854672,6.063921654569235,0.7002191168824436,0.0387095287715367,0.6528937698688568,1.3964269289822988,1.6339470639224147,159.79372632788846,13.95131082789598,Male,46.94,0,I,0.7565295394346835,-0.7462278048522257,-0.5213198837162768,0.01980310930826096,-0.7031465877028042,0.8890089404832329,-1.0645145099204543,-0.7457201581424898,1.4732725860256422,-0.7812860063779892,0.43097608586578,-1.6350965225704275,0.019954194481130377,0.7336872951687637,0.23735357822707606
TCGA-44-2662-01Z-00-DX1.398f3f84-fd48-4454-b789-a3e90cd36d73,TCGA-44-2662-01,TCGA-44-2662,12,840,81.43817059194916,22.417101983096856,1117.314499972265,0.2752652941508116,49.84205812217619,10.31457354572551,0.2390214886447114,0.1576832225121628,0.6525090330271687,1.5802274833906516,1.6998634908869417,178.57318243455737,27.028758095810424,Male,42.05,0,I,1.1471304798981585,0.13643826905998183,0.05637854515019322,-0.11228425400164992,-0.11330796747953316,-0.9406914130268876,0.3028346939606414,0.06501806791133619,-0.2554862083738975,1.3696212349471757,0.42469937194990615,-0.8075584404178133,0.5567927737984851,1.1916459486614208,2.160022427245972
TCGA-44-2668-01Z-00-DX1.f66fa464-dad1-4a9f-8486-3d7579ca42b6,TCGA-44-2668-01,TCGA-44-2668,4,280,40.46487477971195,19.475371842928816,517.1883013045485,0.4812907972396164,26.556016772143483,6.919581526553613,0.6280742504118122,0.0617379875073914,0.5661017058510432,1.9188040476102544,1.6435389232427011,156.9094724208297,20.01016998103311,Male,25.0,1,I,-0.27540955164480463,-0.729767896125514,-0.6137094320699095,-0.21396980338091778,-0.7292122074336006,0.2572652109302722,-0.680866669289924,-0.5638962040877845,1.2532370556630184,-0.22598009150118392,-0.984976058508209,0.49167363803238906,0.09175123174506826,0.6536405226930242,1.2332500474342405
TCGA-44-7660-01Z-00-DX1.f96c114b-f0fc-498a-97cc-e262344de357,TCGA-44-7660-01,TCGA-44-7660,7,933,78.8114871796032,24.775599355277627,954.3248258431762,0.3143653322873683,38.51873822135765,11.838375767149143,0.0768056256645199,0.2153236321418909,0.7011209969694219,1.6875725563670132,1.6602757751017334,163.28731932571858,23.89292212276944,Male,19.45,0,I,0.42431935380366714,0.23706157017731583,0.02135576737565042,-0.039974053200584295,-0.25257235012499546,-0.6881689608273585,-0.12491547086344652,0.31291996284388063,-1.3077700557138385,2.0882466060972105,1.2177697449754517,-0.3677134487514612,0.2217852828490873,0.8268579928005131,1.7686303132629675
TCGA-44-7662-01Z-00-DX1.2f0b6cea-795a-40ad-93a9-319858e6fb3b,TCGA-44-7662-01,TCGA-44-7662,3,230,17.870407270857488,7.500981544600073,337.34765705947007,0.4197431782560683,44.973801768959866,12.870439745101775,0.614206882355365,0.0484243586224171,0.6597385527005938,1.6891509776510778,1.6432798377759066,114.22013840416092,11.49798865283674,Male,7.16,0,I,-0.6076197372758203,-0.8540759067983241,-1.2223377761666545,-0.9036513413054402,-1.008520756339757,-0.0766342053838755,0.12782648426380308,0.4718423717589446,1.2095185890253843,-0.5310525085770428,0.5426439559418159,-0.3614567653571525,0.08978666113520481,-1.0038336048215815,-0.24936278912118962
TCGA-49-6745-01Z-00-DX6.3174fffa-c17c-44d1-8d21-1921a9ec1bee,TCGA-49-6745-01,TCGA-49-6745,3,514,103.81893374554522,66.12562953181985,1213.9695647897222,0.6369322737785991,18.35853319484174,4.950927364172196,0.5867169782931249,0.0285835197645158,0.6567585821436761,1.5965729721440078,1.614260407901085,148.42413181972205,11.741873279395952,Male,17.15,0,III,-0.6076197372758203,-0.29018520454600377,0.3280172190041661,0.6696438804666759,-0.037037483956615345,1.1115358777150648,-1.1686171191361292,-1.0026826750566005,1.1213694658225828,-1.0784654754638474,0.49402780943131347,-0.7386886865505176,-0.121689656994651,0.4001073315596977,-0.19804601477661413
TCGA-49-AAR9-01Z-00-DX1.B6A9966E-89B8-404B-8ABC-1F8F8553D4DA,TCGA-49-AAR9-01,TCGA-49-AAR9,2,23,1.098062512675078,0.1675979983421492,21.73343707434089,0.152630652997934,129.67599427990987,20.945984162566354,0.475013471809929,0.1517262351451203,0.6851402336292215,1.8167378326372488,1.3432835614390304,114.56584963588554,15.396638265219671,Male,8.54,1,II,-1.0359131570455338,-1.8369845505787121,-2.3989585218721814,-3.6513567462114023,-2.1017123887167974,-1.9412863891372956,2.253393076177151,1.5423306959714433,0.7399198918126949,1.2883183767550934,0.9570547086831279,0.12586561016073675,-1.5604200949777283,-0.9854498233122808,0.4977678326866535
TCGA-50-5066-02Z-00-DX1.A2CA045A-7956-4E04-9EC9-5856FC789110,TCGA-50-5066-02,TCGA-50-5066,6,1853,144.53837058520796,69.30984385391977,3010.401170572125,0.4795255652412409,43.43396266938601,12.820125150834071,0.2094118011178617,0.0380258992083588,0.6094725448398971,1.6541508763666697,1.7015714785189089,111.49077272415012,10.2729150182143,Male,47.37,0,I,0.22552136717085425,0.9888723006677673,0.735449194494878,0.7036398126640749,0.9515238569644014,0.2477805321621828,0.06985253686474657,0.4642458101373993,-0.4109381070242737,-0.800020975671973,-0.2774109929169315,-0.5015852100234349,0.5722239503715828,-1.152975391449203,-0.5187568186025797
TCGA-55-1592-01Z-00-DX1.ee15e261-2f9c-4a93-a19f-27cb1c3bae15,TCGA-55-1592-01,TCGA-55-1592,7,1077,75.49017340345856,31.54391461207522,1935.727737517919,0.4178545788136983,61.36612279494662,14.266757532055925,0.3534620119903995,0.0425993448714784,0.5756189867558009,1.6960518364478228,1.688775425868624,109.40378706810569,6.298991018890611,Male,23.03,1,I,0.42431935380366714,0.3804272934107861,-0.02406133576360627,0.13460925021375883,0.43348816000202706,-0.0870406306800265,0.6758917501906243,0.6770319748199651,0.26940591797558605,-0.6776978152156952,-0.8297082415919599,-0.3341710230644565,0.4587015662170588,-1.272035810212158,-1.577831909670017
TCGA-55-1594-01Z-00-DX1.bd90c500-7c0b-4c45-a3f7-2d9177384b1d,TCGA-55-1594-01,TCGA-55-1594,2,400,172.8011244085886,134.79540642985108,1179.3064398073304,0.7800609335800796,8.74886222789093,2.3147997524263744,0.9427240927205648,0.0133195176379101,0.7042843497073346,2.138496632964336,1.655103718858271,159.77366804326675,11.305419054595014,Male,38.7,0,III,-1.0359131570455338,-0.48249418525262594,0.9747574351956364,1.1844575498664742,-0.06390823066497255,2.055669334944187,-1.9839981248006184,-1.7641718147594068,2.1398889371568255,-1.6545183130491428,1.26937764419236,1.2171443976845864,0.1809302015104927,0.733140596417346,-0.29039724900482505
TCGA-55-6975-01Z-00-DX1.2762a872-b1c3-47fd-8ed5-b715a5b20163,TCGA-55-6975-01,TCGA-55-6975,1,177,21.72774827827556,7.263000451203103,254.38010161814285,0.3342730391655448,35.02410654208416,8.146265215018763,0.2702510633028059,0.1123288843325064,0.6986008473730385,1.6549264031116004,1.572775910092633,160.48753845704033,20.5243757517738,Male,3.88,1,II,-1.6395588283553078,-1.007438429640547,-1.0915029291290512,-0.9269565834262286,-1.1723825032832216,-0.5662973762361144,-0.2737200472139081,-0.321845518643414,-0.10164615551791206,0.7046526135796373,1.1766552575447822,-0.4984482672115314,-0.3978851309796032,0.7525133825503769,1.3079215308124623
TCGA-55-6980-01Z-00-DX1.2f1d1858-42b9-4e3b-966d-2f3f429570a6,TCGA-55-6980-01,TCGA-55-6980,7,2408,124.33280710650205,41.03653139524011,3145.537365346339,0.3300539282450904,76.65212576205197,19.36737419543126,0.1422763808657049,0.076616886185835,0.5123855711006542,1.7376819318381571,1.743014457619629,110.31248498075196,11.446297760765324,Male,69.28,0,I,0.42431935380366714,1.32444934485091,0.5444568306802791,0.3247775727974705,1.0073286206992293,-0.5918065477349113,1.1044939021624975,1.3520286969161546,-0.8105631831517455,0.078129371436229,-1.8613174273652136,-0.17188586974937728,0.9764893011087994,-1.2196417892419227,-0.26033228059099534
TCGA-55-7903-01Z-00-DX1.40fc5dcb-b5bb-46b4-90bd-2eeb3ea880f5,TCGA-55-7903-01,TCGA-55-7903,1,63,18.52768084366529,12.566678933166031,200.26431523115232,0.6782650801901438,15.93613685017558,3.400317639945747,0.4988931678247679,0.022119261494943,0.7719382022292378,1.3289790818569849,1.488067260229062,126.3991847531067,8.75,Male,18.63,0,I,-1.6395588283553078,-1.4971221262329264,-1.1987959938771047,-0.5306509415179997,-1.2996582456567958,1.3579626995738643,-1.340232512835758,-1.4150961050603077,0.8249508032405871,-1.2968472762052003,2.3731031822080157,-1.966412432565621,-0.8869832735288856,-0.416823535559342,-0.8853880741172455
TCGA-55-7907-01Z-00-DX1.f5a264f5-3926-4d09-82f3-cd38d554f3db,TCGA-55-7907-01,TCGA-55-7907,6,322,36.44416439693551,11.3460235746016,517.9111713400584,0.3113262098981109,45.64693241951458,8.835433747167382,0.1599632591985071,0.1361870950123078,0.6077539677246148,1.7315804740229657,1.6217965040502915,173.8314529863574,22.03499615373452,Male,11.27,1,II,0.22552136717085425,-0.6363613950326843,-0.7012059091025192,-0.6045126073578353,-0.7282324259874184,-0.7071298773300497,0.15275398971525875,-0.19383842309374846,-0.6974701946050234,1.0683905387131494,-0.3054483829616785,-0.19542625870113295,-0.06834093815573607,1.0853513015453558,1.5203185135850397
TCGA-55-8090-01Z-00-DX1.83f86d5f-7cb9-443a-a812-b19ba4aea836,TCGA-55-8090-01,TCGA-55-8090,2,110,17.0193022879427,8.110550349677537,237.95119449371984,0.4765501083686282,29.33847695097293,6.463249676100373,0.2042750295253073,0.115204405025924,0.6394750745054586,1.91056381385762,1.6557334273013349,188.587202244174,13.37809165562178,Male,19.65,1,I,-1.0359131570455338,-1.2539104313356084,-1.253696045636528,-0.8471738860974024,-1.208934994496568,0.23178691343024485,-0.5385980322631675,-0.65936899919835,-0.4390012840964826,0.7504170898796804,0.21205940621860228,0.4628711611049149,0.18587151329673346,1.3985643968656036,0.1290878253908354
TCGA-55-8302-01Z-00-DX1.E0C2B152-BBA9-4AA7-9E6B-BD57B68163CB,TCGA-55-8302-01,TCGA-55-8302,2,174,13.659055393621166,4.406617619208729,287.31744375703624,0.3226151071373967,65.20135591175442,12.738801841396638,0.2441656933770237,0.0924011873634681,0.6169545322501742,1.7878079087333407,,140.22754153075113,15.55839825861611,Male,15.7,0,I,-1.0359131570455338,-1.0169895789701893,-1.3888738102758362,-1.2881533909533558,-1.1035903732231518,-0.6371906757275558,0.7895787889941819,0.4519359251983431,-0.22948217263213436,0.36991211112007844,-0.15534757343670574,0.01843629697456917,,0.12606691909484463,0.5258830125236054
TCGA-55-8614-01Z-00-DX1.043DE2B5-A453-4570-8830-99170450658C,TCGA-55-8614-01,TCGA-55-8614,5,502,33.38927311921393,9.45408890368681,487.4203777269021,0.2831474908103473,51.55656803024381,15.03476874766474,0.15553599073128,0.1715626968029457,0.6455486347514728,1.7340864394425068,1.5928307292229171,133.6405533937797,18.561368390505177,Male,17.61,0,I,-0.0039740659660462505,-0.3089955415676005,-0.7720918575984794,-0.7363745622911898,-0.770378798437086,-0.8881591557295847,0.36174641113465283,0.7856168794374171,-0.7251664746527715,1.5532899355983165,0.3111453163377971,-0.185747825592713,-0.2678813325855517,-0.11852072763461698,1.0157298601668927
TCGA-55-A4DF-01Z-00-DX1.C945E1AD-BEF4-403F-BB11-BAC831D24CDA,TCGA-55-A4DF-01,TCGA-55-A4DF,4,171,17.119649205346967,6.987634918835064,294.4201625245578,0.4081646086914339,42.13445120479216,9.988522425248744,0.4008963793950684,0.0783201327403918,0.6226674964754394,1.4383379969125858,1.7162566392486798,161.97680589686203,12.758121759051388,Male,20.17,1,I,-0.27540955164480463,-1.0266511523255495,-1.2499452454215445,-0.9548953008137462,-1.0894538637060591,-0.14064993142374524,0.01985103161630582,0.009641214630503301,0.4614024017061206,0.11097913767853719,-0.06214453653420832,-1.4371900278667376,0.7086647001803082,0.7923789335107035,0.008452125076709047
TCGA-55-A4DG-01Z-00-DX1.9CE9B7BE-48EF-44F1-9C25-F15700A3E5DE,TCGA-55-A4DG-01,TCGA-55-A4DG,2,432,12.65108001989076,2.4460321194726005,280.4682315785522,0.1933457155931989,114.66253012205956,34.14728223367369,0.0539259162187624,0.2204476010321404,0.6593547520567509,1.8615798092514428,1.631552278187182,91.8876646685471,15.754628190396232,Male,19.97,0,I,-1.0359131570455338,-0.42517235459072056,-1.4337075844208012,-1.7136508882810877,-1.1174447303101611,-1.5581054593990058,1.9661935079986212,2.9134125299453277,-1.5309815637137785,2.1471730879839783,0.5363825154424869,0.28904817590125165,0.002322238467432575,-2.484496381251135,0.5597289705115375
TCGA-62-A471-01Z-00-DX1.51A235BB-7F67-4C0D-8B15-2E26116D8822,TCGA-62-A471-01,TCGA-62-A471,5,252,122.11538765352688,75.33544387450412,908.4811512728722,0.6169201549623736,12.059146459483872,2.063621995902675,0.4947857243950994,0.0407400889762534,0.6595824479481521,1.468685150322001,1.6478785464686876,159.99003579376,16.887403272399546,Male,40.93,0,II,-0.0039740659660462505,-0.797361648219315,0.5222668670388081,0.7638991668362821,-0.29457468189951436,0.9967590928990655,-1.6555290363054433,-1.8560708534001755,0.8104723040994215,-0.7265930707159587,0.5400972155057161,-1.2974560666519075,0.12487132076256781,0.7390305735848138,0.7498123883393957
TCGA-62-A472-01Z-00-DX1.C2F76C9A-C51A-4521-9B95-2A20063E9931,TCGA-62-A472-01,TCGA-62-A472,4,3098,191.5658486279115,79.11507501360623,4731.573200806508,0.412991540925834,59.80621518709008,16.17198484066651,0.1046831522261129,0.0644253958867214,0.5214342715499581,1.7812728129840305,1.8143788906834024,113.50183358229089,9.815164525223686,Male,29.89,0,II,-0.27540955164480463,1.6760334013355387,1.119517587391543,0.7992845428661925,1.567223085892391,-0.11389855171321873,0.6282958059021602,0.9414287484559726,-1.077150698475845,-0.16853969346967476,-1.7136941745945442,-0.006071980773381972,1.8561089889766424,-1.0423887590666787,-0.6249100959466889
TCGA-64-5775-01Z-00-DX1.9A338C1A-CDB6-41AF-B6D5-EDE608B5E3E1,TCGA-64-5775-01,TCGA-64-5775,3,1544,103.3105154886114,52.46672125214102,4827.98766916865,0.5078546070939387,92.01999961016496,14.945235658708963,0.581685432413397,0.0091083486483307,0.6203641560245294,1.7533458309892318,1.7069512213258642,92.42313603482724,3.2637108569088324,Male,2.04,1,III,-0.6076197372758203,0.7719209582792405,0.32230445378948963,0.5023932170781372,1.596911165383387,0.39982493602447583,1.4811816308201458,0.7731034048761136,1.1050133461179243,-1.8689427225577822,-0.09972193358769842,-0.11182851304228242,0.6214120324977905,-2.4406213377155543,-2.7549313391087074
TCGA-64-5815-01Z-00-DX1.1E3600B5-7E83-47BE-AC70-E0C2D623740B,TCGA-64-5815-01,TCGA-64-5815,3,657,49.1777188697391,10.157254490671576,936.1628740997974,0.2065417982801498,92.16692118520508,13.359708727853922,0.0882955258046214,0.0826866599566752,0.608219704664938,1.7674735698759825,1.6150133590639346,149.0378457450374,18.20698421774256,Male,28.45,0,II,-0.6076197372758203,-0.08571131205394679,-0.4423009601066564,-0.6845168291937762,-0.26904806915883583,-1.4474334239430127,1.4845724646074192,0.5449522245552826,-1.2083489331598793,0.19359811454827203,-0.2978502087872569,-0.058119401870280946,-0.11640652712434012,0.4194129677855143,0.9608110941210573
TCGA-69-7978-01Z-00-DX1.90a2bf2f-18e2-4bfe-b858-d2de619e2493,TCGA-69-7978-01,TCGA-69-7978,6,1970,229.1651938982693,118.84539967990364,3490.9394961009107,0.5186014405514883,29.37378733634918,8.596418882330445,0.1878489726027542,0.0910887444096553,0.6305380530880127,1.7668214716070725,1.7793616245101431,153.37786857212694,13.555477936907804,Male,4.4,0,II,0.22552136717085425,1.064693666133753,1.3833172569080965,1.0934259354840268,1.1430479542043948,0.4575220974825753,-0.5368516338271245,-0.23764840302512455,-0.531192807702843,0.3466524761479369,0.06625811915909019,-0.06058900390551601,1.388823592526245,0.5515279205107053,0.16291631988528235
TCGA-73-4675-01Z-00-DX1.1027587f-8ec4-4b8c-8768-ff7b669683e0,TCGA-73-4675-01,TCGA-73-4675,15,2509,216.8916655227208,103.08725202053677,4755.963526833006,0.475293745253377,46.135321619452384,11.567987151342,0.0677718159185759,0.0626529595402415,0.6619752430131105,1.5971675165343315,1.8325390609351504,142.8741974658212,9.88168594372215,Male,30.29,1,III,1.456258444883155,1.379787128008194,1.3006076077174897,0.9906024168169194,1.5747712180896312,0.22503111342193702,0.17068711226556568,0.27015004767371303,-1.3912932303010925,-0.20628571795247724,0.579134002355029,-0.7361969542027972,2.1344980446166053,0.21799106119149772,-0.6092815110420786
TCGA-73-4676-01Z-00-DX1.4d781bbc-a45e-4f9d-b6b6-2265282dff99,TCGA-73-4676-01,TCGA-73-4676,12,3168,347.8600750543546,200.18698906410748,7285.410981005107,0.5754813599486157,36.39302941247616,9.10711009162229,0.1586457373391014,0.0310193622402195,0.6427293143436714,1.5932622203559643,1.7384434299835838,119.28743137496848,9.706123413804788,Male,9.23,1,II,1.1471304798981585,1.7086606961114164,2.062337846871175,1.4703394675534183,2.248126879694882,0.7657440190630229,-0.21429991053042194,-0.14475532437216238,-0.7056718930816978,-1.0027068482377937,0.265150065247969,-0.7525810218462542,0.9288170625766207,-0.7450374211135186,-0.650681746273506
TCGA-78-7148-01Z-00-DX1.aac94f79-77f2-45e6-b0c3-0b103fecbb22,TCGA-78-7148-01,TCGA-78-7148,11,1411,97.15395128332584,26.029327085173207,1792.0354864189576,0.2679183578366773,68.84678503424449,14.523341370698986,0.1995653509531788,0.1220043665151994,0.5394884234272478,2.0850294739247173,1.6877904209776369,126.15586359392174,13.93877166705417,Male,20.57,1,II,1.0279650251134416,0.6695658270160588,0.251589919913648,-0.004290948162024487,0.35057100775745353,-0.9905027434961875,0.893577436720923,0.713626973901571,-0.4650428946303475,0.8564184670050362,-1.419153246748248,1.0476903876282175,0.4501573419424711,-0.427441649606586,0.2350173045285357
TCGA-78-7155-01Z-00-DX1.32258467-7550-4a1b-8df9-a869fb83e559,TCGA-78-7155-01,TCGA-78-7155,1,564,147.50960780551338,107.1504446899371,1721.7022761197154,0.7263963770496324,16.068083348621016,3.823479761017436,0.273356328774853,0.0255177635017027,0.6524391848414611,1.936578217095009,1.6716366313451116,138.5829151199132,8.25,Male,38.47,1,I,-1.6395588283553078,-0.21481542477182028,0.7620010883143054,1.0185463774464747,0.3083621649103704,1.6672500668118375,-1.3304529118198427,-1.2945591433635344,-0.08684717196283179,-1.1785654980380258,0.42355984739253494,0.5533816666500763,0.3137548210897225,0.06717665928877463,-1.014995160783164
TCGA-78-8640-01Z-00-DX1.6F929E56-34D5-45A6-8A9E-ACB4B88A68B1,TCGA-78-8640-01,TCGA-78-8640,19,2619,271.9214300503961,123.9476319072184,5567.767519167788,0.4558214918340448,44.920321860893374,9.631458614771963,0.1333540111249125,0.0593663469136508,0.6172198081866195,1.7658352265632966,1.2924741971357565,143.121788871194,11.000979960202844,Male,232.0,0,II,1.7884686305141706,1.4383916242341537,1.6502678116343314,1.1238113384296096,1.812518517929099,0.12005483369704202,0.1258353683402851,-0.05205012977678126,-0.8702870105059829,-0.27771880857854353,-0.15101978108251682,-0.06432580630898795,-1.761921311617729,0.22641655236302569,-0.3562313417673236
TCGA-78-8660-01Z-00-DX1.11E923ED-C01B-439D-8796-08C9E3DC2D93,TCGA-78-8660-01,TCGA-78-8660,22,1689,244.5732219860521,110.95167063483834,4590.649600841826,0.4536542052063485,41.37521836827919,6.905907303688066,0.2114503804274962,0.046760484709802,0.5218087957972619,1.6968915496718209,1.4297042955153452,176.3618360717284,11.985893809155971,Male,10.55,1,II,1.9965424939404275,0.8770185313780702,1.4830702092569545,1.0437454663918835,1.5230952328744223,0.10833170092277206,-0.009839446244744764,-0.5667105156049135,-0.39989648202266315,-0.5719954372141205,-1.7075840720512865,-0.3308584069372224,-1.1789036637053278,1.1427857594950597,-0.14740698363888272
TCGA-80-5611-01Z-00-DX1.31920706-8AF4-46D2-B1D4-7DD5AF4AAC77,TCGA-80-5611-01,TCGA-80-5611,3,606,67.89018660520694,39.079803345959874,1156.4347672863585,0.5756325810859179,29.59162197027566,8.926179618918914,0.1925872833325396,0.0649748807181365,0.6362488246098474,1.6529173624445068,,136.42530861360677,9.672109501042266,Male,85.25,0,I,-0.6076197372758203,-0.1548783344659152,-0.13324690993894392,0.2894614655152805,-0.08192787279018136,0.7665742479874051,-0.5261086921883118,-0.17736071530614603,-0.5041989428929426,-0.1569435151219034,0.15942538363055356,-0.5065777050730101,,-0.012235467676899228,-0.6587603410270118
TCGA-86-7955-01Z-00-DX1.ef4f4d94-5efb-4a07-97cf-b0ed69085827,TCGA-86-7955-01,TCGA-86-7955,27,700,92.54471515688611,38.50859800217428,1241.2390784640345,0.4161080180201832,32.232777687568664,7.5639111192176385,0.3591907669032491,0.0540007215567585,0.4672540633831457,2.1982922927131487,1.6328515986339247,148.82345022796156,11.492450114147935,Male,35.22,0,I,2.2893995493298296,-0.03012567422184535,0.1966670885197782,0.27881806616771293,-0.016255577494672293,-0.0966762188339078,-0.3998597680991804,-0.43430108217172947,0.29325099984987213,-0.3987296829272393,-2.5976065783908355,1.4017078153391638,0.011874402553673174,0.4126868109497457,-0.25053656574152067
TCGA-86-8055-01Z-00-DX1.546dc42e-3742-4da5-8f9b-80732180ce76,TCGA-86-8055-01,TCGA-86-8055,11,89,6.108313166205895,1.0225198699930935,77.06682337210904,0.1673980757322926,75.36951176570247,14.570307313709865,0.4619530295958773,0.1923120663075791,0.6841716523977335,2.300430057470075,1.3808861670679926,128.53667661346404,17.434446762358746,Male,4.07,1,II,1.0279650251134416,-1.3517129614012513,-1.8069798322983073,-2.344116944205821,-1.7177469627153796,-1.7938421121476387,1.0708511515690065,0.7202903419493839,0.6925087453635634,1.8145250039195466,0.9412529797203927,1.705648277444156,-1.4009881597395777,-0.3252747995237295,0.8385723128060306
TCGA-86-8073-01Z-00-DX1.33c016fc-5c9e-4ad6-8de2-a7f8521d205c,TCGA-86-8073-01,TCGA-86-8073,8,156,12.033223212140658,2.9924564800365188,205.92692342437425,0.2486828696917501,68.81534444967474,12.964107558696924,0.4726856412407728,0.0914193387414589,0.5583010836130606,1.5897997238461372,1.510188125719457,127.31205745294253,16.720986808642465,Male,24.31,0,I,0.5996716053437281,-1.0767347338498154,-1.4623786373087406,-1.5679048669369868,-1.285338495173185,-1.1252122301709377,0.8926963722380387,0.48594501038860655,0.7315177401560328,0.3525271036042275,-1.1122377835324684,-0.7671410142646544,-0.7675459158732609,-0.3773491269344047,0.7224310365739984
TCGA-86-8585-01Z-00-DX1.bc0b1c69-f71d-46fc-8195-2d205002e6e5,TCGA-86-8585-01,TCGA-86-8585,10,2084,183.0683546686985,81.41765197254634,3207.038888880621,0.444739081857643,39.38997024824567,11.383726061073991,0.2449306291655255,0.0797706225164639,0.6166299309253019,1.9639981079279487,1.731624811030912,132.84014007380975,12.519917601321,Male,11.6,0,I,0.8984248007534179,1.1357352367229294,1.0551925638595716,0.8200220911314132,1.0321971725199477,0.06000362923405841,-0.08923094312503699,0.24071672510315728,-0.22563889309881321,0.138673527842164,-0.16064321823120128,0.6474754255930611,0.8592305737075108,-0.1498944421028566,-0.03893743225718411
TCGA-86-A4JF-01Z-00-DX1.22828B15-D68E-4300-A3A8-FBC11B319BC5,TCGA-86-A4JF-01,TCGA-86-A4JF,12,1974,150.8758655055557,62.98930786408511,3190.7963184894725,0.4174909463022477,50.65615779386557,13.08360348678372,0.3103849008479203,0.053220567485706,0.5984330743958334,1.7995425094690956,1.6107691446474244,125.95103820507497,12.65986204344117,Male,24.21,1,II,1.1471304798981585,1.0672321167523904,0.7916556698278039,0.6345196674152654,1.0256604971533212,-0.08904580691216613,0.33097339354410554,0.50386258308754,0.08353321768596915,-0.4168167663852275,-0.4575122732000811,0.06222003017595105,-0.14605232658639347,-0.4364116780069731,-0.011024082827046222
TCGA-91-A4BC-01Z-00-DX1.8D8783B1-D1BA-4970-B77B-3AED8506C487,TCGA-91-A4BC-01,TCGA-91-A4BC,2,114,17.67369656074533,7.128416881538754,236.8745539253487,0.4033348007892999,33.22961575645341,6.450263509287749,0.5931682637231686,0.0433769013585522,0.5279263843914721,1.6728553183041257,,175.62796814042952,22.322964046678305,Male,1.45,0,II,-1.0359131570455338,-1.2367292293237884,-1.229495441868018,-0.9404766300621918,-1.21138841497981,-0.16751570413006606,-0.354005959598629,-0.6621344665511592,1.1422384857778405,-0.6575664628329948,-1.6077798700612072,-0.42633418068927603,,1.1262988655452246,1.5596966213532564
TCGA-93-A4JP-01Z-00-DX1.994E229B-5251-4F61-8C41-863047F3A136,TCGA-93-A4JP-01,TCGA-93-A4JP,6,1525,103.03334265329056,48.52726749589695,2038.6062918166544,0.4709860540892309,42.00950098805834,14.801033924830124,0.1907334725048128,0.058839567737847,0.6378459098560911,1.6067287915690174,1.704228525352726,101.41882491628712,7.922772404798058,Male,18.99,0,IV,0.22552136717085425,0.7576684268505763,0.31918214561703134,0.4459725853435228,0.49036378576909334,0.20185420628484438,0.014989400679693956,0.7528701751626103,-0.5147200047726819,-0.28935031257074834,0.1854807183522013,-0.6962526029668178,0.5964060463693859,-1.7728090980036535,-1.1026780726178111
TCGA-93-A4JQ-01Z-00-DX1.24573112-917C-43E9-B0FD-763C290AA88A,TCGA-93-A4JQ-01,TCGA-93-A4JQ,11,3187,124.48165670694426,37.26526439358415,3031.334121393915,0.2993634996464928,81.3447635679679,25.602165686972352,0.1567819953280923,0.1094682768955262,0.5795391643368208,1.88922589924876,1.737381695363884,100.12770354552168,11.639332001012638,Male,17.28,0,I,1.0279650251134416,1.7174336099907381,0.5459369041505768,0.2550942646376539,0.9602759910718286,-0.7827791353097665,1.2244757966763284,2.0652487503851216,-0.717332249127385,0.6585404920324142,-0.7657532715726649,0.38770650084361447,0.9178632613979385,-1.8612826497784487,-0.21953474600845552
TCGA-95-7567-01Z-00-DX1.982FF122-A440-4949-926C-B58AF8381090,TCGA-95-7567-01,TCGA-95-7567,15,978,183.9708979323746,95.67595567551776,2282.241251061342,0.5200602744825817,23.85386417044526,5.316058197201932,0.5622903890096332,0.0390016554704636,0.6207705614843315,1.8645329636174808,1.2570468306003333,167.19382939131813,13.640338705560657,Male,18.66,0,II,1.456258444883155,0.28335825684715865,1.062117984571194,0.9366716460870294,0.617813835040332,0.4653601627460549,-0.8288879565378942,-0.9154648135454648,1.0412938991749192,-0.7733307156430154,-0.09309171124186333,0.2996565046123877,-1.8940321042418444,0.9264295882794166,0.17899540882823436
TCGA-95-7947-01Z-00-DX1.44291078-2D8E-4E79-8FAB-439E52BAAD60,TCGA-95-7947-01,TCGA-95-7947,8,402,35.17357403578425,12.75897119442439,511.3322012309016,0.3627430974584471,40.07628776953045,11.429034751800332,0.2474685543782821,0.0966007375359232,0.6603620721908694,1.9569312782259465,1.330371170213995,132.9780034641238,14.006502694297362,Male,15.67,0,I,0.5996716053437281,-0.4788237787432836,-0.7301884501145817,-0.5196738672438412,-0.7371834520274377,-0.39805278186522225,-0.06148905748801716,0.2479761549408059,-0.21293035313420605,0.4432489639753735,0.5528162426515032,0.6233512323552228,-1.6130688718090145,-0.1444637016920793,0.24762021871683432
TCGA-95-8494-01Z-00-DX1.716299EF-71BB-4095-8F4D-F0C2252CE594,TCGA-95-8494-01,TCGA-95-8494,7,551,158.09787836446313,104.43855197160885,1842.6771064421616,0.660594266362301,17.64364855367858,3.485182759567332,0.1751225255430537,0.0611637150656116,0.6400061960545237,1.5908957840274982,1.183944537729447,208.18026955587405,13.024919065521642,Male,2.76,0,II,0.42431935380366714,-0.2339684607061782,0.8538198882450927,1.0000161708597466,0.3802831177440712,1.2508457011337704,-1.2176072428135924,-1.3903458641903912,-0.6054283250083367,-0.23841567055986848,0.22072428479745027,-0.762528592149034,-2.147793502071572,1.7458364774161288,0.06083496719589721
TCGA-97-7937-01Z-00-DX1.6db4b2ff-722c-4bb8-b12f-15f1a38b4ab1,TCGA-97-7937-01,TCGA-97-7937,4,2898,213.1714744165224,102.66211665503324,3840.2058396736975,0.481594063821309,37.40626011615964,13.594689476780124,0.1824736930878192,0.1090979491037181,0.6057641424540532,1.6828021200334615,1.2819023205045774,128.81049035399565,14.00689367027498,Male,18.53,0,I,-0.27540955164480463,1.580017090487466,1.2749232264521337,0.9876152024194708,1.2714627989173242,0.25889441808320374,-0.17127214606390073,0.5795885090604197,-0.562230998803518,0.6525270831309901,-0.3379109979560971,-0.38665855017595774,-1.8020245726016826,-0.3137668973737379,0.24769285071515487
TCGA-97-A4LX-01Z-00-DX1.B2334672-A626-4E74-B4D1-A79F70F65909,TCGA-97-A4LX-01,TCGA-97-A4LX,7,2073,116.00357843328592,17.44513000038324,2246.4892389644,0.1503844125844445,128.77457714072912,17.870138387085962,0.0174321187638618,0.1191843527712687,0.534609112148172,2.250802243884904,1.6619533563577442,117.38939331721102,14.255470691479497,Male,20.17,0,I,0.42431935380366714,1.1289950310632095,0.45968054237728717,-0.2935482676298032,0.5996985631079744,-1.9647218710058674,2.23679458830417,1.1642279136332818,-2.028842675591165,0.8128265515743612,-1.4987558157948557,1.5596895472178514,0.2351705189143755,-0.8393567265115496,0.2936003148167242
TCGA-99-8032-01Z-00-DX1.7380b78f-ea25-43e0-ac90-194b5c6b1432,TCGA-99-8032-01,TCGA-99-8032,3,121,7.170790538605506,1.1381957639640428,104.3303692844424,0.1587266784375194,91.66293935332054,16.87401121934468,0.1966125412980206,0.1850538493843447,0.6753290426609637,1.730238099675004,1.4434675700322448,123.19978790408902,22.353116385244665,Male,1.45,0,I,-0.6076197372758203,-1.2076047994598018,-1.7323619916733544,-2.2666461997751757,-1.599246822566328,-1.8790778300011854,1.4729258908760776,1.034889274376069,-0.48152707690442714,1.724824580080299,0.7969919535501699,-0.2006164825155982,-1.1128479833452163,-0.5597896461782228,1.563800168470614
TCGA-MN-A4N1-01Z-00-DX2.9B0852C4-16BF-4962-B86F-E2570E48A89E,TCGA-MN-A4N1-01,TCGA-MN-A4N1,9,2697,156.03780833136992,51.02164899078269,3229.4534982366754,0.3269826046417577,63.29574919893498,17.284272503190458,0.1829356407546919,0.1118422393836663,0.567690752275112,1.9363118791618763,1.721786208819547,120.8930500986953,13.035685459319618,Male,27.17,0,II,0.7565295394346835,1.4789600840452994,0.8362840480157107,0.4822047520823206,1.0411815843384138,-0.610480115604984,0.7336654448703175,1.088608538443277,-0.5595457959184702,0.6968498500975044,-0.9590518715778442,0.5524611861841431,0.761878788029478,-0.6675617004229335,0.0629337574889028
TCGA-MN-A4N4-01Z-00-DX1.7D8352EF-7A4B-4084-9612-CF92D9D16041,TCGA-MN-A4N4-01,TCGA-MN-A4N4,2,1749,98.87486524236968,35.37739105580348,2086.692683907492,0.3577996386552203,58.98379223657255,17.689025372754912,0.0248146047146827,0.1340740752676817,0.6586764617683698,2.0100275988391423,1.7226821490542312,113.45274835298976,11.641536123063103,Male,38.6,0,I,-1.0359131570455338,0.9187475735707973,0.2716502495146616,0.21751433195838274,0.5162928300595118,-0.4268203797491582,0.6028681766673819,1.1409852976765218,-1.9021483359224525,1.0375344518363847,0.52531668126502,0.8025146707621925,0.7706003665981134,-1.0450412392523596,-0.2190715217559873
TCGA-MP-A4SV-01Z-00-DX1.5430F2CF-BE4B-42D6-9CD4-92E6FB3F6E99,TCGA-MP-A4SV-01,TCGA-MP-A4SV,8,1174,119.65995233251368,45.92248767991705,1833.153078944636,0.3837749120299383,39.918418438518415,9.8111354477032,0.1146121696925993,0.1023169629017742,0.5942078377512016,1.9726383664299467,1.7430775955093762,140.7823215827661,14.779087456745229,Male,86.07,1,I,0.5996716053437281,0.4699233925407933,0.4973793571011436,0.4060923810025547,0.3747371854746133,-0.27744962313042254,-0.06784213250716671,-0.02086630906691839,-1.0026299817314002,0.5405557823677056,-0.5264440696166988,0.6768531968452044,0.9771537004795842,0.14562195496207267,0.3885845038592002
TCGA-MP-A4SW-01Z-00-DX1.A6651B25-A35A-4BDE-9EBF-D264A02003C8,TCGA-MP-A4SW-01,TCGA-MP-A4SW,2,1112,102.11058926452436,47.36461222216438,1753.8162985429246,0.4638560267188662,37.0279881173021,10.890153587492176,0.2035251297956339,0.0760926692085456,0.5899861058580578,1.7915284358696857,1.7755153976839235,144.3250710500305,13.660792248693118,Male,58.41,1,II,-1.0359131570455338,0.4133168497711716,0.3087469447512131,0.4284431684470444,0.32777454731431616,0.16343932184588553,-0.1872438456946536,0.16067998948372575,-0.4431275170553134,0.06794569911490624,-0.595318688450998,0.03234923485865466,1.342094196338111,0.2669523918450992,0.18286088737153094
TCGA-MP-A4SY-01Z-00-DX1.9535274F-C850-409E-80A1-B933B2F1A110,TCGA-MP-A4SY-01,TCGA-MP-A4SY,12,1779,152.21577181941578,64.72413389418485,2782.881472024977,0.4252130585454154,42.996040342148255,11.687356564538872,0.1849778838076931,0.0735824663326656,0.6129499511578911,1.8730241603984987,1.7208703135169194,130.4710967783294,12.23296229683862,Male,49.31,1,II,1.1471304798981585,0.9392548476313476,0.8033366518842143,0.654158835536715,0.8536687144833438,-0.04656630431106838,0.0531153344791645,0.28909278847474373,-0.54771510026067,0.018687893016444367,-0.2206795280238666,0.3300652524548137,0.7529919394413769,-0.24500934794826876,-0.09683091451221354
TCGA-MP-A4TD-01Z-00-DX1.937DEBC9-F5D5-4682-AA9A-13D8226EE06C,TCGA-MP-A4TD-01,TCGA-MP-A4TD,7,1337,180.4702475560412,75.64510465926242,2433.4312767713263,0.4191555432746467,32.16905162247486,7.408423372305862,0.1967404400362268,0.1101976623529299,0.5838894402968076,1.6009460972339071,1.7562306336248334,171.447227161913,12.780379283187372,Male,10.09,1,III,0.42431935380366714,0.6098056116257845,1.035128751468194,0.766864290926318,0.6923957894647351,-0.07987074653387384,-0.40282308737629813,-0.4650526295515904,-0.4808105226131054,0.6703546327412876,-0.6947815457142092,-0.7203825898856927,1.11924910683798,1.029683023920771,0.012849921025495502
TCGA-NJ-A4YG-01Z-00-DX1.507BAE41-5EE9-4657-AAD1-AD456750BA2F,TCGA-NJ-A4YG-01,TCGA-NJ-A4YG,8,3490,164.5250514792769,33.25568089773556,3130.4554863635058,0.2021314115918958,94.13295418578136,21.21257503717961,0.0460460537592685,0.1627792839231125,0.6083597208677514,2.0206347471436974,1.5793434202882417,113.26794429668432,16.897498924982845,Male,74.28,0,I,0.5996716053437281,1.8528550359688578,0.9075693873162174,0.1728080992237908,1.001180751343555,-1.4838172058315116,1.5296041413206114,1.5737512818699604,-1.6186193960726523,1.437962902438463,-0.29556594184575447,0.8377387742883505,-0.3559962085353583,-1.0550483494570142,0.7514676794765026
TCGA-NJ-A7XG-01Z-00-DX1.4A876254-653C-410B-A36C-55FC41C1DD93,TCGA-NJ-A7XG-01,TCGA-NJ-A7XG,11,91,8.305069063006464,1.9505425597950008,125.68495029495672,0.2348616904925408,64.43589229253529,10.957163547904042,0.5544400168018647,0.1566518186520481,0.647431936626789,2.2710717623835097,1.3951615144476324,235.10011269671892,12.489609363477276,Male,20.27,0,III,1.0279650251134416,-1.3417743699593536,-1.6604443448740476,-1.8772744994222876,-1.5202264387702134,-1.226352622055908,0.7672515910329151,0.17165109834688175,1.0151907551719621,1.355655662582547,0.3418700762456862,1.6196886294329333,-1.3379118377773094,2.128572503919932,-0.045010091555824035
