feature,reference_group,n,events,LRT_stat,df,p_interaction,HR_per_SD_female_psg_negative,HR_CI_female_psg_negative,HR_per_SD_male_psg_negative,HR_CI_male_psg_negative,HR_per_SD_male_psg_positive,HR_CI_male_psg_positive,q_BH
n_clusters_with_tumor,female_psg_negative,383,116,6.5246141992085995,2,0.03829993424628082,1.0535756154984453,0.779-1.425,0.8015704121327603,0.526-1.221,1.4532354999124975,1.139-1.855,0.09574983561570205
wsi_tumor_n_islands,female_psg_negative,383,116,13.393945992670979,2,0.0012346435224776496,1.08707519418866,0.809-1.462,0.6010150884202168,0.381-0.947,1.5872346988717163,1.197-2.105,0.018519652837164745
wsi_cluster_area_mm2,female_psg_negative,383,116,8.884695028044234,2,0.011768279865913103,1.1254114094363987,0.842-1.504,0.6584181687458036,0.415-1.046,1.514311433733149,1.148-1.997,0.08826209899434827
wsi_tumor_area_mm2,female_psg_negative,383,116,6.726102904724712,2,0.034629427508686916,1.160445555114395,0.861-1.565,0.6959666360229086,0.447-1.084,1.502617805979785,1.095-2.063,0.09574983561570205
wsi_tumor_perimeter_mm,female_psg_negative,383,116,7.386950016426681,2,0.024885374732555712,1.0484500971941468,0.787-1.396,0.724669586953085,0.451-1.164,1.4880340553314508,1.130-1.960,0.09574983561570205
wsi_tumor_fraction_of_cluster,female_psg_negative,383,116,0.1743706457718872,2,0.9165072301287801,1.1122380944292571,0.856-1.446,1.1922279617174063,0.786-1.808,1.0734764338981877,0.824-1.398,0.9513038008620481
wsi_tumor_boundary_density_per_mm,female_psg_negative,383,116,0.0998436266754652,2,0.9513038008620481,0.859666229691964,0.652-1.134,0.9304727298543815,0.616-1.407,0.8730789471477369,0.669-1.139,0.9513038008620481
wsi_tumor_patch_density_per_mm2,female_psg_negative,383,116,0.9291145215502183,2,0.6284132668112259,0.9610235063941769,0.718-1.286,0.7667573991911288,0.515-1.142,0.9479053705724027,0.730-1.231,0.9221287339755343
wsi_area_weighted_tumor_largest_patch_index,female_psg_negative,383,116,4.956377859326949,2,0.08389502788477318,0.9888162138593142,0.743-1.316,1.5041275522498925,1.040-2.175,0.8888727214827636,0.668-1.183,0.1797750597530854
wsi_area_weighted_tumor_compactness_mean,female_psg_negative,383,116,1.9517560506592417,2,0.376861314474209,1.050410063362422,0.783-1.410,0.7072694531894816,0.431-1.162,1.0040731385240627,0.772-1.307,0.7066149646391419
wsi_area_weighted_tumor_solidity_mean,female_psg_negative,383,116,0.7824507375473786,2,0.6762277382487252,1.176682945631914,0.910-1.522,1.3079053842812927,0.886-1.930,1.0590872681977692,0.803-1.396,0.9221287339755343
wsi_area_weighted_tumor_elongation_mean,female_psg_negative,383,116,1.0915244759021334,2,0.5793999743301589,1.1714912542655673,0.875-1.568,1.0299726367505937,0.675-1.572,0.9580296619150995,0.747-1.229,0.9221287339755343
wsi_area_weighted_tumor_boundary_fractal_dimension,female_psg_negative,373,116,0.2030413653949381,2,0.9034624931075609,0.9358918908654192,0.690-1.269,0.8805853617769898,0.583-1.330,0.9882364516662305,0.734-1.330,0.9513038008620481
wsi_area_weighted_tumor_island_nnd_median_um,female_psg_negative,383,116,0.375689331877993,2,0.8287434293173656,1.032035908435218,0.756-1.408,1.1614633903590015,0.713-1.892,0.9799922341211588,0.759-1.265,0.9513038008620481
wsi_area_weighted_tumor_island_gap_median_um,female_psg_negative,383,116,7.005838924041427,2,0.03010935187320055,1.1040697389276297,0.839-1.454,0.5354976561457024,0.314-0.914,1.2036530589772232,0.917-1.580,0.09574983561570205
