wsi_name,sample_id,subject_id,n_clusters_with_tumor,wsi_tumor_n_islands,wsi_cluster_area_mm2,wsi_tumor_area_mm2,wsi_tumor_perimeter_mm,wsi_tumor_fraction_of_cluster,wsi_tumor_boundary_density_per_mm,wsi_tumor_patch_density_per_mm2,wsi_area_weighted_tumor_largest_patch_index,wsi_area_weighted_tumor_compactness_mean,wsi_area_weighted_tumor_solidity_mean,wsi_area_weighted_tumor_elongation_mean,wsi_area_weighted_tumor_boundary_fractal_dimension,wsi_area_weighted_tumor_island_nnd_median_um,wsi_area_weighted_tumor_island_gap_median_um,SEX,OS_MONTHS,OS_Status,stage
TCGA-05-4249-01Z-00-DX1.9fce0297-cc19-4c04-872c-4466ee4024db,TCGA-05-4249-01,TCGA-05-4249,2,900,61.15748582526893,21.880060226722872,2184.0707667180945,0.3577658553400263,99.82014419003352,14.71610527894101,0.2505284768129666,0.0282429668163493,0.4360043493593047,1.493738250754362,1.764531548086205,108.60210299247576,5.19122357472616,Male,50.03,0,I
TCGA-05-4384-01Z-00-DX1.CA68BF29-BBE3-4C8E-B48B-554431A9EE13,TCGA-05-4384-01,TCGA-05-4384,1,12,2.3270472045159822,1.0595659241966486,53.47181867178833,0.455326356139404,50.465777966887785,5.156749711270235,0.9697072459554484,0.0134472837806537,0.4714326974860184,1.6990092662436471,1.4680564635128142,117.01929595156518,3.444291808459779,Male,13.99,0,III
TCGA-05-4396-01Z-00-DX1.49DD5F68-7473-4945-B384-EA6D5AE383CB,TCGA-05-4396-01,TCGA-05-4396,2,184,98.64202622358042,78.20717567574633,711.8113420282921,0.7928382928639687,9.101611660028782,1.8653307017735887,0.95275547380068,0.0102335161379281,0.8031298775579497,1.4688900035272128,1.4672308381859644,183.52204311903375,6.168166770929044,Male,9.95,1,III
TCGA-05-4403-01Z-00-DX1.fee8e988-956c-42a2-a6c5-06b6d6736295,TCGA-05-4403-01,TCGA-05-4403,2,651,41.197569302225,16.06426373649026,1082.163040105935,0.3899323190318091,67.36462111536316,15.80190314686456,0.3866971965690673,0.0406980075930192,0.5946670036037564,1.6657731284804207,1.618176291287884,118.70558929364095,6.559159015336502,Male,18.99,0,I
TCGA-05-4410-01Z-00-DX1.E5B66334-4949-4F45-9200-296B1A2F1AD5,TCGA-05-4410-01,TCGA-05-4410,1,176,4.126002221557943,1.5280281610673128,171.93641170635289,0.3703410902406985,112.52175587278246,42.65630277182544,0.4656288500265056,0.0888865156817029,0.506108020467893,1.6771799359648225,,72.87542881520493,5.505678886386309,Male,0.0,0,I
TCGA-05-4420-01Z-00-DX1.2df0552e-87dc-491e-9be2-be8fbce2660d,TCGA-05-4420-01,TCGA-05-4420,1,336,57.41846386435626,30.422808658099942,1132.1382005808423,0.5298436532535931,37.21346747777726,5.851776195088688,0.1926525008424904,0.0338591808697093,0.6025112063428828,1.7160956090033843,1.7476659882063594,158.57710839362812,4.00780488547035,Male,29.96,0,I
TCGA-05-4422-01Z-00-DX1.4802093f-71ea-43d5-bd92-b4bd7fc8c5bf,TCGA-05-4422-01,TCGA-05-4422,2,109,60.39566416811392,41.50974408710247,645.5031629213273,0.6872967564618269,15.550641834043304,1.8047653172021396,0.7887427894823823,0.0190007868535469,0.7028356963366562,1.708667674096461,1.5148105069983386,278.7381573134349,10.738949193994928,Male,11.99,0,I
TCGA-05-4424-01Z-00-DX1.4892016C-1A96-4A72-ACB8-FFD282FC4E69,TCGA-05-4424-01,TCGA-05-4424,2,230,48.9308308999606,32.331094722313914,630.940956115394,0.6607509851695559,19.514988945918315,4.700512862130555,0.59305964860267,0.0276368248170148,0.6154920413166132,1.5709951683845207,1.67579229116078,137.89309020546878,7.755921152414436,Male,29.99,0,II
TCGA-05-4426-01Z-00-DX1.4c9da782-f4aa-4c4f-b3aa-fae2259f236f,TCGA-05-4426-01,TCGA-05-4426,4,757,69.6429356967753,40.50297868732787,1676.6378712508017,0.5815805764374649,41.39542141317546,10.869731329189957,0.7007923294325688,0.0170057203832255,0.6202492863550105,1.7921353496479282,1.6097359584505304,105.39851391923727,3.7101654467664527,Male,25.99,0,I
TCGA-05-4433-01Z-00-DX1.5843D3CC-CB24-4A0A-BB65-78A5DAA11D84,TCGA-05-4433-01,TCGA-05-4433,4,553,158.17875549887907,101.96698450590556,1856.4980170526303,0.6446313487820314,18.206854169989786,3.496044701173027,0.617292747366659,0.0137973348627035,0.6916023663703339,1.19501137607784,1.6668829752030754,158.4743121304511,6.617648148785413,Male,23.98,0,I
TCGA-05-5420-01Z-00-DX1.8C253A99-44FD-48B6-AF31-D808CCB7DB1E,TCGA-05-5420-01,TCGA-05-5420,1,14,0.5915329189592005,0.1468679658752543,14.712277786998214,0.2482836730940821,100.17349732680594,23.667321887398824,0.3945749117712913,0.1218622924926845,0.6219945011448684,1.652592360113911,1.6004117693481117,103.80387884719552,2.7897276329095444,Male,15.01,0,III
TCGA-05-5423-01Z-00-DX1.CCCF5FDB-ACAD-4D9D-80DF-556F0D6284AF,TCGA-05-5423-01,TCGA-05-5423,2,18,3.4414569360253684,1.7287692213229378,69.91581005377353,0.5023364387408376,40.44253518134165,5.230342943296767,0.9076146923776388,0.0263680287839199,0.635063353080119,1.2711810942929471,1.377327222726127,166.24398778156774,5.385056806141441,Male,4.96,0,II
TCGA-05-5425-01Z-00-DX1.85865B2F-4888-43DD-A501-458BEFCF832B,TCGA-05-5425-01,TCGA-05-5425,1,62,1.9111741738261327,0.766492625,71.81019523414349,0.4010584882828847,93.6867399528384,32.440789986125246,0.2239507201093535,0.1199828004419728,0.5971379922947795,1.7832706379756074,1.787294172216076,88.04615267006277,3.4865554986812253,Male,28.98,0,II
TCGA-05-5428-01Z-00-DX1.8018AD62-F1CE-4BFF-8EFD-3F2D4513FC11,TCGA-05-5428-01,TCGA-05-5428,1,10,2.6309845959957503,1.59918265625,33.08744632106509,0.6078266891732813,20.69022334112441,3.800858437263216,0.9528953806910472,0.0453735729701257,0.796457438964398,1.4026721250792014,1.4550033806037357,177.3379596675286,5.82842712474619,Male,22.01,0,II
TCGA-05-5429-01Z-00-DX1.20729065-FADA-4E43-98D7-AFA5FB4A0447,TCGA-05-5429-01,TCGA-05-5429,1,34,2.5613110074382126,1.1514060625,47.78944798885413,0.4495377793466871,41.50529473945177,13.274451990118266,0.3368215754137572,0.1399527885978591,0.6976809964388512,1.5765748672813935,1.6338251017886614,111.17847541306436,6.007806857408905,Male,9.03,1,III
TCGA-35-3615-01Z-00-DX1.585128eb-6652-4b05-9a83-dc8f242904a6,TCGA-35-3615-01,TCGA-35-3615,9,1259,168.595642655877,102.78665150674028,2542.255280760115,0.6096637486446764,24.73332133592664,7.46757140437943,0.6428003715228121,0.019177707840672,0.6540495424794737,1.738646980031866,1.6450211126595795,111.90084267867378,9.118115027071868,Male,0.46,0,I
TCGA-35-4122-01Z-00-DX1.2ac022e4-e796-49e5-9a24-f0ff3f76a527,TCGA-35-4122-01,TCGA-35-4122,2,829,61.58489875457956,23.03495813813993,1036.018970934775,0.3740358205334715,44.97594329114042,13.461092195728488,0.1504849079723402,0.1375540195686949,0.6296812191085591,1.9336486285484416,1.7047396377907065,138.89494826376514,16.400730516246686,Male,7.39,0,I
TCGA-35-5375-01Z-00-DX1.10708170-750A-451B-BC10-0B4042540033,TCGA-35-5375-01,TCGA-35-5375,2,808,108.55106735639372,57.155290480544735,1553.3458017322346,0.5265290510031844,27.17763812714735,7.443501198815326,0.2845213059227652,0.0637914054194669,0.6140688610827426,1.6733166150893477,1.7582377877698552,160.9895554698483,12.88129497326303,Male,8.67,0,III
TCGA-38-4632-01Z-00-DX1.5E05F85C-53BC-4280-8E7F-8B9DECEF849F,TCGA-38-4632-01,TCGA-38-4632,6,208,65.94481639487479,35.45351636486981,707.5094370398925,0.5376240059957957,19.955973612280378,3.1541523863605097,0.4386891654969714,0.0540367785234175,0.6432982027505837,1.510044838596313,1.6089082319664547,231.83198826790883,18.1850332795316,Male,44.58,1,IV
TCGA-38-A44F-01Z-00-DX1.B9958072-D8BB-40DD-B28E-2E83CE2B550B,TCGA-38-A44F-01,TCGA-38-A44F,8,1432,60.83527370607061,23.26876891765456,1428.3322624270072,0.3824881109285224,61.38409244948485,23.538975215576357,0.1014803386207781,0.1355150764258798,0.6506971769806354,1.724460886110634,1.7648984394341003,101.6619400013221,10.208705846316038,Male,4.37,0,I
TCGA-44-2666-01Z-00-DX1.f81a89cf-6033-47ea-9a43-290a5d6a28c1,TCGA-44-2666-01,TCGA-44-2666,6,1859,104.24242268358589,44.22820708653439,2650.395767722669,0.4242822254887846,59.925462556893976,17.83343049923877,0.125660408891172,0.0974322822862813,0.6021498030478069,1.7604973287284669,1.721406041590715,108.22203377944176,7.768018095029743,Male,3.19,1,I
TCGA-44-5643-01Z-00-DX1.83fb7631-0ecb-4473-bfb2-c8daa2f87d35,TCGA-44-5643-01,TCGA-44-5643,4,85,70.60845166313696,39.07220228386591,406.1091572866135,0.5533643829250626,10.39381282724133,1.2038218938084508,0.4676858767047185,0.1260519768529584,0.7747580147895332,1.615567129235413,1.473205305523298,439.9476683184742,20.943425048598524,Male,33.28,0,III
TCGA-44-6146-01Z-00-DX1.8db8c567-690e-4df3-98a9-f241b6a8d811,TCGA-44-6146-01,TCGA-44-6146,4,89,37.1034089137012,22.073222254700053,421.42853259871305,0.5949108963556463,19.09229779575921,2.3987014294833413,0.8261847050624049,0.017672147951509,0.6803698457862855,1.657135122236532,1.543215305844239,236.84038937228533,9.421457343120274,Male,23.92,0,II
TCGA-44-6148-01Z-00-DX1.94c29c83-1085-458f-a0c9-3ffa8592cb98,TCGA-44-6148-01,TCGA-44-6148,3,741,28.01557869696573,5.011016615500907,855.4877702517009,0.178865361651217,170.7213996468031,26.449569648913062,0.0649591143652794,0.1222196318169672,0.5827602290097244,1.7438239337767347,1.60435050865784,90.92136505796606,9.514644927467948,Male,23.13,0,I
TCGA-44-6778-01Z-00-DX1.5e932267-cc68-4a8e-a660-fe2cc0c59ff4,TCGA-44-6778-01,TCGA-44-6778,2,1051,66.66101097306719,22.41534258388464,1030.3786940654716,0.3362586653979945,45.96756396693466,15.76633754361499,0.0801276650084733,0.1855793326126467,0.6893777146185056,1.6500095647425814,1.7117900240575616,137.40240636285716,18.23628638467181,Male,61.24,0,I
TCGA-44-7659-01Z-00-DX1.818bf5b3-b4c1-4d23-a6ae-98d5015eb8c1,TCGA-44-7659-01,TCGA-44-7659,3,1254,50.26827669564867,16.221052115358905,1185.7397940783992,0.3226896400998571,73.09882155890995,24.94615058304851,0.1017664429625565,0.1624738693130597,0.6108311598848173,2.019269703574988,1.6932026157800424,103.31478094071332,12.574206551024403,Male,22.7,0,I
TCGA-44-7669-01Z-00-DX1.34d0c9ac-d3dc-4a5e-b99c-a8c1c1e120d1,TCGA-44-7669-01,TCGA-44-7669,5,370,51.77996186014009,25.974950930331225,591.308638858712,0.5016409822875243,22.76457193103817,7.145621331266832,0.4253619956293882,0.083206413972583,0.6546027478903271,1.9648667556355288,1.6824585365863671,170.70084538065672,13.59585371727721,Male,18.86,1,II
TCGA-44-7671-01Z-00-DX1.00297baa-00e7-4894-a7b8-c9ac2a9d42d8,TCGA-44-7671-01,TCGA-44-7671,4,43,3.375084332961762,0.7283051234095416,41.77611965951354,0.2157887186097145,57.36073840032831,12.740422388872844,0.4943565609606465,0.1468968290046148,0.6466357791884249,1.961441681164144,1.3988298386976354,96.3620863268238,19.81019646782478,Male,29.2,0,I
TCGA-44-8119-01Z-00-DX1.1EBEBFA7-22DB-4365-9DF8-C4E679C11312,TCGA-44-8119-01,TCGA-44-8119,2,28,4.212289658353258,1.2364797009728423,40.85005405154244,0.2935409958146679,33.0373834842596,6.647216186682244,0.7849293134432249,0.0860830463934865,0.5658239099291358,1.813985011784516,1.4026171201797673,150.13594228163782,26.82044512429358,Male,9.36,0,II
TCGA-44-A47B-01Z-00-DX1.177D0531-E037-435B-BFD4-382B2150B10D,TCGA-44-A47B-01,TCGA-44-A47B,2,50,38.82545719720248,30.424348630336155,200.2061869437042,0.7836185540792122,6.580459268865937,1.2878148413305146,0.6964051098112856,0.0616846053401433,0.881349259871256,1.4246361211069876,1.4111801524216918,140.05509464460604,9.12318917813327,Male,9.43,0,I
TCGA-44-A4SS-01Z-00-DX1.F3D85B63-D963-42D2-815F-CB9D791A0F7B,TCGA-44-A4SS-01,TCGA-44-A4SS,8,613,49.92822604461098,17.382517587202045,796.6987229852965,0.3481501139590004,45.83333334705609,12.277624273137263,0.25439346863594,0.1079737810980471,0.55799194587719,1.646832482290098,1.4951467597979853,130.02438528356146,13.771785917190233,Male,13.63,0,I
TCGA-49-4494-01Z-00-DX2.cac5ed0a-98c3-4d37-a4f4-9596a061836a,TCGA-49-4494-01,TCGA-49-4494,13,1833,146.38817084691422,42.15449795910478,1926.9495356004727,0.287963827372281,45.71159968432927,12.521503543594818,0.0823693497477801,0.2040233001642027,0.6626772282160789,1.986862148234633,1.6134292495583429,144.25731766150054,19.61256268940328,Male,35.51,1,III
TCGA-49-6742-01Z-00-DX5.74539ee6-0ac6-4663-89f1-c6a74a59a4cb,TCGA-49-6742-01,TCGA-49-6742,11,2360,167.24403512823943,63.19936129683501,3040.427231321427,0.3778870872636803,48.10851199968836,14.111116119569816,0.1770116598914927,0.1157534211695975,0.6265484408836168,1.7491514369657606,1.7383617860033758,128.9089147735859,12.158216924941785,Male,16.03,1,II
TCGA-49-AAR0-01Z-00-DX1.1635383C-0FB3-4CF9-BABC-08AC19CCE501,TCGA-49-AAR0-01,TCGA-49-AAR0,4,1831,117.98481373060504,61.43638152670385,2291.2187508521865,0.5207143155472675,37.2941682748078,15.518946397463711,0.4344541417569765,0.0623218470015165,0.6300150715829218,1.7101294392650446,1.7389747461422005,103.00519393683606,10.627794278790104,Male,156.54,0,I
TCGA-49-AAR2-01Z-00-DX1.1F09F896-446E-4C55-8D01-6C34A98AB1D2,TCGA-49-AAR2-01,TCGA-49-AAR2,6,909,287.1864761852311,200.30852196665973,3600.767704060131,0.697485914474133,17.97610839872035,3.16519082679126,0.3778336941783579,0.015712241892593,0.6595621947041217,1.854154041432785,1.6970686987394763,171.5183288178877,8.171890025232189,Male,73.06,0,I
TCGA-49-AAR3-01Z-00-DX1.B4D85F13-CEB4-46DA-BF39-0200B9E55835,TCGA-49-AAR3-01,TCGA-49-AAR3,7,463,24.671445862333357,6.989865086529773,511.67715440485614,0.2833180157147341,73.20272252334505,18.766634212828045,0.3764716432181862,0.0760666718178013,0.6212269215189796,1.5535742549606215,1.615081653061576,105.60703062673625,13.657086025294722,Male,62.19,0,II
TCGA-49-AAR4-01Z-00-DX1.EDB32358-AF23-4F81-A99F-15574A2DE28E,TCGA-49-AAR4-01,TCGA-49-AAR4,12,180,9.846962996448504,1.1494123897580129,191.36759665514288,0.1167276032389448,166.49167727818883,18.279747782633127,0.2309759485342052,0.1344083352251851,0.5547734964602129,1.6648039920601856,1.403499235470372,117.25044141424422,17.30858728469935,Male,28.88,1,III
TCGA-49-AARR-01Z-00-DX1.9BCAFE3D-447C-40D6-85DD-AFABF6978376,TCGA-49-AARR-01,TCGA-49-AARR,7,632,45.8316392590005,20.234737035490262,682.1720541850202,0.4415014902945355,33.712919174019405,13.78960059509298,0.0587319069199879,0.2001465035859254,0.7220124032958835,2.0290296016942784,1.7596908585239024,171.6723799348073,14.54918496065171,Male,163.99,0,I
TCGA-50-5939-01Z-00-DX1.745D7503-0744-46B1-BC89-EBB8FCE2D55C,TCGA-50-5939-01,TCGA-50-5939,9,981,54.15787579380463,23.06072822415482,1053.245045588319,0.4258056263497846,45.67267066983184,18.113708959615828,0.4401650829644385,0.0830980025021827,0.6945887331135876,1.834566454751208,1.6096706477885334,105.7496188890771,13.704008486692882,Male,15.11,1,I
TCGA-50-5946-01Z-00-DX1.5076CACA-E3C0-4114-BA69-5B4896FF0C4B,TCGA-50-5946-01,TCGA-50-5946,12,1080,118.4709841876904,58.55752053763703,1804.22057979038,0.494277319793899,30.81108221839315,9.116156225130917,0.5509262254030726,0.0519136904750129,0.6398525789419451,1.499059378065687,1.6808585602593773,143.4223857835075,13.371889292921848,Male,53.12,0,I
TCGA-50-7109-01Z-00-DX1.08f6420c-baa2-4e79-908e-ebbdeec503a6,TCGA-50-7109-01,TCGA-50-7109,8,1468,102.44233129262729,43.41627721052931,1724.2580066581334,0.4238118818919728,39.71455217813946,14.33001359376181,0.1435783976705339,0.1058173919409394,0.5870561182862806,1.8807616551969024,1.7501294261909082,123.58877387738536,16.566935732553173,Male,10.12,1,I
TCGA-50-8459-01Z-00-DX1.24D876E7-5265-4C5D-A215-0BAE5450EEF3,TCGA-50-8459-01,TCGA-50-8459,20,2839,265.0896680738279,120.92928932359352,4688.549154650156,0.456182582302357,38.7709973396446,10.709583744355264,0.3306035938407225,0.057162768760276,0.603878090761846,1.906310154063903,1.4466455206181674,135.9592435106389,11.351006080620405,Male,36.76,0,II
TCGA-53-A4EZ-01Z-00-DX1.5D155F0B-A677-4589-AF00-A4C451F5B6B6,TCGA-53-A4EZ-01,TCGA-53-A4EZ,14,1877,277.2120078274154,154.60538583416798,3626.212019606141,0.5577153278671141,23.454629345808627,6.7709909635969625,0.5627135720630801,0.0544364307304746,0.6693148852967987,1.752886889995719,1.2431773531803705,168.30417833035006,15.057916469198783,Male,35.18,0,II
TCGA-55-1596-01Z-00-DX1.de65522d-92ab-408e-9b7e-24210d386b97,TCGA-55-1596-01,TCGA-55-1596,4,280,178.81829088425218,134.03798719357422,1432.8120711015422,0.7495764920398218,10.68959703962364,1.56583534388684,0.7922714691762917,0.0248734257436433,0.6794992976016822,1.4635577576184549,1.6569586690854026,246.9647549214189,12.91918842336425,Male,67.84,0,II
TCGA-55-5899-01Z-00-DX1.faa65b08-150c-4c74-95aa-1e8743f0152c,TCGA-55-5899-01,TCGA-55-5899,1,71,24.5990638551551,16.01921394625904,178.95787091073043,0.6512123404607518,11.171451452680198,2.886288698548213,0.4605766202758378,0.0601682606604867,0.7039760712622779,1.3727686447955123,1.5830207495869129,175.7249715464481,15.811388300841896,Male,30.55,0,
TCGA-55-6642-01Z-00-DX1.0487cfc6-8216-4da3-aae1-a35452e9e4f6,TCGA-55-6642-01,TCGA-55-6642,1,398,42.86051173147688,17.453431382777502,666.3499798424027,0.4072147223095251,38.17873776384946,9.285936726408885,0.1453786269315202,0.0745722144904306,0.624058655796321,1.7465957354703792,1.695765919238046,144.6880264569256,13.469871994889909,Male,80.45,0,I
TCGA-55-6968-01Z-00-DX1.810e0fee-99ab-465b-8ae9-fb416e4dca3c,TCGA-55-6968-01,TCGA-55-6968,3,1002,54.61331092712872,16.083612903790083,864.0749187280163,0.294499868818623,53.72393155050369,18.34717549604312,0.0685050356821663,0.2000268130151307,0.7105126713523797,1.8912725695290715,1.735373084045224,116.61044037419296,13.990138883673014,Male,42.48,1,IV
TCGA-55-6969-01Z-00-DX1.713df9f6-1a91-4e0e-ad43-42e66dcca191,TCGA-55-6969-01,TCGA-55-6969,1,683,70.27745581848225,25.352991211377876,826.5559155253063,0.3607556778501122,32.601909125198844,9.718621598426989,0.05755334765045,0.2189045941500126,0.7276582836730531,1.6911099329730686,1.726078244400292,173.55007607676237,21.095023109728988,Male,40.7,0,I
TCGA-55-6972-01Z-00-DX1.0b441ad0-c30f-4f63-849a-36c98d6e2d3b,TCGA-55-6972-01,TCGA-55-6972,1,99,19.881656058094777,13.58410540625,278.0787089955078,0.6832481844850775,20.470888636329686,4.979464472713899,0.5878846118998124,0.0178947371582311,0.7271113530751777,3.127525847918532,1.4766061238301915,108.08143992494732,4.25,Male,53.61,1,I
TCGA-55-6978-01Z-00-DX1.2ef6d6aa-2a19-4bce-b845-cc83ac81a1c3,TCGA-55-6978-01,TCGA-55-6978,7,459,39.08532818853966,16.10446048457689,1003.7824284073072,0.4120333954186659,62.32946638408791,11.74353705784118,0.1723757809203006,0.0414165075910966,0.6431328088528883,1.6311061446497166,1.700212088995094,126.76924736560728,9.395742033896184,Male,5.78,1,II
TCGA-55-6983-01Z-00-DX1.8f940a64-1f1b-4e6e-99ea-418175be2b3f,TCGA-55-6983-01,TCGA-55-6983,3,87,9.466242839864464,3.025712579801346,119.15986961183286,0.3196318360922872,39.38241537127639,9.19055231011226,0.2133554784326764,0.1962141369319706,0.7364444962184705,1.5335303953885264,1.5253112257383876,198.07846609257396,17.41158691574272,Male,92.74,0,II
TCGA-55-6987-01Z-00-DX1.0c52b721-2209-4818-af8f-b22d37e6e81e,TCGA-55-6987-01,TCGA-55-6987,3,36,2.8207409230271057,0.9030198484117052,50.92634164315803,0.3201356923778099,56.39559499465141,12.762604217251631,0.5996955063656509,0.1070686545714432,0.5921519571465069,1.611673951432495,1.5659194041525697,142.55312761309108,8.087024681281141,Male,70.2,0,I
TCGA-55-7227-01Z-00-DX1.e1a9e09c-4a50-4ee5-b1e4-2c7ae34dc913,TCGA-55-7227-01,TCGA-55-7227,2,810,66.04170987377606,32.740006185260825,1271.091544067641,0.4957474033884952,38.82380280795035,12.264976202889562,0.3241209744621009,0.0646484716893475,0.6141200039149197,1.5497422722685117,1.689464311349077,113.18952353262874,8.243261053233935,Male,31.27,1,III
TCGA-55-7284-01Z-00-DX1.68b95b9b-1aab-4f03-aad3-1132467b7499,TCGA-55-7284-01,TCGA-55-7284,8,376,41.41400986157352,12.451053560584729,714.818129292134,0.3006483458665901,57.410252539188704,9.079053229976555,0.3887954563224826,0.0783273239943296,0.5541932470140297,1.6158401271886038,1.5551685535244426,177.3400524691533,9.06132715517374,Male,7.98,1,II
TCGA-55-7570-01Z-00-DX1.9020ae67-cf60-4bac-8c60-403c8891c4a3,TCGA-55-7570-01,TCGA-55-7570,5,72,10.270990331736456,4.527651174823837,124.42443242575744,0.440819339575639,27.481011151571007,7.010034833498611,0.4752092483756256,0.1084340105413273,0.7174495157661873,1.3457674593634203,1.5583660744238927,180.5695091851282,10.250219632450044,Male,27.07,0,I
TCGA-55-7576-01Z-00-DX1.3a6142e9-c90a-4938-a1d1-061c2ac261f0,TCGA-55-7576-01,TCGA-55-7576,2,331,25.388768317103803,9.280076916126376,471.39243504824105,0.3655189885629313,50.79617758653302,13.037261038654377,0.2592413423352783,0.0667385522964909,0.5615787897364093,1.925615625271896,1.5866547331141827,112.7929574611974,10.451903268346747,Male,22.01,0,I
TCGA-55-7727-01Z-00-DX1.0c7a4953-16dc-41e0-845b-b89167ec17d7,TCGA-55-7727-01,TCGA-55-7727,9,696,62.08518815057662,27.0659589152936,1228.145507120675,0.4359487298266684,45.37602051951361,11.210403330210989,0.5080171313182937,0.0417599398950068,0.5905356905538145,1.557586011198917,1.6503182953669036,118.2561745723259,8.086369526637172,Male,3.91,0,III
TCGA-55-7815-01Z-00-DX1.288408e6-f6b3-4de4-a1ce-cb2498d9d46d,TCGA-55-7815-01,TCGA-55-7815,2,181,68.65397352518724,38.620518298469584,550.2545040655849,0.5625387186700969,14.247724481921049,2.6364096745776284,0.4420270886873301,0.0703126182031452,0.6093205099795976,1.8445440617887243,1.6545614006934133,306.5078013280134,24.421024729303387,Male,25.39,0,I
TCGA-55-7994-01Z-00-DX1.a0858080-c471-4337-bc57-7af57e9d92d8,TCGA-55-7994-01,TCGA-55-7994,7,173,46.71412177765721,27.98718048590773,411.2051649171024,0.599116057861836,14.692625615651238,3.7033769108069534,0.7113594978942874,0.0419359368777382,0.62940740174426,1.5289983930704223,1.6144312559557903,157.9853961508779,13.521883711497306,Male,19.81,0,II
TCGA-55-8085-01Z-00-DX1.ff220eba-3515-4d2e-b317-76337dd3d206,TCGA-55-8085-01,TCGA-55-8085,2,127,19.43115347547093,9.641543693287993,211.30209384049692,0.496189982002822,21.91579487293056,6.535896088738091,0.4960674309117425,0.0962231794798591,0.6614116949901698,1.8864951452938905,1.6754873632513023,160.19671575149923,16.245996371481848,Male,29.7,0,I
TCGA-55-8089-01Z-00-DX1.da4d99ff-4a7c-45a3-b79c-039c0c9e9712,TCGA-55-8089-01,TCGA-55-8089,1,115,12.074055252715144,5.748464674476903,199.5788649732472,0.4761005771597923,34.71863815383164,9.524554724407068,0.5935645512285391,0.0408636849930269,0.5494797399217788,1.52649421792465,1.6865126032730768,122.30010795682072,10.253048327204938,Male,23.06,1,I
TCGA-55-8091-01Z-00-DX1.0996c58a-6e93-4092-8cb8-014d548fe60c,TCGA-55-8091-01,TCGA-55-8091,4,428,33.27402205226791,14.399575313162028,696.8040216098198,0.4327572810567568,48.39059530963399,12.86288742995012,0.1482212054394842,0.0890371648797365,0.6626476864671436,1.774218977620097,1.7361476295892435,138.56206310610233,11.667676339784787,Male,19.71,0,I
TCGA-55-8092-01Z-00-DX1.04e44341-c4bb-4b0b-965c-7ec83f3877a6,TCGA-55-8092-01,TCGA-55-8092,2,329,18.05212557748784,5.56129173789493,295.18686553224194,0.3080685271118554,53.07883122203846,18.225000628750568,0.0899314380948222,0.223557923399753,0.6669054387473408,1.837676128025792,1.7604703537474982,136.76710067964353,17.64532654794425,Male,5.06,1,II
TCGA-55-8094-01Z-00-DX1.8dc29615-e124-4f17-81a1-c0b20c38d12c,TCGA-55-8094-01,TCGA-55-8094,6,76,9.57628010070422,3.0440404891184336,129.38597845895873,0.3178729587175067,42.50468379822025,7.936275798199669,0.558231290944804,0.0857640233479666,0.5976738809480567,1.8157082903023625,1.4945864549052852,168.24828544934343,14.220651906459604,Male,17.77,0,IV
TCGA-55-8206-01Z-00-DX1.1216f330-c4e9-41b5-a2b7-9cafd960fa11,TCGA-55-8206-01,TCGA-55-8206,2,1074,31.506738523858743,10.272600010668006,963.001960597654,0.326044538151386,93.74471502809268,34.08794595437749,0.0442381814506398,0.1748933226533599,0.5824022294359416,1.789837600915639,1.7236583787189557,93.18808490980466,11.808217380375412,Male,29.17,0,I
TCGA-55-8301-01Z-00-DX1.2A66E0FC-84F2-4DF8-B06E-D7CDD7AA82C7,TCGA-55-8301-01,TCGA-55-8301,1,80,5.81477195513023,1.717692962118249,144.4923790475858,0.2954016039447206,84.12002740547918,13.758063191010953,0.2095089956304847,0.0758329331627385,0.4911375961417507,1.8811328418373237,,132.7373606339812,12.580584764070764,Male,17.54,0,I
TCGA-55-8505-01Z-00-DX1.D364C30D-BFB8-486B-A0D3-948FF8E90C3E,TCGA-55-8505-01,TCGA-55-8505,4,74,5.438140372827726,1.6854246676588305,125.20745086027084,0.3099266572963512,74.28836972832048,13.607592839962212,0.6719175400250635,0.0561003179733215,0.5760485988127136,1.900012285973872,1.5650252793539845,121.85300720946144,11.395055036611238,Male,14.45,0,III
TCGA-55-8507-01Z-00-DX1.3C6198CF-3E13-4C4C-B851-5BDFF8552621,TCGA-55-8507-01,TCGA-55-8507,5,1409,105.56055293396264,48.47192839885164,1780.606744254937,0.4591860032144305,36.73480307206267,13.347789120444007,0.2615685821201666,0.0679922136408087,0.6053240637185363,1.9892908016376245,1.6663401178061137,113.90070376600576,13.22458093937949,Male,13.73,0,I
TCGA-55-8512-01Z-00-DX1.FD4B9CF5-1955-420E-A955-6D284772D2BE,TCGA-55-8512-01,TCGA-55-8512,1,79,41.98110644489369,33.93672258451583,256.2380300190417,0.8083808517305925,7.550464821136098,1.8817989016963856,0.9714266016638028,0.0151572762230686,0.7657158211034328,1.0650290094828556,1.3791896998788165,110.78429562104009,9.545941546018392,Male,19.94,1,IV
TCGA-55-8615-01Z-00-DX1.928CFCA6-059D-4901-8D6A-BC7D9486C29F,TCGA-55-8615-01,TCGA-55-8615,7,484,65.0460995842278,27.673929358209616,902.6916954912228,0.4254510191249024,32.618848006975725,7.440876595118071,0.2113743608959946,0.0793351669015578,0.5701505023805029,1.727226461486557,1.754880613784631,158.9411384112942,16.785638770198805,Male,14.65,0,III
TCGA-55-8620-01Z-00-DX1.6591EEC4-D696-4826-80BD-99BE1D99EBB8,TCGA-55-8620-01,TCGA-55-8620,4,244,28.752882841453697,13.306481265126902,418.5469877066084,0.4627877259647384,31.45437019503569,8.486105596626281,0.2241668289585439,0.0960949368011363,0.6637512992555687,1.6616952343903082,1.6552986834796728,165.05399849354458,15.041448898650811,Male,12.32,1,IV
TCGA-55-A48Y-01Z-00-DX1.D8735347-E060-439F-B5A1-1E47A958A392,TCGA-55-A48Y-01,TCGA-55-A48Y,1,203,13.695713536288704,6.592042455699723,285.7500712298132,0.4813215783342128,43.34772919776073,14.822155812628758,0.2404877837300544,0.0984941666712709,0.6248344847606316,1.582260987157796,1.7832327610544547,110.1141453220248,9.192388155425116,Male,20.7,0,II
TCGA-55-A490-01Z-00-DX1.07D77502-7216-4C23-9BB8-8DE99AECC920,TCGA-55-A490-01,TCGA-55-A490,8,698,74.36034015638327,43.21534373760616,956.610347909627,0.5811611895093846,22.135895845650325,9.386724139939025,0.5646090908426425,0.0433532763151902,0.6992932407675237,1.4429757993080046,1.4658806074976722,132.02779811549752,12.47625115247302,Male,3.25,1,II
TCGA-62-A46P-01Z-00-DX1.9136CC96-51B9-4FEB-8BCF-2C3676C708B1,TCGA-62-A46P-01,TCGA-62-A46P,1,1123,113.4324425835285,78.6868191737485,1892.8592235898536,0.6936888369992185,24.05560732363864,9.900165899831116,0.5323566006227132,0.023392532525534,0.6906283744517432,1.6221916497221702,1.6561592800087657,100.02070098234664,9.003471552684553,Male,19.51,1,I
TCGA-62-A46S-01Z-00-DX1.7A8A6F38-76EA-4F43-BC03-1C42E6787E33,TCGA-62-A46S-01,TCGA-62-A46S,5,2648,242.7233748537027,120.49488797450232,5258.975561884075,0.4964288587661923,43.6448022840348,10.90953848839666,0.1547990397732185,0.0383439862110207,0.4856310452867909,1.8681960941525488,1.8151982155156383,124.33304344600144,9.43734555104655,Male,54.3,1,I
TCGA-62-A470-01Z-00-DX1.3983A979-E756-413C-941A-C8B83AD3BBA7,TCGA-62-A470-01,TCGA-62-A470,5,232,157.93268527551757,130.84132725786603,937.030927660022,0.8284626265273078,7.161582256142154,1.4689802784982102,0.5013647210097376,0.0159361416078819,0.7813071653386848,1.6717496451897735,1.521516947588201,158.53969872726023,9.97073963928312,Male,39.22,1,I
TCGA-64-1676-01Z-00-DX1.3B8F1FAC-0FB2-45DE-AFA1-6ED451A4A61B,TCGA-64-1676-01,TCGA-64-1676,1,1054,48.26910100047883,19.74083482593328,1684.3691185716004,0.4089745699995002,85.3241077909667,21.83591527817235,0.0441090734511729,0.0685364580536219,0.6270218421431635,1.8432716618565892,1.7908057834963085,103.73893013232784,5.502839443193155,Male,56.77,0,I
TCGA-64-1680-01Z-00-DX1.9CB14F20-E7B0-49A1-A327-404B3160FD65,TCGA-64-1680-01,TCGA-64-1680,2,2414,86.89565036394961,37.34663822337944,3499.861867222323,0.4297871995543913,93.7129025185289,27.780446891062063,0.1205301846417446,0.0692701190215539,0.5515581171668855,1.6832837278784754,1.7682520943029327,90.3719213782989,4.871229566185014,Male,36.99,0,IV
TCGA-64-5774-01Z-00-DX1.5E3B95EB-BF45-4687-BCF7-AA2A41AA806C,TCGA-64-5774-01,TCGA-64-5774,11,725,44.92014829126835,10.72272335156025,1172.7460194231433,0.2387063213156076,109.37016474014492,16.13975081513537,0.077873113436068,0.0803007036876055,0.6290170324198482,1.9418754203581368,1.6704225268288309,129.931439138475,7.698068152163855,Male,87.91,0,I
TCGA-64-5778-01Z-00-DX1.96C39819-8A65-4651-BE83-39959F6FAD05,TCGA-64-5778-01,TCGA-64-5778,3,2851,57.79911549714913,13.920715803743484,3110.9037399918543,0.2408465196051331,223.4729725001129,49.32601434256589,0.0068504743175082,0.0910114006833947,0.4927505991757432,2.368232268345246,1.7789617650140024,76.63884022965979,4.7524316394126265,Male,42.87,0,I
TCGA-64-5779-01Z-00-DX1.B3268447-DCE0-4927-B5A9-EC4D61E9B17D,TCGA-64-5779-01,TCGA-64-5779,5,967,173.25072376324331,79.15253923242564,2571.1164923215706,0.4568670047265832,32.48305761577244,5.581506264420915,0.0360680910155678,0.0909387701069775,0.6311357256273227,1.7771641727266938,1.8275274952122045,214.00285798053267,18.104330042034025,Male,28.38,0,III
TCGA-67-4679-01Z-00-DX1.a3d84341-fed7-4235-a053-638ed5294954,TCGA-67-4679-01,TCGA-67-4679,10,1199,55.45898799925166,9.080488109738733,1248.8450406723057,0.1637333899756927,137.53060689908637,21.61957949929016,0.0651640097229362,0.1460156776343689,0.6090190428896529,1.9024167948063169,1.649278626828059,111.12267765666022,14.058752754235256,Male,14.72,0,
TCGA-69-7760-01Z-00-DX1.7fc295e3-5bfc-4017-801c-491489d0eb34,TCGA-69-7760-01,TCGA-69-7760,1,1523,143.9750478591002,85.91619849144793,2936.739997584624,0.596743670302711,34.181447144416495,10.578221870017847,0.3416387967206972,0.0545900497474374,0.5629004510887987,1.58858622131264,1.8331450890834355,124.03793837471665,7.850159234053791,Male,6.64,0,II
TCGA-69-7761-01Z-00-DX1.aa7ef5ef-8162-4961-a923-3a29646efba3,TCGA-69-7761-01,TCGA-69-7761,5,2530,247.89232296520447,121.30299516414472,3650.793355127178,0.4893374418100534,30.096481543485385,10.206044179734944,0.0594686527885518,0.1540298331342085,0.6432349131502629,1.996805382467724,1.7565130105346929,158.57973332247042,15.241836422117853,Male,6.11,0,I
TCGA-69-7763-01Z-00-DX1.33203e8a-43e9-4e3e-98ba-1ac08b80a44f,TCGA-69-7763-01,TCGA-69-7763,1,191,45.21446365407521,31.764445132088756,569.5586990444149,0.7025284071732166,17.930698826186678,4.224311969313497,0.9122453767916529,0.0137120113070935,0.6785935345893209,1.3480942815117405,1.6398638190937955,129.98846102635417,10.056092680559384,Male,22.67,0,I
TCGA-69-7764-01Z-00-DX1.be9fec48-68eb-4c27-a028-5315d7e368e0,TCGA-69-7764-01,TCGA-69-7764,7,2054,203.5044520360721,101.36925980569484,3969.392910526724,0.4981181433206515,39.15775766869836,10.093145282324922,0.4956314680718497,0.0477440880976065,0.5197647743795225,1.4997350784497532,1.6970629855206734,124.95298041705892,9.616878412185107,Male,13.6,0,I
TCGA-69-7765-01Z-00-DX1.ac389366-febb-488c-9190-fe00bc07cd20,TCGA-69-7765-01,TCGA-69-7765,6,1432,98.73022940057828,37.08151083000519,1797.4110901524125,0.3755841656110645,48.47189475079326,14.504169682316292,0.3136075630843077,0.0686110927735053,0.5814353678455423,1.8571922247413093,1.650259976331426,122.31602577465948,14.6795221354779,Male,5.42,0,
TCGA-69-8254-01Z-00-DX1.83a81d08-8c70-4f07-b4da-cbd17c4fe4d4,TCGA-69-8254-01,TCGA-69-8254,15,1737,138.03576710353468,43.806911035127385,2599.9490506379952,0.3173591305670053,59.350202723793466,12.583695055623888,0.1438648738040552,0.066549036935544,0.5588945769764393,1.7276917125223912,1.6412184859088197,130.66752613138274,10.805850210567296,Male,13.44,0,
TCGA-69-8255-01Z-00-DX1.75d1666c-c088-405c-80da-52d84b990361,TCGA-69-8255-01,TCGA-69-8255,8,527,50.35945078804978,22.38493338859358,800.3062994085335,0.4445031277804461,35.75200718784966,10.46476861350236,0.1884250875484174,0.1135061355154335,0.6406571314549464,1.603586053191182,1.7437822220664028,153.4738190897767,15.38586179219517,Male,4.24,0,I
TCGA-69-8453-01Z-00-DX1.C472096B-95BA-42CD-ADEB-326C38F9DC95,TCGA-69-8453-01,TCGA-69-8453,7,2590,121.9019409987544,27.45644784378432,2578.1821806866,0.2252338856857486,93.90079136803767,21.246585401182944,0.0924667041382232,0.1343357893166444,0.6173725550309572,1.858402994992408,1.6771572478160457,117.4061016949965,13.252451569434454,Male,26.71,0,II
TCGA-73-4659-01Z-00-DX1.578400cd-d284-451b-8fdf-9f82c1458276,TCGA-73-4659-01,TCGA-73-4659,8,1513,172.15400618377987,83.81224343945004,2722.1704812518974,0.4868445718886019,32.47938928181207,8.78864241117238,0.1998798208401883,0.1040038114959148,0.6673063388553581,1.719177449386264,1.793927651744568,163.96994985895356,13.674043635315693,Male,23.36,1,III
TCGA-73-4677-01Z-00-DX1.b557785c-9ccc-42a7-bb54-7bb47638ddfc,TCGA-73-4677-01,TCGA-73-4677,11,993,94.16018075215804,29.217824459415805,1745.65137005942,0.3102991543348983,59.746110545778926,10.545859110165754,0.1770828523331014,0.0923994143230049,0.5437862158446981,1.7540146874002729,1.6038170195557273,152.01242214837316,16.603387200130324,Male,1.25,1,
TCGA-73-A9RS-01Z-00-DX1.EDCEFE41-61E2-48C9-B8D5-28B55372E0CA,TCGA-73-A9RS-01,TCGA-73-A9RS,8,3872,237.4471625398064,125.5512298612962,7451.4596013037535,0.5287543911595424,59.34995307919976,16.306785722701093,0.0944926182377588,0.0436963786064174,0.6451572996857179,1.913377501866898,1.8102975698401704,106.88149842380498,6.458121365054132,Male,11.17,1,II
TCGA-75-5125-01Z-00-DX1.2E419CAF-E248-4959-951E-498D8054433E,TCGA-75-5125-01,TCGA-75-5125,1,336,27.684360981397557,17.950324514635582,569.7101688655308,0.6483922286195178,31.738154282449013,12.136816169453017,0.2599972264848755,0.0708174388805351,0.6298599111099236,1.570771757506441,,113.6455564463477,5.877716108305334,Male,66.59,1,II
TCGA-75-5146-01Z-00-DX1.4958A631-7E6F-4FBB-A1C3-B8F8368D46C5,TCGA-75-5146-01,TCGA-75-5146,1,363,12.109402392556662,4.822526321973357,559.906144519105,0.3982464341045963,116.10224748135616,29.976706383390702,0.2701875598132942,0.0665134000734369,0.5316587089281071,1.6864452989828702,,79.00009889234316,3.716517186829627,Male,77.79,0,I
TCGA-75-6206-01Z-00-DX1.63230D94-7015-4247-936D-E7ACD6692AB3,TCGA-75-6206-01,TCGA-75-6206,1,49,9.76511475218662,5.225591151444218,180.39607925437517,0.5351284940378295,34.52165966036557,5.01786218016822,0.7242245896916156,0.0181005456255187,0.6577314263726184,1.9114466590834935,,158.44636316432133,3.259601202601325,Male,85.09,0,I
TCGA-75-7025-01Z-00-DX1.284477D7-4F47-4084-A15C-0A7E9571E3DF,TCGA-75-7025-01,TCGA-75-7025,2,202,5.457463284054654,1.0874016156894415,225.73473709779597,0.1992503767943904,207.590952451063,37.013533483622986,0.1426895074756652,0.1333306040147756,0.5719514271091318,1.8415484664064623,1.6208249408536024,83.89849508402358,7.834676766918468,Male,108.57,0,I
TCGA-75-7027-01Z-00-DX1.AC91B34F-DF67-4F95-B145-079A71A54E83,TCGA-75-7027-01,TCGA-75-7027,1,435,19.002049229180823,8.756444035863272,386.1633705380354,0.4608157746700438,44.10047833988865,22.89226781561984,0.2137802201006602,0.1665412309869707,0.6359664127027028,1.7067464080725887,,106.91126943054226,9.17196816392207,Male,100.49,0,I
TCGA-78-7149-01Z-00-DX1.1b83dbcb-0c9f-4e50-bb98-bf9a157052cf,TCGA-78-7149-01,TCGA-78-7149,1,1706,390.1078749903816,292.3474827367048,4591.649896957876,0.7494016436964082,15.706137962861224,4.373149350143375,0.4093211168538687,0.0172236567463926,0.6308639690049633,1.7595229275475877,1.7275224793286723,131.86789080363727,7.271499466415041,Male,129.43,0,III
TCGA-78-7150-01Z-00-DX1.46e6e65c-521c-49de-b106-419dc840b235,TCGA-78-7150-01,TCGA-78-7150,21,2350,259.2978131395503,110.17529546921035,3667.167284897292,0.4248986681963091,33.28484184480468,9.062937984499175,0.1930192323236967,0.105667929290489,0.6098758605021164,1.912865285892675,1.7038707500993784,156.2221527793181,13.65238499093381,Male,21.88,1,II
TCGA-78-7152-01Z-00-DX1.a04f9d84-3304-402c-9c0c-f64545c14781,TCGA-78-7152-01,TCGA-78-7152,7,1639,111.31795610702832,44.008110136609815,2366.1392186592566,0.3953370298525563,53.76598111835059,14.723590490865272,0.1816524051091468,0.0835037120397079,0.5806547022867328,1.8339209925277449,1.686427891294721,113.6479719955127,10.837070547750647,Male,39.91,1,I
TCGA-78-7154-01Z-00-DX1.596c20c2-e811-4b5e-961c-98343afcccde,TCGA-78-7154-01,TCGA-78-7154,5,966,335.3443208431504,272.0539761466194,2308.4727115396363,0.8112675815191944,8.485348180669558,2.880621319517811,0.8337479261185039,0.015013782616744,0.8304703280615751,1.598324853367383,1.5366518398523743,128.8467742537376,6.619277132848822,Male,19.48,1,III
TCGA-78-7156-01Z-00-DX1.9f7c8eb9-73de-49be-a487-e1fd4411b7b5,TCGA-78-7156-01,TCGA-78-7156,1,966,217.91391587733096,169.66579078788826,2334.557235336725,0.7785908949632995,13.759740396078591,4.432943146888264,0.8567078164855628,0.010499431586236,0.6204457585643328,1.2616532738518762,1.5783917393567628,106.24294094197504,3.48209706929603,Male,32.06,1,IV
TCGA-78-7160-01Z-00-DX1.f40f6c04-74b1-4cef-aabc-cbafadbdf39f,TCGA-78-7160-01,TCGA-78-7160,6,3515,187.68327896988131,60.99700775585598,4551.375036183964,0.3249996914517065,74.61636568142987,18.728359922591043,0.028221998484873,0.1036622956948703,0.5774262598782527,1.8935578998248488,1.7597999528683974,110.41766003274812,10.727219382828384,Male,22.9,1,IV
TCGA-78-7163-01Z-00-DX1.42880bdf-271d-41dd-aada-e7ec1156ff31,TCGA-78-7163-01,TCGA-78-7163,43,1310,121.38792080958122,37.258697495790095,2396.820246122272,0.306939086255848,64.32914748007741,10.791848078977896,0.2470021449087694,0.0494536160675491,0.4494101486048651,1.6762176429797615,1.650421625318733,143.76396783002255,11.524449611864886,Male,238.11,0,I
TCGA-78-7166-01Z-00-DX1.d19ad2d9-b006-4a13-ba54-2fec234c2373,TCGA-78-7166-01,TCGA-78-7166,20,1433,264.2832244444552,119.05642915438608,4500.917564562402,0.4504880300467515,37.80490979387472,5.422213244946904,0.2962276751442155,0.0318339135241877,0.445524743035648,2.106010407026758,1.7231111018328895,180.88121904932908,10.281728917972034,Male,8.48,1,II
TCGA-78-7167-01Z-00-DX1.f79e1a9b-a3eb-4c91-a1fd-7bb58b1620b1,TCGA-78-7167-01,TCGA-78-7167,7,1276,259.13884511247346,173.22577740640216,3512.466411874926,0.6684670425663791,20.2768113641331,4.924001260583609,0.7049705469072834,0.0141408231695992,0.5988777166354842,1.964198428400908,1.6453241902918632,133.10643812880804,6.373417385708882,Male,88.07,1,IV
TCGA-78-7535-01Z-00-DX1.c4ca06f3-22d1-4e39-85c8-98d1fa2b0e60,TCGA-78-7535-01,TCGA-78-7535,3,2886,359.14894737243554,215.3412369769964,6243.976189196261,0.5995875487105038,28.99572918243833,8.035663256468446,0.2964312663326147,0.0281334819398345,0.6234294175433973,1.8675991806065224,1.7852796172310503,130.95757131128977,11.0062960758937,Male,31.18,1,I
TCGA-78-7536-01Z-00-DX1.6b066140-8b82-40a5-bd48-430eeb4463fe,TCGA-78-7536-01,TCGA-78-7536,1,3458,410.4344684663591,209.44988374878133,7874.987957146576,0.5103126073485437,37.59843555984975,8.425218312977611,0.0618145414226212,0.0621185504521098,0.5590734495129561,1.8624450824569936,1.8699360632726345,150.74893759828132,15.03952607531954,Male,8.02,1,III
TCGA-78-7537-01Z-00-DX1.e5597e41-ebba-4d6f-8a1f-15cd81d8f026,TCGA-78-7537-01,TCGA-78-7537,7,4848,306.65898254480675,121.00652623698232,8040.695606079102,0.394596385968579,66.44844584937506,15.809091779307805,0.1540805189824323,0.0685852530005284,0.4945584007659723,1.778452852638166,1.8560838962338229,117.1968159415099,8.484687677760911,Male,53.29,1,I
TCGA-78-7542-01Z-00-DX1.2ee042a6-11ee-4668-b254-44144fca4234,TCGA-78-7542-01,TCGA-78-7542,11,1142,116.45772592316348,61.73908528642686,2080.268982498076,0.5301416011434148,33.69452224384374,9.80613343552208,0.4140488012869838,0.0255082383378679,0.559384833190167,1.8049783366004364,1.6288154408235649,137.4705273974243,10.435508204793292,Male,10.55,1,I
TCGA-78-7633-01Z-00-DX1.f0cd4825-eb92-4098-954a-fbb1e4851660,TCGA-78-7633-01,TCGA-78-7633,12,4550,217.32230849610823,91.105318308148,6654.441134571258,0.4192175158574644,73.04119296377145,20.93664489157348,0.1138923212861068,0.0691301813793718,0.5342044064399384,1.7888998125058309,1.7685874731719744,97.351861546986,7.114370242757176,Male,50.2,1,I
TCGA-86-6562-01Z-00-DX1.5dea3015-e606-4837-9f99-ac14f0aa091b,TCGA-86-6562-01,TCGA-86-6562,9,1583,138.31556435592216,64.64503089065465,2664.251031211734,0.4673735106506601,41.2135471900113,11.444843589160556,0.322681034885323,0.0489374469658456,0.5585553098310425,1.6120784502848051,1.7677120462837854,126.32694152805723,11.77890620601646,Male,12.35,1,II
TCGA-86-7701-01Z-00-DX1.a8a6e71e-9fa9-42c6-a186-0ac7526e9960,TCGA-86-7701-01,TCGA-86-7701,5,45,4.2496149010928095,1.2650842525855752,54.03369489026175,0.297693857450531,42.711538602925344,10.589194797022202,0.3680410093901292,0.19983868598484,0.7759073142656265,2.152788627792424,1.4902391626972622,158.46615188867688,23.56745742806466,Male,31.11,0,IV
TCGA-86-7711-01Z-00-DX1.f64dd9d8-b9ca-4d1f-9783-d1042979132d,TCGA-86-7711-01,TCGA-86-7711,3,28,2.7996648450279373,0.7211910423147752,34.162760887104135,0.2575990635434717,47.36991848575022,10.001197125336834,0.4256653729457708,0.1519239974238375,0.6813253348109999,2.586135039724754,1.4335982249836032,135.6196626452874,14.36832353962017,Male,34.36,1,II
TCGA-86-7713-01Z-00-DX1.23f9e213-b566-47bb-beb8-7d12b2f0508b,TCGA-86-7713-01,TCGA-86-7713,3,2369,201.73853742950865,126.51093840547227,3003.6877507453355,0.6271034776866947,23.742514193661297,11.742922448953388,0.6979813639033865,0.0288372454508126,0.6680641025860167,1.7336551503539377,1.6650238666463313,100.81724711939415,9.94272165084651,Male,38.01,0,II
TCGA-86-8054-01Z-00-DX1.2c4c08f6-be1c-46d1-a719-5983cade0c54,TCGA-86-8054-01,TCGA-86-8054,13,418,85.37973682691806,43.63571736428426,957.8408996498106,0.5110781431985747,21.95084571782017,4.895775221787932,0.5953341681862795,0.0432371957022935,0.6484512865056672,1.7132922865391789,1.600353087877726,183.7832720680119,12.801879909729188,Male,37.71,0,II
TCGA-86-8076-01Z-00-DX1.e7378b2f-e20e-4d2f-a86c-3a8ead08a385,TCGA-86-8076-01,TCGA-86-8076,7,738,73.40868191400625,29.34209124913953,1212.0431586148145,0.3997087331374779,41.30732020166962,10.053306785490598,0.5575752912083698,0.0497239389368736,0.5551928077026149,1.397729550467595,1.6658084039174634,138.6196954688164,14.84588854051018,Male,32.62,0,I
TCGA-86-8279-01Z-00-DX1.fd12b60e-d181-454b-a655-298a973a849d,TCGA-86-8279-01,TCGA-86-8279,7,2733,148.20610473813167,50.57706586258388,3869.642320530831,0.3412616906162504,76.5098222788272,18.440535933583792,0.0865137093208753,0.0792162126461059,0.5831957245511338,2.0798407896636806,1.76299335593749,116.63241623242511,9.837307062181727,Male,31.18,0,II
TCGA-86-8281-01Z-00-DX1.02237263-003b-4de1-8a2f-0f3ad14768c7,TCGA-86-8281-01,TCGA-86-8281,3,597,69.81299812695404,41.7874506817446,1184.7477966816575,0.5985626144540399,28.35176057292316,8.551416154830697,0.4713775145424013,0.023935705215107,0.6153738783790945,1.589779099693469,1.7228701914216993,115.34909120555852,8.898164384682298,Male,0.0,0,I
TCGA-86-8358-01Z-00-DX1.C50100F8-9414-4A06-BEDF-93E7B01B24D6,TCGA-86-8358-01,TCGA-86-8358,7,854,100.05623128008278,49.611855043544,1613.8860207659718,0.4958397334061866,32.53024946052661,8.535200547474522,0.1863139072573276,0.0542588601715792,0.6684926888741414,1.56268518620478,1.6377552103829751,136.95215424009456,11.637859189601762,Male,21.45,0,I
TCGA-86-8359-01Z-00-DX1.11B8FDC3-4B84-4A22-B89D-46EA76345F13,TCGA-86-8359-01,TCGA-86-8359,11,6520,371.7665194992487,173.26937279631744,8347.593069808603,0.4660704063122811,48.17696823789748,17.53788912670813,0.2282857739709065,0.0490240584149063,0.5350903025323244,1.560814731623571,1.7364845595477705,95.71263931955396,8.912165629011046,Male,14.59,1,III
TCGA-86-8669-01Z-00-DX1.845b8b4e-6445-4da1-8275-42b765c024cc,TCGA-86-8669-01,TCGA-86-8669,3,467,234.2035259106513,180.594410918568,1564.305839136575,0.7711003078043529,8.661983674798982,1.9939921834403147,0.2561888390846826,0.0366888153754618,0.6761060648119446,1.6800588803654164,1.6957224774536466,215.01899276940847,11.546622825132593,Male,30.81,0,I
TCGA-86-8672-01Z-00-DX1.94ca1954-921d-4ef6-a078-4e0fcb09157f,TCGA-86-8672-01,TCGA-86-8672,12,3364,168.94992712147453,56.09995021201247,3804.897773586744,0.3320507511771624,67.82354991773265,19.91122492513,0.233918180008667,0.0852324855060662,0.5620437782123621,1.7659697755952255,1.7766427014280743,114.56747999964406,15.035742947339118,Male,0.62,1,II
TCGA-86-8673-01Z-00-DX1.21191041-c10e-4166-ad00-1243656feaa7,TCGA-86-8673-01,TCGA-86-8673,13,1690,149.75003715731165,66.13765449337438,3630.724869663042,0.4416536766792059,54.89648669090262,11.285472992735643,0.4343821754833386,0.0294935177359153,0.4900569894478456,1.83452265456338,1.722449211949422,121.83760618724008,9.390339995135266,Male,28.32,0,I
TCGA-86-8674-01Z-00-DX1.9fcaae4e-4062-45ab-a49d-7dba43040919,TCGA-86-8674-01,TCGA-86-8674,3,1052,91.70584756519142,34.360032822954125,1793.9242765961735,0.374676574452119,52.20962057398698,11.471460413166774,0.3860081232871072,0.064778133725952,0.5334796831766149,1.6962970047179184,1.6781662797520305,136.4853303180353,14.22952876458079,Male,26.48,0,II
TCGA-86-A4D0-01Z-00-DX1.165461AD-A8DA-4B7B-87CE-F5DBDBD2C0A7,TCGA-86-A4D0-01,TCGA-86-A4D0,9,2643,204.1126090689165,73.3683104064082,3190.6355112172782,0.3594501620506753,43.48792405799493,12.94873458360242,0.0447275260321116,0.1509187980062449,0.6836466412563931,1.8623058484033248,1.244065703138454,149.8622668002431,17.646019804078243,Male,3.81,1,II
TCGA-91-A4BD-01Z-00-DX1.2E575CAC-6AEB-4049-972A-EA43457A9C9D,TCGA-91-A4BD-01,TCGA-91-A4BD,4,724,80.56236100085266,46.571871657596,1319.3783221332517,0.5780847417952796,28.329939836507677,8.98682698726192,0.7261250903091742,0.0316545460092118,0.6261218573231921,1.4620590955380537,1.592785799786223,111.55228780835024,9.499620329337466,Male,19.81,0,II
TCGA-93-8067-01Z-00-DX1.325d0cd5-9bb5-4f51-a197-75d3c3d19aaf,TCGA-93-8067-01,TCGA-93-8067,8,1488,185.0448500566993,86.51826717071164,2507.151695461219,0.4675529588864631,28.978292994637616,8.041293770370073,0.1318723931536956,0.1170235742054073,0.6593470991401,1.8007240168372631,1.6737142312187263,152.36626334864155,13.945583374593877,Male,6.11,0,I
TCGA-93-A4JN-01Z-00-DX1.ED4C9365-6CCF-4AEE-B4C9-3CC5EC57286C,TCGA-93-A4JN-01,TCGA-93-A4JN,13,3063,224.80956039213797,79.10352291099325,4590.310379552545,0.3518690342751084,58.029152313703285,13.624865395658322,0.1939072518769018,0.0626714081424977,0.5017314472405322,1.7767778103391794,1.6698974470339294,125.5769872412851,12.558914013664848,Male,23.59,0,IV
TCGA-93-A4JO-01Z-00-DX1.314C53B6-603C-402B-8CF7-E3CE851A0A0F,TCGA-93-A4JO-01,TCGA-93-A4JO,9,1523,84.66169006692044,22.43762427809276,1667.100377249984,0.265026888316983,74.29932672852881,17.98924636156155,0.0828789043890862,0.1272438371036983,0.6078950381095232,1.810435170059905,1.7279935971398372,121.89637731904736,12.948837004393392,Male,1.08,1,I
TCGA-95-7562-01Z-00-DX1.C722891A-C5C6-4F0D-A73F-259FA8DB2394,TCGA-95-7562-01,TCGA-95-7562,28,1699,146.40643388110027,60.15247641288418,2122.179883629701,0.4108595149700543,35.28000857459539,11.60468126270867,0.1272046462186623,0.1329435855809885,0.6569469138693935,1.8882481782827352,1.2124503543997762,137.18701334627195,14.040856386344112,Male,2.86,1,II
TCGA-95-7944-01Z-00-DX1.E66A3565-7B0D-412B-9C0C-81D7397E8B87,TCGA-95-7944-01,TCGA-95-7944,6,2057,100.8165706430738,46.71362112272815,2263.630569224439,0.4633526098414002,48.45761289362103,20.40339189162172,0.4372446555504809,0.0661584060916824,0.6160648565575247,1.7030984790334318,1.4289931554724375,107.13083220883053,12.001756944216025,Male,12.39,0,I
TCGA-95-8039-01Z-00-DX1.38b07435-987d-495d-9940-ba5f20e6ef97,TCGA-95-8039-01,TCGA-95-8039,1,358,22.246906691081183,9.631652617510811,498.2581833415384,0.4329434537239352,51.73132827025768,16.092124850036914,0.5693357503241357,0.0531057341508676,0.6211664964979919,1.585195373540124,1.7283222884175264,112.99619989185646,10.761621625015442,Male,27.27,0,I
TCGA-97-7552-01Z-00-DX1.a5ab8959-ff7a-4287-b014-87439957fb67,TCGA-97-7552-01,TCGA-97-7552,3,251,27.380778770799136,12.15361908671512,525.5056083577418,0.4438741201793949,43.238611034976536,9.167014645605503,0.5921902053257287,0.0297272038864674,0.5713699388617525,3.2704419874031547,1.5888504800223275,127.02332148264324,10.394600615389814,Male,63.47,0,I
TCGA-97-8171-01Z-00-DX1.a55cbfd1-6674-4206-b3e0-2a4f12a74e5d,TCGA-97-8171-01,TCGA-97-8171,4,1727,250.9065976671685,168.62930957484826,3777.56619196044,0.6720800136094375,22.401599113964934,6.883039410111057,0.3323867210069873,0.0329876757381051,0.6154215944151621,1.6910350160529677,1.7723455584925003,128.97253899814964,8.467893722089078,Male,18.66,0,IV
TCGA-97-8179-01Z-00-DX1.5501338a-dd89-4c41-8267-5baaaea71643,TCGA-97-8179-01,TCGA-97-8179,5,1094,74.096432090311,25.155015671445533,1664.0444639399466,0.3394902421318455,66.15159718738995,14.764543570284186,0.1997116518405891,0.0916484701180022,0.5745375697383868,1.7716659459059536,,117.29877393165272,9.884457326169828,Male,14.29,0,I
TCGA-97-A4M2-01Z-00-DX1.5C72522C-1538-4D68-B517-5FB05A9D401A,TCGA-97-A4M2-01,TCGA-97-A4M2,3,426,26.29145855494381,7.02934134590202,551.1012802344416,0.2673621674967983,78.4001306972699,16.202980869613853,0.1335992652355852,0.0968344640539814,0.5886952275533293,1.8043586482984515,1.617335972998178,112.6312080047988,11.684577989948943,Male,20.5,0,I
TCGA-97-A4M5-01Z-00-DX1.283AFBA6-A349-425F-A18E-5CA186084C23,TCGA-97-A4M5-01,TCGA-97-A4M5,8,1424,170.2131045677216,54.02525327275835,2321.998468349529,0.3173977315669233,42.97987196147717,8.36598335725345,0.0603164634916062,0.1937468774864052,0.657346381501592,1.723543390845667,1.6110125133705118,173.16665263632927,15.340777494510377,Male,20.83,0,I
TCGA-97-A4M7-01Z-00-DX2.9D0A8A7E-5A84-439B-B3D1-DFA22BC6ED87,TCGA-97-A4M7-01,TCGA-97-A4M7,6,1185,108.15535073233582,41.74729347385883,1798.989933463352,0.3859937875581907,43.09237279273774,10.95646208880273,0.2107102882698967,0.0800681858752511,0.5248493257074623,1.8305166809647229,1.6593290133766965,134.73135193993124,12.266852111219636,Male,20.66,0,I
TCGA-L4-A4E6-01Z-00-DX1.1B537DE0-2CE3-4B90-9ED3-71F1F8747EE9,TCGA-L4-A4E6-01,TCGA-L4-A4E6,11,628,41.09440356730477,10.707986492756763,660.2015916951672,0.2605704320594196,61.65506392277852,15.281886229872056,0.1284750536901086,0.1649154326680482,0.6708212223234924,1.9800681458450844,1.5590753764249716,137.56052242039405,17.462228949643766,Male,14.29,0,I
TCGA-L9-A50W-01Z-00-DX1.21FAAB58-58EF-4A6A-8F0A-16D9AB9B1056,TCGA-L9-A50W-01,TCGA-L9-A50W,5,3072,251.34446030075537,151.02826254267083,4250.055729612421,0.6008816043208292,28.140797345209677,12.2222705697356,0.5013603195237952,0.0550141080237053,0.6337140021650316,1.5596535888218583,1.2835039426421564,113.3640938381698,9.904973048796752,Male,14.52,1,II
TCGA-L9-A743-01Z-00-DX1.27ED2955-E8B5-4A3C-ADAA-82568ECCFB83,TCGA-L9-A743-01,TCGA-L9-A743,6,1243,83.09642601386379,21.297390835617403,1489.3817956103728,0.2562973145447212,69.93259442464452,14.95852540989691,0.2033474952493779,0.103105856680317,0.5687312941207793,1.7655887532631818,1.6788260332463814,133.9037699431748,18.153882070551425,Male,21.81,0,II
TCGA-L9-A7SV-01Z-00-DX1.153B8E2D-54CE-4747-A22E-7A6ADCA03DB5,TCGA-L9-A7SV-01,TCGA-L9-A7SV,7,1583,128.75586146292716,61.306708208042295,1824.372582308114,0.4761469304113536,29.75812330548177,12.294585908664011,0.5082340975935378,0.0660194288408602,0.6879594760371026,1.8749379343961832,1.6772397585705388,113.74930892018548,13.479379308881697,Male,18.56,0,II
TCGA-MN-A4N5-01Z-00-DX1.D0FBA0D2-6245-4EFD-AF2B-849215600DBE,TCGA-MN-A4N5-01,TCGA-MN-A4N5,4,323,56.10528228772122,35.11870016928569,691.5624561609644,0.6259428477552016,19.69214272815812,5.75703368434329,0.8120161169107375,0.0278990519615056,0.5741391828567551,2.0600135825882755,1.6507574817513495,160.252840999919,14.58720730702475,Male,2.76,0,I
TCGA-MP-A4T8-01Z-00-DX1.3ECB340F-66C7-4F64-8E00-463BF82AAD83,TCGA-MP-A4T8-01,TCGA-MP-A4T8,6,3606,257.7437767325362,123.60932204384054,5563.601651254878,0.4795821789020783,45.00956367418336,13.990638477149302,0.1401496309146354,0.0579285804232447,0.6401663207238915,1.606557640383485,1.734983084265065,106.99632436600874,8.229069316778627,Male,5.29,1,III
TCGA-MP-A4TC-01Z-00-DX1.C7DB4A7F-F6B8-4FA0-84C1-9B87D41C7749,TCGA-MP-A4TC-01,TCGA-MP-A4TC,6,1282,63.390201685382806,14.217395945910251,1174.5892800423308,0.2242838099249754,82.61634440730411,20.22394575052468,0.0797097216024192,0.1552264503754956,0.5930198112858226,1.901527075861407,1.675760187245501,119.86943577621616,18.40206956429828,Male,2.43,1,III
TCGA-MP-A4TE-01Z-00-DX1.B4680570-FD2E-47A5-8D50-A508CEB6A62C,TCGA-MP-A4TE-01,TCGA-MP-A4TE,8,1460,231.06487953836887,117.88093471328392,2998.2173570378422,0.5101637901389056,25.434285572389296,6.318571662283119,0.4852346340401735,0.0633103707367988,0.6107377630472388,1.8876412956216908,1.7090050294947494,167.93730525418744,13.59814589776852,Male,29.43,1,II
TCGA-MP-A4TI-01Z-00-DX1.08AB4C0B-F953-41B5-A9BB-7452A8E34A54,TCGA-MP-A4TI-01,TCGA-MP-A4TI,9,930,95.96701236085332,49.71090582046175,1554.7652950164058,0.5179999314091361,31.276140906216224,9.690829975023414,0.6227849782207137,0.0343142131784445,0.5519339724454578,1.6972107151030729,1.6459385649891902,125.98759333423088,11.809604339786508,Male,14.09,1,II
TCGA-NJ-A4YP-01Z-00-DX1.148BFF66-4DC7-468C-8783-97F27C2E1245,TCGA-NJ-A4YP-01,TCGA-NJ-A4YP,8,2316,144.53379849039797,49.27729321797329,3400.455273475866,0.3409395845999786,69.0065352906923,16.02393366942378,0.0873405649721642,0.0719889984904209,0.5215112905320437,1.9037644710674744,1.7510757423862264,121.42053724884738,10.33003347435909,Male,1.64,0,I
TCGA-NJ-A55R-01Z-00-DX1.2E2B3642-4E1C-47DB-AF7B-988D586C0986,TCGA-NJ-A55R-01,TCGA-NJ-A55R,10,2448,180.2269583834792,65.69716134694599,2702.9145675494387,0.3645246079510391,41.14202976404683,13.582873627547164,0.0626885809121678,0.2461691230319878,0.7133942479730313,1.7275198716996292,1.6808710795026824,138.58921073947212,15.791740245253123,Male,19.81,0,I
