group,feature,variable_type,support,candidate_distributions,reference_note,n,n_missing,n_zero,min,q25,median,mean,q75,max,sd,variance,skewness,dispersion_index_var_over_mean,best_fit_by_AIC,best_fit_by_BIC,best_fit_params,delta_AIC_to_2nd,AIC_Poisson,AIC_Negative Binomial,data_notes,AIC_Log-normal,AIC_Gamma,AIC_Normal,AIC_Beta
female_psg_negative,n_clusters_with_tumor,Discrete count,"0,1,2,...",Poisson / Negative Binomial,NB if variance is substantially greater than mean,170,0,0,1.0,3.0,5.0,6.176470588235294,8.75,25.0,4.663027105761949,21.743821789070658,1.3972454911765988,3.520428289659059,Negative Binomial,Negative Binomial,size_r=2.90065; mu=6.17647; p=0.319556,175.87568741627138,1114.5599061913913,938.6842187751199,overdispersed (var/mean=3.5) -> Negative Binomial preferred over Poisson; right-skewed (skew=1.40),,,,
female_psg_negative,wsi_tumor_n_islands,Discrete count,"0,1,2,...",Poisson / Negative Binomial,May need area/exposure adjustment,170,0,0,2.0,446.0,911.0,1266.2470588235294,1683.5,6937.0,1165.8240999790191,1359145.8320918903,1.7494831247413067,1073.365440512591,Negative Binomial,Negative Binomial,size_r=1.20022; mu=1266.25; p=0.000946956,156387.26726465585,159156.9549527173,2769.6876880614536,overdispersed (var/mean=1073.4) -> Negative Binomial preferred over Poisson; right-skewed (skew=1.75),,,,
female_psg_negative,wsi_cluster_area_mm2,Positive continuous,>0,Log-normal / Gamma,Likely right-skewed,170,0,0,1.5614304748528944,34.0183860030267,72.6369720365301,97.88477160403747,145.90979161473345,388.32198259959074,81.60300333573616,6659.050153412168,1.2849422682637404,,Gamma,Gamma,shape=1.35536; scale=72.2206,19.438537180619505,,,right-skewed (skew=1.28),1913.0521652661228,1893.6136280855033,1982.070611266403,
female_psg_negative,wsi_tumor_area_mm2,Positive continuous,>0,Log-normal / Gamma,Likely right-skewed,170,0,0,0.7416599375,11.460395951674492,26.971585223093363,45.29288240392446,64.50512245984093,287.02090048139826,49.20105385743525,2420.7437006822443,2.0043625261344067,,Gamma,Gamma,shape=0.957122; scale=47.3219,5.373171543795934,,,right-skewed (skew=2.00),1645.6293450419982,1640.2561734982023,1810.047263194013,
female_psg_negative,wsi_tumor_perimeter_mm,Positive continuous,>0,Log-normal / Gamma,Positive size measurement,170,0,0,16.093993500859927,684.9174308090492,1386.1432358291459,1890.040938325131,2741.5703359395357,8605.75301870614,1631.638865281042,2662245.386695606,1.4313983260976137,,Gamma,Gamma,shape=1.28836; scale=1467.01,22.66797358235317,,,right-skewed (skew=1.43),2925.4514689815455,2902.7834953991924,3000.531825880845,
female_psg_negative,wsi_tumor_fraction_of_cluster,Continuous proportion,0-1,Beta,"If exact 0/1 values occur, ordinary Beta needs modification",170,0,0,0.132400066755227,0.30530757060273545,0.3847685661001693,0.4073576245999305,0.4862754355197794,0.8742037313611088,0.14826999653368877,0.02198399187210008,0.7019446507404645,,Beta,Beta,alpha=4.18985; beta=6.01661,6.182658826295523,,,,,,-163.5287760244287,-169.71143485072423
female_psg_negative,wsi_tumor_boundary_density_per_mm,Positive continuous,>=0,Gamma / Log-normal,Ratio/density; inspect zeros,170,0,0,5.036404128162295,34.8580443151973,53.770836466975425,59.280250531479716,74.9572103464599,254.38252904137136,35.75197499612165,1278.2037161233081,1.6707714925674193,,Gamma,Gamma,shape=2.9231; scale=20.2799,10.596148343583991,,,right-skewed (skew=1.67),1660.4644257819746,1649.8682774383906,1701.4820226966547,
female_psg_negative,wsi_tumor_patch_density_per_mm2,Positive continuous,>=0,Gamma / Log-normal,Density measurement,170,0,0,0.7110469942728304,8.909767700663107,13.285722116944058,14.454809109302374,19.39955266525113,33.75220198974655,7.5102684852593775,56.40413272068019,0.47750491722019767,,Gamma,Gamma,shape=3.05501; scale=4.73151,6.462470984501351,,,roughly symmetric (skew=0.48),1194.7245360814659,1164.5058908149754,1170.9683617994767,
female_psg_negative,wsi_area_weighted_tumor_largest_patch_index,Continuous proportion,0-1,Beta,Fraction of tumor area in largest island,170,0,0,0.0119302598424838,0.10190318139565598,0.2099443667158606,0.28073754902223,0.3600082369067439,0.997781491826742,0.2408852343431986,0.05802569612457771,1.249897118501036,,Beta,Beta,alpha=0.871977; beta=1.94184,79.27530811610043,,,right-skewed (skew=1.25),,,1.4683624421075194,-77.80694567399291
female_psg_negative,wsi_area_weighted_tumor_compactness_mean,Bounded continuous,usually 0-1,Beta / Normal,Beta if clearly bounded/skewed; Normal may work if values are away from boundaries and symmetric,170,0,0,0.007093951919584,0.05153646981323597,0.07908389719182346,0.08717296548626213,0.11609317474680778,0.2654637794227003,0.048746162027636916,0.002376188312424631,0.7526000642626212,,Beta,Beta,alpha=2.62218; beta=27.5014,23.39339845662448,,,,,,-541.7476476457649,-565.1410461023894
female_psg_negative,wsi_area_weighted_tumor_solidity_mean,Bounded continuous,0-1,Beta,Natural proportion-like variable,170,0,0,0.407278298704861,0.556134116904652,0.5956330636284809,0.5984101191665382,0.6372669114844717,0.8230459267539727,0.06543318020514943,0.00428150107175956,0.33423323112005043,,Normal,Normal,mu=0.59841; sigma=0.0652404,5.0390406361597115,,,roughly symmetric (skew=0.33),,,-441.65062571172837,-436.61158507556866
female_psg_negative,wsi_area_weighted_tumor_elongation_mean,Positive continuous,typically >=1,Log-normal / Gamma / Normal,Distribution depends strongly on observed shape,170,0,0,1.160422900076541,1.6564819009888019,1.7996581756038008,1.7975420483778894,1.9254284676158289,2.649534139417013,0.2355600423564063,0.055488533554951924,0.25237631187116233,,Gamma,Gamma,shape=58.0279; scale=0.0309772,0.364440860419478,,,roughly symmetric (skew=0.25),-4.7326475900474065,-6.496702304495557,-6.132261444076079,
female_psg_negative,wsi_area_weighted_tumor_boundary_fractal_dimension,Continuous,bounded physical range,Normal,Often relatively narrow; inspect histogram/Q-Q plot,170,0,0,1.2066020033126743,1.588592205860395,1.6852193275966485,1.6396946987683427,1.7241525002925204,1.833045554453098,0.13605617368990902,0.018511282399138695,-1.2093573367870836,,Normal,Normal,mu=1.63969; sigma=0.135655,,,,,,,-192.75757994555102,
female_psg_negative,wsi_area_weighted_tumor_island_nnd_median_um,Positive continuous,>=0,Log-normal / Gamma,Spatial distance; may be right-skewed,170,0,0,76.92904604244096,107.95293795137337,123.74578882426444,132.8576554207475,142.4922062653892,558.881755299142,46.40419692375949,2153.34949213905,5.0686522207187235,,Log-normal,Log-normal,meanlog=4.85158; sdlog=0.253031,29.93096490412745,,,right-skewed (skew=5.07),1668.7326348025858,1698.6635997067133,1790.14871659682,
female_psg_negative,wsi_area_weighted_tumor_island_gap_median_um,Positive continuous,>=0,Log-normal / Gamma,Spatial distance; may contain zero,170,0,0,3.2500000000000004,9.222886835412,12.194745458282483,12.572773437925063,14.54898569566554,48.940402123067,5.369675428529487,28.833414207753336,2.68782284787483,,Log-normal,Log-normal,meanlog=2.45835; sdlog=0.378974,7.305282988039835,,,right-skewed (skew=2.69),992.3817691269055,999.6870521149453,1056.8970866549914,
