wsi_name,sample_id,subject_id,n_clusters,total_cluster_area_mm2,wsi_til_area_total_um2,wsi_til_area_total_mm2,wsi_til_area_intratumoral_um2,wsi_til_fraction_intratumoral,wsi_til_area_extratumoral_um2,wsi_til_contact_area_um2,wsi_til_contact_fraction,wsi_til_pct_within_50um,wsi_til_pct_within_100um,wsi_til_pct_within_200um,wsi_til_extratumoral_distance_aw_median_um,wsi_dominant_immune_phenotype,contact_tolerance_um_used,proximity_thresholds_um,clinical__sample_id,clinical__subject_id,SEX,AJCC_PATHOLOGIC_TUMOR_STAGE,AGE,OS_STATUS,OS_MONTHS,OS_Status,stage,clinical_match
TCGA-05-4390-01Z-00-DX1.858E64DF-DD3E-4F43-B7C1-CE35B33F1C90,TCGA-05-4390-01,TCGA-05-4390,1,3.135417296157519,47077.88205670008,0.047077882056700084,2115.3125,0.044932193369539034,44962.56955670009,6301.435277382961,0.13385129071425902,76.03364531214068,92.38304720389861,99.55572289817948,15.61899884755742,margin-localized,5.0,50;100;200,TCGA-05-4390-01,TCGA-05-4390,Female,Stage IB,58,0:LIVING,36.99,0,I,matched
TCGA-05-4405-01Z-00-DX1.D57EC2B2-3A59-4954-86A7-61782938BCC5,TCGA-05-4405-01,TCGA-05-4405,1,44.33226325859185,213624.18345759987,0.21362418345759987,12437.875,0.05822315993764194,201186.30845759987,8645.857921004477,0.04047228071778918,67.47986744513547,96.73727071084542,99.67184569104036,30.39145644749524,margin-localized,5.0,50;100;200,TCGA-05-4405-01,TCGA-05-4405,Female,Stage IB,74,0:LIVING,20.04,0,I,matched
TCGA-05-4417-01Z-00-DX1.6E534856-996F-4BD9-8AFC-7B1BF627E505,TCGA-05-4417-01,TCGA-05-4417,2,71.01403529361296,3107328.6192939864,3.107328619293986,10606.15625,0.003413271510500816,3096722.463043986,7680.278297446997,0.0024716659350925126,16.41697646453729,51.60432401634441,98.47576936917405,97.57849458460772,peritumoral,5.0,50;100;200,TCGA-05-4417-01,TCGA-05-4417,Female,Stage IB,51,0:LIVING,14.95,0,I,matched
TCGA-05-4425-01Z-00-DX1.82B093EE-49BC-4FD9-91AC-4CC89944309D,TCGA-05-4425-01,TCGA-05-4425,1,1.5614304748528944,12187.6875,0.0121876875,7153.1875,0.5869191756024267,5034.5,1096.125,0.08993707789110937,44.61982636164572,84.32203607123992,100.0,19.152757634346028,immune-penetrated,5.0,50;100;200,TCGA-05-4425-01,TCGA-05-4425,Female,Stage IV,70,0:LIVING,21.98,0,IV,matched
TCGA-05-4427-01Z-00-DX1.36CF4E93-3FBB-4346-A26B-85F0D9D0575D,TCGA-05-4427-01,TCGA-05-4427,3,115.77155403967564,4435942.537611819,4.435942537611819,1622578.2659762166,0.3657798206849102,2813364.2716356013,84757.875,0.019107072348514043,39.051924923362996,67.43002784583629,79.51685108780208,42.249630175896215,immune-penetrated,5.0,50;100;200,TCGA-05-4427-01,TCGA-05-4427,Female,Stage IIB,65,0:LIVING,25.99,0,II,matched
TCGA-05-4430-01Z-00-DX1.95659bbb-3091-4370-bc1d-6c6c1baa7b3d,TCGA-05-4430-01,TCGA-05-4430,3,88.14396856886266,2966762.496109131,2.966762496109131,1161655.5531818345,0.39155663950361047,1805106.9429272963,50834.54337379488,0.017134685853843607,39.306509766001355,71.58357154784939,84.1717300311533,28.811076429040273,immune-penetrated,5.0,50;100;200,TCGA-05-4430-01,TCGA-05-4430,Female,Stage IB,59,0:LIVING,25,0,I,matched
TCGA-05-4434-01Z-00-DX1.f3f5c89c-306f-4876-98fa-f7bd231f2e10,TCGA-05-4434-01,TCGA-05-4434,3,82.1600037079056,604623.6127649143,0.6046236127649143,99836.75,0.1651221485437054,504786.8627649143,10662.984050794612,0.017635738706983848,44.35756458505511,68.62759352532085,90.02779911716031,47.25186008243485,peritumoral,5.0,50;100;200,TCGA-05-4434-01,TCGA-05-4434,Female,Stage IV,67,1:DECEASED,15.01,1,IV,matched
TCGA-38-4625-01Z-00-DX1.ffdbfc1d-7a21-4e67-a54f-89597bd14a7f,TCGA-38-4625-01,TCGA-38-4625,4,100.44500843223777,3060603.632970341,3.060603632970341,1135728.257207971,0.3710798239188318,1924875.3757623697,77492.71285861984,0.025319421314093038,52.16859529593383,64.97488418927752,72.21078656625723,25.17912391744399,immune-penetrated,5.0,50;100;200,TCGA-38-4625-01,TCGA-38-4625,Female,Stage IB,66,0:LIVING,97.67,0,I,matched
TCGA-38-4626-01Z-00-DX1.142bc018-bd79-4db9-84e2-f83a617ea92a,TCGA-38-4626-01,TCGA-38-4626,9,196.44602016047466,6870793.439272297,6.870793439272297,550478.7658901187,0.08011866034913448,6320314.673382178,500705.2895655342,0.07287444950732869,74.06307467524583,93.42702791903706,98.76414958067873,25.63993467230367,margin-localized,5.0,50;100;200,TCGA-38-4626-01,TCGA-38-4626,Female,[Discrepancy],57,0:LIVING,120.7,0,,matched
TCGA-38-6178-01Z-00-DX1.5932337D-BA2B-455D-9E34-22961EFA2170,TCGA-38-6178-01,TCGA-38-6178,12,147.25070915352154,8167373.258297121,8.167373258297122,396930.0,0.048599468574154404,7770443.258297121,272108.02599637274,0.03331646753378658,63.5206669129322,92.58132126502392,99.79418540841267,36.236042571588854,margin-localized,5.0,50;100;200,TCGA-38-6178-01,TCGA-38-6178,Female,Stage IIIA,70,0:LIVING,14.72,0,III,matched
TCGA-44-2655-01Z-00-DX1.ee255271-780c-461c-ab23-5cd3504b5e4a,TCGA-44-2655-01,TCGA-44-2655,2,3.3101153906933876,300455.2994519728,0.3004552994519728,2820.125,0.009386171604041857,297635.1744519728,229.3125,0.0007632166928600144,75.25966304260446,87.39138500708852,100.0,34.91283789668208,margin-localized,5.0,50;100;200,TCGA-44-2655-01,TCGA-44-2655,Female,Stage IA,65,0:LIVING,43.5,0,I,matched
TCGA-44-2657-01Z-00-DX1.b7f608bd-2381-40a2-a757-ca4648a7de8a,TCGA-44-2657-01,TCGA-44-2657,5,30.96179643627511,1984619.3721729624,1.9846193721729624,18859.094714778883,0.009502625530723322,1965760.2774581835,34668.38027354548,0.017468528605355204,56.42581343164325,82.9093290939082,99.81258985536641,43.27261872420018,margin-localized,5.0,50;100;200,TCGA-44-2657-01,TCGA-44-2657,Female,Stage IB,74,0:LIVING,44.38,0,I,matched
TCGA-44-2659-01Z-00-DX1.b33f40e6-bc18-48b0-8dad-bdb0a6a200b5,TCGA-44-2659-01,TCGA-44-2659,4,7.494136216683843,246749.8996558999,0.2467498996558999,1766.5,0.007159070793801485,244983.3996558999,31307.373970029017,0.12687897346133914,94.8345726002062,98.98169645666837,100.0,17.625,margin-localized,5.0,50;100;200,TCGA-44-2659-01,TCGA-44-2659,Female,Stage IIB,65,0:LIVING,44.91,0,II,matched
TCGA-44-2661-01Z-00-DX1.20cfa0f8-e3ca-4c26-9dfe-b9d416cd94b1,TCGA-44-2661-01,TCGA-44-2661,4,138.47213399694027,22356866.46469691,22.35686646469691,5427395.732946321,0.24276191574148223,16929470.73175059,369114.12246342155,0.016510100959196545,54.53779710276482,94.50868681031622,99.98888414772293,36.94802092128887,margin-localized,5.0,50;100;200,TCGA-44-2661-01,TCGA-44-2661,Female,Stage IA,69,0:LIVING,38.07,0,I,matched
TCGA-44-2665-01Z-00-DX1.d429e37e-3915-4da6-b5bc-bf2f09f4fbf7,TCGA-44-2665-01,TCGA-44-2665,3,45.45793171808732,3027863.180024176,3.027863180024176,212752.40625,0.07026486786245781,2815110.773774176,150026.5179507633,0.049548645044643465,61.181023718228204,86.49845147662593,98.4827453426075,34.50045289557805,margin-localized,5.0,50;100;200,TCGA-44-2665-01,TCGA-44-2665,Female,Stage IIB,55,0:LIVING,42.74,0,II,matched
TCGA-44-3396-01Z-00-DX1.187b0a68-ad51-4fcd-819c-b74a8599dbe9,TCGA-44-3396-01,TCGA-44-3396,8,71.99930331666259,9037775.9145961,9.0377759145961,141852.8419994563,0.01569554759267294,8895923.072596641,113036.92772531029,0.0125071620267498,45.106766119099255,85.93944125390729,99.4626459855284,55.7675490877087,peritumoral,5.0,50;100;200,TCGA-44-3396-01,TCGA-44-3396,Female,Stage IIIA,74,0:LIVING,37.12,0,III,matched
TCGA-44-3398-01Z-00-DX1.74757c91-a0c6-4e7f-b2db-8748c68ffa44,TCGA-44-3398-01,TCGA-44-3398,2,44.99723486346813,4291304.64107573,4.2913046410757305,634630.6008054011,0.147887566576097,3656674.0402703295,414427.43646469334,0.09657376278949192,83.93870009237001,92.01648817176739,97.5132140442704,18.0,margin-localized,5.0,50;100;200,TCGA-44-3398-01,TCGA-44-3398,Female,Stage IA,77,0:LIVING,38.21,0,I,matched
TCGA-44-3919-01Z-00-DX1.41144972-46a1-4b25-9faa-ed1b9d1996d2,TCGA-44-3919-01,TCGA-44-3919,5,14.546768630805401,2962459.829280247,2.962459829280247,10817.5,0.003651526306983949,2951642.329280247,49153.595218485876,0.016592155860701792,64.19533885299728,92.1555303809569,99.99786718628248,40.01581718520815,margin-localized,5.0,50;100;200,TCGA-44-3919-01,TCGA-44-3919,Female,Stage IA,71,1:DECEASED,33.71,1,I,matched
TCGA-44-4112-01Z-00-DX1.5380b3b4-0e24-4c6c-aa8c-298c5fbe068f,TCGA-44-4112-01,TCGA-44-4112,2,72.38886517326247,1968950.28900057,1.9689502890005701,161616.65625,0.08208264939590519,1807333.63275057,45729.832750129135,0.02322548873153186,58.000870659182105,92.05298386990505,98.52461298694537,39.23108620724132,margin-localized,5.0,50;100;200,TCGA-44-4112-01,TCGA-44-4112,Female,Stage IB,60,1:DECEASED,26.54,1,I,matched
TCGA-44-5644-01Z-00-DX1.7e4edaa7-25c6-49f4-81bc-f50d6c5fac38,TCGA-44-5644-01,TCGA-44-5644,5,49.53387730894781,2088778.039197056,2.0887780391970563,72376.90625,0.03465035771719541,2016401.132947056,15013.65625,0.0071877700589821295,35.45922640413369,84.20118845872236,99.04078747685546,57.65756265443415,peritumoral,5.0,50;100;200,TCGA-44-5644-01,TCGA-44-5644,Female,Stage IB,51,0:LIVING,28.35,0,I,matched
TCGA-44-5645-01Z-00-DX1.8b0d89d7-7849-49a6-a2f5-a8faf2c5aab4,TCGA-44-5645-01,TCGA-44-5645,10,81.60079042866994,5642270.5353571,5.6422705353571,726109.1696420277,0.12869095253265309,4916161.365715072,649585.6813556545,0.11512841812264185,73.3717628182454,99.91872364563923,99.99930240523537,32.47932034387419,margin-localized,5.0,50;100;200,TCGA-44-5645-01,TCGA-44-5645,Female,Stage IA,61,0:LIVING,27.99,0,I,matched
TCGA-44-6145-01Z-00-DX1.175ad655-b054-407d-bb22-3a4f85849488,TCGA-44-6145-01,TCGA-44-6145,5,57.40347859303918,4097426.0635707956,4.097426063570795,451276.6875,0.11013662736032986,3646149.3760707956,218512.63884467434,0.053329245105217714,65.11297860965935,95.80080740978264,99.66051406727232,34.00206795181728,margin-localized,5.0,50;100;200,TCGA-44-6145-01,TCGA-44-6145,Female,Stage IA,62,0:LIVING,19.55,0,I,matched
TCGA-44-6147-01Z-00-DX1.a34a9f49-e86b-43ee-9e2d-7ef35da0aecf,TCGA-44-6147-01,TCGA-44-6147,5,59.49813511479774,2426322.315902744,2.426322315902744,114531.6875,0.047203822323740624,2311790.628402744,16028.244561602714,0.006605983243260573,57.27342668466739,92.6298129599123,99.42874190214917,42.875,margin-localized,5.0,50;100;200,TCGA-44-6147-01,TCGA-44-6147,Female,Stage IA,67,0:LIVING,27.76,0,I,matched
TCGA-44-6774-01Z-00-DX1.f169485b-f863-4be0-9844-258d78170b64,TCGA-44-6774-01,TCGA-44-6774,6,49.34417408556496,3029035.448680188,3.029035448680188,36145.27622975891,0.011932932724675816,2992890.1724504293,17230.265217447246,0.005688366976673984,28.058681283143862,92.78139529524336,99.97558895382514,63.125,peritumoral,5.0,50;100;200,TCGA-44-6774-01,TCGA-44-6774,Female,Stage IIIA,56,0:LIVING,21.62,0,III,matched
TCGA-44-6775-01Z-00-DX1.38d3bc6d-8bb5-4126-8d61-d39e6a1d7bcf,TCGA-44-6775-01,TCGA-44-6775,11,104.06216804679103,12900216.689709365,12.900216689709366,1404470.255782877,0.10887183444780717,11495746.43392649,347930.61671448266,0.026970912588780812,42.56601662457838,82.23249724830812,99.83746775279198,61.852268551767764,peritumoral,5.0,50;100;200,TCGA-44-6775-01,TCGA-44-6775,Female,Stage IB,72,0:LIVING,23.16,0,I,matched
TCGA-44-6776-01Z-00-DX1.551e200f-5f40-4b95-8b2f-7c6000a21be0,TCGA-44-6776-01,TCGA-44-6776,3,122.16283995857233,7668604.2902376875,7.668604290237687,403828.28125,0.052659945143353246,7264776.0089876875,226246.06861040636,0.02950290040371791,53.52348178856363,90.79153503142282,99.21333136646966,38.95871211937068,margin-localized,5.0,50;100;200,TCGA-44-6776-01,TCGA-44-6776,Female,Stage IA,60,0:LIVING,85.94,0,I,matched
TCGA-44-6779-01Z-00-DX1.40f10ad8-55f3-4043-a89b-37d33a26dd8c,TCGA-44-6779-01,TCGA-44-6779,2,71.21693386809727,689137.1094091123,0.6891371094091122,295676.0625,0.429052591223134,393461.04690911225,55209.663660861595,0.08011419339788578,61.82432854681481,66.56303540995275,75.07294391717042,14.375,immune-penetrated,5.0,50;100;200,TCGA-44-6779-01,TCGA-44-6779,Female,Stage IIB,50,1:DECEASED,16.43,1,II,matched
TCGA-44-7667-01Z-00-DX1.2be2e379-7368-4fa7-a619-ace84febecb3,TCGA-44-7667-01,TCGA-44-7667,15,38.30334343308703,1883641.043615205,1.883641043615205,28569.8125,0.015167333817045619,1855071.231115205,26216.25220298621,0.013917859929761507,39.979880980987495,87.95147021786428,98.17570368583479,61.1745709016418,peritumoral,5.0,50;100;200,TCGA-44-7667-01,TCGA-44-7667,Female,Stage IIB,49,0:LIVING,36.04,0,II,matched
TCGA-44-7672-01Z-00-DX1.71f4a0c6-a9cc-481c-ace8-c8c314952aa1,TCGA-44-7672-01,TCGA-44-7672,11,16.803574772868256,4646850.71106678,4.646850711066779,108865.46875,0.02342779562311519,4537985.24231678,90314.57140575774,0.019435651588863758,57.004599345106364,94.46013984046394,100.0,38.80258528758103,margin-localized,5.0,50;100;200,TCGA-44-7672-01,TCGA-44-7672,Female,Stage IA,52,0:LIVING,23.62,0,I,matched
TCGA-44-A47A-01Z-00-DX1.62448803-3A7B-41EC-9794-67916DA0792E,TCGA-44-A47A-01,TCGA-44-A47A,5,85.01296287459908,9604564.41669809,9.604564416698091,454514.0,0.04732270827501569,9150050.41669809,698891.4486866051,0.07276659496098979,35.469761737932,72.50642381591607,99.44166052267006,79.10504257115743,peritumoral,5.0,50;100;200,TCGA-44-A47A-01,TCGA-44-A47A,Female,Stage IB,78,0:LIVING,15.31,0,I,matched
TCGA-44-A47G-01Z-00-DX1.810F67EC-3A0C-4056-B736-3331A11412CC,TCGA-44-A47G-01,TCGA-44-A47G,3,29.882864399875185,4251369.168184342,4.2513691681843415,130625.359375,0.030725480241177685,4120743.808809342,251104.5459976967,0.05906439456654795,73.65723645646148,97.81473134977283,99.96761417115829,30.98039954955391,margin-localized,5.0,50;100;200,TCGA-44-A47G-01,TCGA-44-A47G,Female,Stage IA,73,0:LIVING,11.53,0,I,matched
TCGA-44-A4SU-01Z-00-DX1.AE2607C1-B208-4557-ADB4-6AAF03C6D3A9,TCGA-44-A4SU-01,TCGA-44-A4SU,4,102.74502397484599,1469131.2891375064,1.4691312891375063,326591.0,0.22230211990906146,1142540.2891375064,82146.65625,0.05591512266968763,68.60177644809002,85.59570506107308,93.28587278214536,32.750238548749536,margin-localized,5.0,50;100;200,TCGA-44-A4SU-01,TCGA-44-A4SU,Female,Stage IA,67,1:DECEASED,13.44,1,I,matched
TCGA-49-4487-01Z-00-DX1.3a3a0720-463c-430e-849b-e2f8991bdfa5,TCGA-49-4487-01,TCGA-49-4487,6,57.68048980713834,9986307.811603803,9.986307811603803,1058122.5874517285,0.105957337527912,8928185.224152073,470727.3723730157,0.04713727848705444,75.36009374997882,92.5457347694502,99.83595846098027,25.15567086950365,margin-localized,5.0,50;100;200,TCGA-49-4487-01,TCGA-49-4487,Female,Stage IA,72,1:DECEASED,28.09,1,I,matched
TCGA-49-4488-01Z-00-DX6.3ce306b2-1b00-48f7-8288-c24069037a9c,TCGA-49-4488-01,TCGA-49-4488,4,54.8935443572475,8817043.932831598,8.817043932831599,2134949.0625,0.24213887089188632,6682094.870331598,232387.65795776696,0.026356640584769723,54.35108356511571,86.42622525639483,92.94136654823123,40.85588237940774,peritumoral,5.0,50;100;200,TCGA-49-4488-01,TCGA-49-4488,Female,Stage IA,74,1:DECEASED,28.55,1,I,matched
TCGA-49-4501-01Z-00-DX1.9c4bf212-5e32-449e-8710-cf7a3594156e,TCGA-49-4501-01,TCGA-49-4501,7,129.0639353265028,8767014.587739855,8.767014587739855,2024483.0721597457,0.2309204635054291,6742531.515580108,386038.0110906441,0.0440330065870422,55.13254281079845,86.71051804805985,98.39865663674246,45.125,immune-penetrated,5.0,50;100;200,TCGA-49-4501-01,TCGA-49-4501,Female,Stage IB,67,1:DECEASED,46.68,1,I,matched
TCGA-49-4510-01Z-00-DX2.e0552b15-6bd7-4660-8a60-9edd0d638e7e,TCGA-49-4510-01,TCGA-49-4510,6,191.0030342929747,25228799.94407114,25.22879994407114,16637484.10493797,0.6594639515879089,8591315.839133171,581289.9020218282,0.023040727395297035,26.19532989573068,40.37782357678862,51.97535112318884,34.23197518402933,immune-penetrated,5.0,50;100;200,TCGA-49-4510-01,TCGA-49-4510,Female,Stage IIB,51,1:DECEASED,29.43,1,II,matched
TCGA-49-4512-01Z-00-DX4.5161fcf5-62a3-4f7d-8a55-9a24a7d70efb,TCGA-49-4512-01,TCGA-49-4512,17,141.88703899836906,5589306.652495209,5.5893066524952095,598458.2319740648,0.10707199822484204,4990848.420521144,998497.8127405685,0.17864430685598787,82.53992591248789,94.69284176863536,99.7150322874958,13.396011533288556,margin-localized,5.0,50;100;200,TCGA-49-4512-01,TCGA-49-4512,Female,Stage IIIA,69,1:DECEASED,29.73,1,III,matched
TCGA-49-4514-01Z-00-DX2.f1565a36-257d-432e-a84d-47c1d7a0185f,TCGA-49-4514-01,TCGA-49-4514,2,47.78435443355928,21443217.48596286,21.44321748596286,1514500.796157855,0.07062843051185189,19928716.689805005,741558.9304817059,0.03458244691903837,54.79723190234789,88.50143451061146,99.94267470245926,47.284544250738,margin-localized,5.0,50;100;200,TCGA-49-4514-01,TCGA-49-4514,Female,Stage IA,79,0:LIVING,55.85,0,I,matched
TCGA-49-6744-01Z-00-DX3.fa64d744-6caa-4f62-8689-33da9c312838,TCGA-49-6744-01,TCGA-49-6744,18,168.8395556788424,16899241.490127455,16.899241490127455,4924206.928797519,0.29138626912185633,11975034.561329935,886265.5916121457,0.0524441047919164,74.16978839790013,85.38036671181787,91.40991935801156,18.747187289030855,margin-localized,5.0,50;100;200,TCGA-49-6744-01,TCGA-49-6744,Female,Stage IIA,64,0:LIVING,55.29,0,II,matched
TCGA-49-AARN-01Z-00-DX1.E13AA041-978E-427D-AFA5-D3180224A03A,TCGA-49-AARN-01,TCGA-49-AARN,10,25.871456297536337,3441567.9434689414,3.4415679434689412,65930.125,0.01915700229748929,3375637.8184689414,44968.934651164214,0.013066409087317802,64.96728845353633,91.02369807775618,99.39278172147493,38.38644983910338,margin-localized,5.0,50;100;200,TCGA-49-AARN-01,TCGA-49-AARN,Female,Stage IA,56,1:DECEASED,37.29,1,I,matched
TCGA-49-AARQ-01Z-00-DX1.3FA36419-1658-4602-9170-84A622787C3E,TCGA-49-AARQ-01,TCGA-49-AARQ,5,153.02337709143436,4751060.675805854,4.751060675805854,450566.0,0.09483482336785291,4300494.675805854,75268.59516292377,0.015842482405290906,54.33305226497045,88.90159535237466,97.20072957076911,41.24488604663613,margin-localized,5.0,50;100;200,TCGA-49-AARQ-01,TCGA-49-AARQ,Female,Stage I,41,0:LIVING,221.16,0,I,matched
TCGA-4B-A93V-01Z-00-DX1.C263DC1C-298D-47ED-AAF8-128043828530,TCGA-4B-A93V-01,TCGA-4B-A93V,7,162.77177201109922,12453801.50544043,12.453801505440431,249889.77822806977,0.02006534134327624,12203911.72721236,172897.48856147053,0.01388310938518977,50.38141068330951,89.40236577415051,98.81594845214357,47.5,margin-localized,5.0,50;100;200,TCGA-4B-A93V-01,TCGA-4B-A93V,Female,Stage IA,52,1:DECEASED,9.86,1,I,matched
TCGA-50-5044-01Z-00-DX1.7E0E651F-411B-4784-B0FA-6EB612527430,TCGA-50-5044-01,TCGA-50-5044,4,167.68939313036796,6262027.236477041,6.26202723647704,1694914.8158682168,0.27066551323749277,4567112.420608824,265646.09105101984,0.0424217399604397,55.84928686532549,75.43373281555566,86.15038817756147,26.497420275377753,margin-localized,5.0,50;100;200,TCGA-50-5044-01,TCGA-50-5044,Female,Stage IIIB,72,1:DECEASED,20.5,1,III,matched
TCGA-50-5045-01Z-00-DX2.0FCA12EA-572E-4A7D-900D-6E200892170E,TCGA-50-5045-01,TCGA-50-5045,3,65.83510193616911,8770617.236713395,8.770617236713395,322789.7094891535,0.036803533979110487,8447827.527224239,312482.07033530215,0.035628287257511,66.92271277612318,93.82485413933392,99.92564041905734,41.60322253143379,margin-localized,5.0,50;100;200,TCGA-50-5045-01,TCGA-50-5045,Female,[Discrepancy],57,1:DECEASED,71.42,1,,matched
TCGA-50-5055-01Z-00-DX2.446EC3BB-2ED7-4253-8A39-AC68331F08E7,TCGA-50-5055-01,TCGA-50-5055,7,125.2089213028619,24223129.515884325,24.223129515884324,569889.4691537594,0.02352666565152344,23653240.046730563,130433.53361512673,0.005384668959871386,46.994738182906744,85.0605591162595,98.97280688064572,54.50000000000001,peritumoral,5.0,50;100;200,TCGA-50-5055-01,TCGA-50-5055,Female,Stage IIA,79,1:DECEASED,60.12,1,II,matched
TCGA-50-5068-01Z-00-DX1.13f1c31e-4d4c-4562-8447-c5bbfbf670a9,TCGA-50-5068-01,TCGA-50-5068,3,169.6936637468877,17400195.98833157,17.40019598833157,1136277.0101099145,0.0653025408950504,16263918.978221657,126519.7213761853,0.00727116645473582,37.22759965925474,75.60847347756302,98.3236370564867,66.625,peritumoral,5.0,50;100;200,TCGA-50-5068-01,TCGA-50-5068,Female,Stage IIB,59,1:DECEASED,49.24,1,II,matched
TCGA-50-5942-01Z-00-DX1.da1b1274-8740-4c79-adf9-25800913eafa,TCGA-50-5942-01,TCGA-50-5942,3,263.38989118977423,6117048.327781153,6.117048327781153,3188693.219832494,0.521279716779536,2928355.107948659,73886.34579983471,0.01207875789770581,38.56223782433524,57.66084012462365,69.74626142141102,35.37588338119629,immune-penetrated,5.0,50;100;200,TCGA-50-5942-01,TCGA-50-5942,Female,Stage IA,67,0:LIVING,60.68,0,I,matched
TCGA-50-6591-01Z-00-DX1.12e1050b-75e9-4059-b945-291995b3e93c,TCGA-50-6591-01,TCGA-50-6591,2,258.7733321173408,1751305.6470268618,1.7513056470268618,841611.6203444283,0.4805623859965316,909694.0266824334,96094.08894452677,0.05486997036049234,46.662784195754206,55.95643438674558,62.39134314628877,16.87546295661248,immune-penetrated,5.0,50;100;200,TCGA-50-6591-01,TCGA-50-6591,Female,Stage IV,63,1:DECEASED,3.91,1,IV,matched
TCGA-50-6593-01Z-00-DX1.a63e298c-cbe7-44e8-8d8e-34ebb93530ca,TCGA-50-6593-01,TCGA-50-6593,4,81.61595461353194,5164215.441362268,5.164215441362268,260761.375,0.05049389940463324,4903454.066362269,109068.37973497878,0.02112002897117856,43.51334293855066,83.58992156038292,99.65226556004929,57.05288117176906,peritumoral,5.0,50;100;200,TCGA-50-6593-01,TCGA-50-6593,Female,Stage IIIA,49,1:DECEASED,11.04,1,III,matched
TCGA-50-8457-01Z-00-DX1.F4B6ECCE-F22B-43FC-9A08-4366A24A67A4,TCGA-50-8457-01,TCGA-50-8457,11,140.54694010727746,4278167.607958212,4.278167607958212,199037.75,0.0465240654970487,4079129.8579582116,194849.75605642502,0.04554514313416967,72.34213414128753,95.93434288901263,99.33155812276637,32.5185644094262,margin-localized,5.0,50;100;200,TCGA-50-8457-01,TCGA-50-8457,Female,Stage IA,63,0:LIVING,36.96,0,I,matched
TCGA-55-1595-01Z-00-DX1.6270c9cf-cd18-4fa5-b313-33350ad55f89,TCGA-55-1595-01,TCGA-55-1595,6,103.53575012754662,1090162.7968017792,1.090162796801779,30633.0,0.028099472931811944,1059529.7968017792,32600.21083925732,0.029903984005780482,67.00381169817592,91.28104544048969,99.50823496406458,44.460832482084726,margin-localized,5.0,50;100;200,TCGA-55-1595-01,TCGA-55-1595,Female,Stage IA,74,0:LIVING,48.59,0,I,matched
TCGA-55-6543-01Z-00-DX1.08806fe0-84d3-4fd6-8746-6cf557241958,TCGA-55-6543-01,TCGA-55-6543,8,50.45614444851326,849806.847018108,0.849806847018108,39346.875,0.04630096255174275,810459.972018108,44245.58839443158,0.05206546469904917,57.6072032921735,84.1730983399268,99.3821855220215,59.23588967003028,peritumoral,5.0,50;100;200,TCGA-55-6543-01,TCGA-55-6543,Female,Stage IA,60,0:LIVING,14.29,0,I,matched
TCGA-55-6981-01Z-00-DX1.5fecd134-42a0-40a2-be75-1e8bd14c5b30,TCGA-55-6981-01,TCGA-55-6981,1,29.53998279369409,100660.27318307193,0.10066027318307193,10010.4375,0.09944774818754872,90649.83568307193,6598.020329030229,0.06554741131121647,86.17408648619816,95.3291697096172,100.0,15.998535089188636,margin-localized,5.0,50;100;200,TCGA-55-6981-01,TCGA-55-6981,Female,Stage IIIA,53,1:DECEASED,45.3,1,III,matched
TCGA-55-6982-01Z-00-DX1.055aeec1-2fc1-4796-b5df-c159335e0300,TCGA-55-6982-01,TCGA-55-6982,4,23.870672906187398,130400.47185861037,0.13040047185861037,36403.5625,0.27916741389917193,93996.90935861037,5489.796228867843,0.042099511992719454,82.19723859828643,97.34506652952784,99.98969520600004,24.470007151613178,immune-penetrated,5.0,50;100;200,TCGA-55-6982-01,TCGA-55-6982,Female,Stage IIB,79,1:DECEASED,32.69,1,II,matched
TCGA-55-6984-01Z-00-DX1.d53e387a-9618-4486-98f3-a75604f25a7d,TCGA-55-6984-01,TCGA-55-6984,11,81.72112877385811,4728880.698116669,4.72888069811667,51413.5,0.01087223452697295,4677467.198116669,72219.36189136244,0.015271977979931831,36.51274608828835,81.98353413595476,99.6242377019029,61.9164318355798,peritumoral,5.0,50;100;200,TCGA-55-6984-01,TCGA-55-6984,Female,Stage IIB,71,1:DECEASED,24.97,1,II,matched
TCGA-55-6985-01Z-00-DX1.428ad69e-c0ea-445e-8d38-fa2dab6eb81f,TCGA-55-6985-01,TCGA-55-6985,1,18.748441885201004,1308031.007350899,1.308031007350899,8439.78125,0.006452279191066532,1299591.2261008988,4992.78125,0.0038170205613945445,36.64992906762058,92.5176956804726,99.97816859510526,71.1277750215302,peritumoral,5.0,50;100;200,TCGA-55-6985-01,TCGA-55-6985,Female,Stage IB,58,0:LIVING,40.51,0,I,matched
TCGA-55-6986-01Z-00-DX1.ae52d41e-3cd6-4d36-b04b-2ea7d29bd8da,TCGA-55-6986-01,TCGA-55-6986,4,53.46149317236532,2729447.484545678,2.7294474845456778,236318.24396744953,0.08658098216049215,2493129.240578228,83360.39839852747,0.0305411255832984,65.15235040562213,90.00099067998177,99.94870855711814,29.854333856242715,margin-localized,5.0,50;100;200,TCGA-55-6986-01,TCGA-55-6986,Female,Stage IB,74,0:LIVING,107.13,0,I,matched
TCGA-55-7281-01Z-00-DX1.a92dafa4-3a65-4f5c-97f0-83aff231274a,TCGA-55-7281-01,TCGA-55-7281,2,18.287206963692352,1327864.8941616635,1.3278648941616635,640375.96875,0.48225988318961927,687488.9254116633,42202.0457044557,0.031781882245708146,40.88107806006282,64.04490348368685,78.18632178908452,24.375,immune-penetrated,5.0,50;100;200,TCGA-55-7281-01,TCGA-55-7281,Female,Stage IA,70,0:LIVING,28.65,0,I,matched
TCGA-55-7283-01Z-00-DX1.0f716216-0a46-404e-a4d4-5bb6d7e3f0d1,TCGA-55-7283-01,TCGA-55-7283,2,11.530619704619046,347279.1994036175,0.34727919940361746,12107.03125,0.034862529258278076,335172.1681536175,15273.040696746015,0.0439791404811299,62.066279554729164,91.11677371261062,99.76351289430846,36.89618035786361,margin-localized,5.0,50;100;200,TCGA-55-7283-01,TCGA-55-7283,Female,Stage IIIA,76,0:LIVING,20.01,0,III,matched
TCGA-55-7573-01Z-00-DX1.43a4bbd2-6a3b-4910-9356-2d750a736817,TCGA-55-7573-01,TCGA-55-7573,1,30.339391097350646,1489989.449134713,1.489989449134713,397429.25,0.26673292903570595,1092560.1991347128,9236.15625,0.006198806478370533,42.04072194729471,80.2308201276203,99.8971765862101,49.94403117490618,peritumoral,5.0,50;100;200,TCGA-55-7573-01,TCGA-55-7573,Female,Stage IA,72,0:LIVING,16,0,I,matched
TCGA-55-7574-01Z-00-DX1.09639e6a-d85f-4d84-abbc-0f5a6d679683,TCGA-55-7574-01,TCGA-55-7574,3,27.24646661235228,786440.6265663503,0.7864406265663504,8553.71875,0.010876496535213444,777886.9078163503,9559.618468051754,0.012155550139607684,63.664462128507814,92.0929578342771,99.54910804644713,36.41471199941035,margin-localized,5.0,50;100;200,TCGA-55-7574-01,TCGA-55-7574,Female,Stage IB,64,1:DECEASED,32.69,1,I,matched
TCGA-55-7725-01Z-00-DX1.4d678777-63b1-4f4a-932a-7fccabf504c7,TCGA-55-7725-01,TCGA-55-7725,2,18.339282673800497,2010487.6508576083,2.010487650857608,214768.19419601388,0.1068239310519519,1795719.4566615946,22551.03125,0.011216697222875488,45.650957254854404,92.22556077246104,99.7267944035672,52.808172899656356,peritumoral,5.0,50;100;200,TCGA-55-7725-01,TCGA-55-7725,Female,Stage IA,68,0:LIVING,14.52,0,I,matched
TCGA-55-7728-01Z-00-DX1.1d47a5fe-cab5-4d5a-a62b-16f345334d25,TCGA-55-7728-01,TCGA-55-7728,1,22.43855951419523,1345430.4612385745,1.3454304612385746,107651.12518811604,0.08001240368009412,1237779.3360504585,49610.496650533314,0.036873326477879026,60.73082642363823,94.27665902808175,99.26069897058498,44.21909231316265,margin-localized,5.0,50;100;200,TCGA-55-7728-01,TCGA-55-7728,Female,Stage IB,64,0:LIVING,23.13,0,I,matched
TCGA-55-7816-01Z-00-DX1.A58C6196-E1A0-48B3-9B77-2EDCD7A43CBA,TCGA-55-7816-01,TCGA-55-7816,16,71.9087267472995,1261295.9376888664,1.2612959376888664,25040.1875,0.01985274569732013,1236255.7501888664,100296.50370900669,0.07951861312800612,63.969257224966924,84.78543220254208,99.89680270067817,26.6695636447243,margin-localized,5.0,50;100;200,TCGA-55-7816-01,TCGA-55-7816,Female,Stage IV,49,1:DECEASED,15.37,1,IV,matched
TCGA-55-7910-01Z-00-DX1.041e15d5-4852-49f6-85d9-74b510497651,TCGA-55-7910-01,TCGA-55-7910,10,187.69556292598938,4093662.109149456,4.093662109149456,476044.25,0.11628811497070728,3617617.859149456,52656.579349167034,0.012862952032967747,48.89265067788095,82.2911271256969,95.9435040130742,45.18244266305221,peritumoral,5.0,50;100;200,TCGA-55-7910-01,TCGA-55-7910,Female,Stage IIA,50,0:LIVING,34.17,0,II,matched
TCGA-55-7911-01Z-00-DX1.081bc002-06ee-4218-a25f-26c0e6c4b333,TCGA-55-7911-01,TCGA-55-7911,5,24.689813287252004,7943360.347660367,7.943360347660367,857135.7709899126,0.10790594074488548,7086224.576670454,1338652.047941706,0.16852465321379909,74.8942605274948,94.3647895927273,99.94719119335082,24.936481808787704,margin-localized,5.0,50;100;200,TCGA-55-7911-01,TCGA-55-7911,Female,Stage IA,70,0:LIVING,17.64,0,I,matched
TCGA-55-7913-01Z-00-DX1.2295fcc5-70b0-412e-a1fd-b5366fce0739,TCGA-55-7913-01,TCGA-55-7913,8,10.02787107338896,609404.1908791417,0.6094041908791417,66304.0,0.10880135219344028,543100.1908791416,2790.78125,0.004579524216881327,19.07621777866927,91.48400816627816,98.8127953321813,66.625,peritumoral,5.0,50;100;200,TCGA-55-7913-01,TCGA-55-7913,Female,Stage IA,61,1:DECEASED,18.43,1,I,matched
TCGA-55-7914-01Z-00-DX1.875bffe1-8c56-4c29-ab11-6840ee3a643c,TCGA-55-7914-01,TCGA-55-7914,3,21.091419792869722,1411633.4547762338,1.4116334547762337,68373.84375,0.04843597572631794,1343259.6110262338,43989.697873982645,0.031162266468780814,68.0272833486239,91.78300391774486,99.47450685953983,36.106180218904356,margin-localized,5.0,50;100;200,TCGA-55-7914-01,TCGA-55-7914,Female,Stage IIA,71,1:DECEASED,6.14,1,II,matched
TCGA-55-8087-01Z-00-DX1.548f2800-8caf-4c0e-a7b5-6d3d28315d9c,TCGA-55-8087-01,TCGA-55-8087,1,49.39055314492282,1810028.195388977,1.810028195388977,542004.90625,0.2994455598154495,1268023.289138977,17977.9375,0.00993240743199391,57.4972374390814,89.92678167735865,99.9830155523262,38.836596787051256,margin-localized,5.0,50;100;200,TCGA-55-8087-01,TCGA-55-8087,Female,Stage IB,59,0:LIVING,15.18,0,I,matched
TCGA-55-8097-01Z-00-DX1.2f847b65-a5dc-41be-9dd0-a1e11df3cd10,TCGA-55-8097-01,TCGA-55-8097,2,17.11823494344232,1162166.8830372356,1.1621668830372356,190207.25,0.1636660386526483,971959.6330372354,13148.203746476885,0.011313524708357758,42.191763134569186,74.45713702551463,99.90061247664272,56.891481128548584,peritumoral,5.0,50;100;200,TCGA-55-8097-01,TCGA-55-8097,Female,Stage IA,60,0:LIVING,15.64,0,I,matched
TCGA-55-8203-01Z-00-DX1.f530d261-be19-4ff0-98d0-27b789dffb23,TCGA-55-8203-01,TCGA-55-8203,1,12.137102967108321,1370308.5778805218,1.3703085778805217,86160.19173241218,0.06287648864146901,1284148.3861481098,64672.24210858669,0.047195385880614046,77.46078886052283,97.31660732450817,100.0,34.32382554436495,margin-localized,5.0,50;100;200,TCGA-55-8203-01,TCGA-55-8203,Female,Stage IA,69,0:LIVING,17.97,0,I,matched
TCGA-55-8205-01Z-00-DX1.6df6d499-f325-409d-acb1-9e13172f2bb4,TCGA-55-8205-01,TCGA-55-8205,4,29.841892086980724,2766579.6328500398,2.7665796328500396,204128.7931448995,0.07378381258977632,2562450.839705141,111160.21138066513,0.040179653627447375,55.127245859336426,81.71994165967152,96.5814417138714,38.94612665272376,margin-localized,5.0,50;100;200,TCGA-55-8205-01,TCGA-55-8205,Female,Stage IIA,76,0:LIVING,19.68,0,II,matched
TCGA-55-8208-01Z-00-DX1.6eccb7e2-16e4-4d25-9a1e-b370e016020f,TCGA-55-8208-01,TCGA-55-8208,6,85.34627305200013,7359200.565920339,7.3592005659203386,241783.52666332113,0.03285459126946403,7117417.039257018,320949.9963484694,0.04361207354977578,49.718711911052594,92.05942320684247,99.39062841077192,50.75,peritumoral,5.0,50;100;200,TCGA-55-8208-01,TCGA-55-8208,Female,Stage IA,73,0:LIVING,22.14,0,I,matched
TCGA-55-8506-01Z-00-DX1.A908E3D2-91F7-4DE2-98C9-95D1038B9F49,TCGA-55-8506-01,TCGA-55-8506,1,36.17599153789608,1727778.1569279754,1.7277781569279753,164970.78125,0.09548146015650609,1562807.3756779754,114708.83231759677,0.06639094947325379,67.4269720449956,90.5264640854559,99.17352128265185,31.062751508036115,margin-localized,5.0,50;100;200,TCGA-55-8506-01,TCGA-55-8506,Female,Stage IIB,62,0:LIVING,0.36,0,II,matched
TCGA-55-8508-01Z-00-DX1.96B173E2-A298-4017-9AEC-113E547A3272,TCGA-55-8508-01,TCGA-55-8508,10,103.83158753415168,3381669.253250708,3.381669253250708,143814.0625,0.042527536470858406,3237855.1907507083,31044.46548904073,0.009180219342621553,44.179819411716856,82.00163665669488,99.57049119671049,55.96120307856149,peritumoral,5.0,50;100;200,TCGA-55-8508-01,TCGA-55-8508,Female,Stage IIA,60,0:LIVING,20.27,0,II,matched
TCGA-55-8513-01Z-00-DX1.E21776FE-DF49-48D1-90D6-6F71D0764492,TCGA-55-8513-01,TCGA-55-8513,3,51.68189698895665,831443.7792853031,0.8314437792853031,6094.4375,0.007329945393588355,825349.3417853033,10457.176563690615,0.012577130076888002,53.22807406531573,94.7216700953084,100.0,47.88678869218524,margin-localized,5.0,50;100;200,TCGA-55-8513-01,TCGA-55-8513,Female,Stage IIB,77,0:LIVING,25.99,0,II,matched
TCGA-55-8514-01Z-00-DX1.499CF563-B404-4061-9D1A-57954BBE2CE7,TCGA-55-8514-01,TCGA-55-8514,5,49.73370135328538,2367840.7988804504,2.3678407988804504,1004229.65625,0.4241119828346629,1363611.1426304504,57095.4484812924,0.024112874695075767,46.59770771386517,83.17594510111446,96.76316968502209,35.65568853633316,immune-penetrated,5.0,50;100;200,TCGA-55-8514-01,TCGA-55-8514,Female,Stage IB,70,0:LIVING,17.08,0,I,matched
TCGA-55-8616-01Z-00-DX1.4F53B2AB-8221-4E67-80D2-7A8E3815B730,TCGA-55-8616-01,TCGA-55-8616,9,71.67483346084082,4238045.848596053,4.2380458485960535,760927.4558043856,0.17954677296765434,3477118.392791667,14385.287513668723,0.003394320879854136,63.98924595113373,87.46708234679613,99.87199581782559,42.214252444967485,margin-localized,5.0,50;100;200,TCGA-55-8616-01,TCGA-55-8616,Female,Stage IB,58,0:LIVING,1.58,0,I,matched
TCGA-55-8619-01Z-00-DX1.46C7678A-6032-4C95-B535-85C87B92B6ED,TCGA-55-8619-01,TCGA-55-8619,6,37.884182120029024,2968451.3640038343,2.968451364003834,47383.62558070421,0.01596240590473862,2921067.7384231305,126853.82201117143,0.04273400721650078,59.57363716873573,94.35781595726426,99.94358888423025,38.71409626996348,margin-localized,5.0,50;100;200,TCGA-55-8619-01,TCGA-55-8619,Female,Stage IIB,72,0:LIVING,13.67,0,II,matched
TCGA-55-8621-01Z-00-DX1.7C519007-D59D-432A-BF4D-23D14A1C8BB6,TCGA-55-8621-01,TCGA-55-8621,3,20.369766126683132,2568827.9058445254,2.5688279058445254,85082.25,0.033121039290496354,2483745.6558445254,250885.56956453418,0.09766538622292538,62.20431034472347,90.11386447678763,99.90174752665285,34.56560790728264,margin-localized,5.0,50;100;200,TCGA-55-8621-01,TCGA-55-8621,Female,Stage IA,75,0:LIVING,16.92,0,I,matched
TCGA-55-A48X-01Z-00-DX1.A46C6373-8458-4D55-88C3-4C70A05F9F47,TCGA-55-A48X-01,TCGA-55-A48X,2,15.573525354016574,3782141.5712944316,3.7821415712944315,60356.5625,0.015958303348053433,3721785.0087944316,134890.7367724485,0.03566517387826981,60.07411193739064,95.29290104467151,99.98366599288187,45.83449335653226,margin-localized,5.0,50;100;200,TCGA-55-A48X-01,TCGA-55-A48X,Female,Stage IIA,63,0:LIVING,22.63,0,II,matched
TCGA-55-A48Z-01Z-00-DX1.0867DC6A-2A51-4CF1-AE3F-0526CE2DD740,TCGA-55-A48Z-01,TCGA-55-A48Z,7,44.137359512759154,1211352.067112243,1.211352067112243,35159.03125,0.029024618196934308,1176193.035862243,12106.64864710205,0.00999432698039905,45.74480472054511,74.92674453596112,99.82455227130156,48.749679486125856,peritumoral,5.0,50;100;200,TCGA-55-A48Z-01,TCGA-55-A48Z,Female,Stage IIIB,60,0:LIVING,21.39,0,III,matched
TCGA-55-A491-01Z-00-DX1.E5F3B4E5-18EA-4067-AE28-119DABCE739A,TCGA-55-A491-01,TCGA-55-A491,6,18.616700880214868,1363114.8102060838,1.3631148102060837,11303.589943851728,0.008292470934376236,1351811.2202622325,41749.886283463544,0.030628297756629574,56.73400814110741,98.02102692774369,100.0,49.233023723919295,margin-localized,5.0,50;100;200,TCGA-55-A491-01,TCGA-55-A491,Female,Stage IA,81,0:LIVING,20.57,0,I,matched
TCGA-55-A492-01Z-00-DX1.31B23842-7F8B-4311-88DF-C51CB4F54AED,TCGA-55-A492-01,TCGA-55-A492,4,33.29918415807024,1392072.9350791706,1.3920729350791705,56166.15625,0.04034713615548146,1335906.7788291706,175229.71163661208,0.1258768181041077,72.33327354039541,94.91055985810368,99.89372150174835,20.284307358152507,margin-localized,5.0,50;100;200,TCGA-55-A492-01,TCGA-55-A492,Female,Stage IA,70,0:LIVING,19.58,0,I,matched
TCGA-62-A46R-01Z-00-DX1.AD823FBA-A63F-4D36-8B84-2C995DE5FC47,TCGA-62-A46R-01,TCGA-62-A46R,8,137.88937627412196,17851630.180914544,17.851630180914544,1245234.9163634907,0.06975468927732946,16606395.264551053,645463.2207324442,0.03615710241535919,54.10656137457776,88.82141270053692,99.58940470236993,45.87772471472403,margin-localized,5.0,50;100;200,TCGA-62-A46R-01,TCGA-62-A46R,Female,Stage IB,54,1:DECEASED,56.67,1,I,matched
TCGA-62-A46U-01Z-00-DX1.5129535F-8B6A-4647-8A88-3EE125642874,TCGA-62-A46U-01,TCGA-62-A46U,7,175.9370310887362,33144506.451224647,33.14450645122465,4830242.014236541,0.14573280858306673,28314264.436988108,2840718.910330518,0.08570708133822753,76.09153305568843,89.1510722948912,95.71461044128017,23.375,margin-localized,5.0,50;100;200,TCGA-62-A46U-01,TCGA-62-A46U,Female,Stage IIB,71,0:LIVING,67.9,0,II,matched
TCGA-62-A46V-01Z-00-DX1.631E54D0-9E57-4932-B4EF-81820E56A95B,TCGA-62-A46V-01,TCGA-62-A46V,7,177.2990683508239,5989764.542682578,5.989764542682578,678274.1722649774,0.11323887064869587,5311490.3704176005,981672.9404584013,0.1638917412300733,90.24300662466113,95.72000847822099,98.97409782033803,12.17146380884403,margin-localized,5.0,50;100;200,TCGA-62-A46V-01,TCGA-62-A46V,Female,Stage IB,78,0:LIVING,72.24,0,I,matched
TCGA-64-1681-01Z-00-DX1.fb0244f6-51a8-4da2-b45c-38d8e02edab7,TCGA-64-1681-01,TCGA-64-1681,1,20.258028967854088,281508.26207624027,0.28150826207624025,387.0,0.0013747376263336442,281121.26207624027,6564.889479942909,0.02332041493746622,31.10720502747476,91.68830757151309,100.0,60.12188141600361,peritumoral,5.0,50;100;200,TCGA-64-1681-01,TCGA-64-1681,Female,Stage IA,61,1:DECEASED,38.34,1,I,matched
TCGA-64-5781-01Z-00-DX1.81474D4D-6B48-473F-BAA9-ABD75C9223C3,TCGA-64-5781-01,TCGA-64-5781,3,57.45295968026317,9827542.060196541,9.82754206019654,1266166.4236848895,0.12883856572978813,8561375.636511652,686746.2767494506,0.06987975961262041,85.9565905799519,99.67707026655474,100.0,27.436859331927916,margin-localized,5.0,50;100;200,TCGA-64-5781-01,TCGA-64-5781,Female,Stage IB,55,0:LIVING,51.22,0,I,matched
TCGA-67-3770-01Z-00-DX1.4C14BE72-905C-4AAE-B07A-6437D98A23FA,TCGA-67-3770-01,TCGA-67-3770,2,68.46921463750218,2692284.276416581,2.692284276416581,808163.8107264303,0.3001777404435511,1884120.4656901509,180296.92971502288,0.06696801347998708,68.44852868115852,95.6238799669417,99.21217689804173,26.293119347083945,margin-localized,5.0,50;100;200,TCGA-67-3770-01,TCGA-67-3770,Female,Stage IA,70,0:LIVING,20.04,0,I,matched
TCGA-67-3772-01Z-00-DX1.CB05C5CC-2801-4BB9-94A0-83E9005BCA2E,TCGA-67-3772-01,TCGA-67-3772,8,94.05004915353017,2100093.0847407565,2.1000930847407564,233686.98815358095,0.11127458580362316,1866406.0965871755,45339.49359685024,0.021589278078331997,55.95981168382556,88.60592515886157,99.98715003221137,45.23307694596953,margin-localized,5.0,50;100;200,TCGA-67-3772-01,TCGA-67-3772,Female,Stage IB,82,0:LIVING,18.82,0,I,matched
TCGA-67-3773-01Z-00-DX1.3E9DFC22-E962-4C18-BF5B-27EBEA089F5D,TCGA-67-3773-01,TCGA-67-3773,3,47.51884159894048,465841.7719283256,0.4658417719283256,21089.9375,0.04527274875479586,444751.8344283256,18034.527430614347,0.038713847742681905,86.93241925102642,98.68588763683206,100.0,29.433452481827544,margin-localized,5.0,50;100;200,TCGA-67-3773-01,TCGA-67-3773,Female,Stage IB,84,0:LIVING,14.03,0,I,matched
TCGA-67-3774-01Z-00-DX1.FE85FDCB-91D2-47C5-8D13-D622A51A7BE0,TCGA-67-3774-01,TCGA-67-3774,2,28.842061008375012,1386049.1128876912,1.3860491128876913,46556.78125,0.03358956101707227,1339492.3316376912,96329.88598807942,0.06949961952458233,79.13214703815576,98.94938251227023,99.99999098156054,24.761676538554493,margin-localized,5.0,50;100;200,TCGA-67-3774-01,TCGA-67-3774,Female,Stage IB,73,0:LIVING,12.65,0,I,matched
TCGA-67-6215-01Z-00-DX1.c014ffaf-6db8-42ef-a50c-9de98d6a5345,TCGA-67-6215-01,TCGA-67-6215,2,81.26760847673458,2327689.6171629,2.3276896171629002,26342.5,0.011317015724848877,2301347.1171629,85467.71875,0.03671783304776354,68.29834668766144,95.23706287121144,99.48893054675183,38.09630067342497,margin-localized,5.0,50;100;200,TCGA-67-6215-01,TCGA-67-6215,Female,Stage IB,52,0:LIVING,5.72,0,I,matched
TCGA-67-6216-01Z-00-DX1.04da6a64-bd3a-48ed-bc99-d651e00a1aa4,TCGA-67-6216-01,TCGA-67-6216,3,75.86357049942973,7374050.47409986,7.374050474099859,684993.15625,0.09289238779364556,6689057.31784986,402755.7004853923,0.054617974463289275,68.92650093546388,92.17268162857613,99.27986067241447,27.812148874188058,margin-localized,5.0,50;100;200,TCGA-67-6216-01,TCGA-67-6216,Female,Stage IA,57,0:LIVING,4.63,0,I,matched
TCGA-67-6217-01Z-00-DX1.3fa5c69b-60d1-41fb-a86f-48f77d81285f,TCGA-67-6217-01,TCGA-67-6217,5,127.58085640044465,16157782.880712723,16.157782880712723,2592978.0466299625,0.16047857962772585,13564804.83408276,412231.44709636655,0.02551287204065852,56.16213015486564,94.64238234469211,99.8114896376514,45.375,margin-localized,5.0,50;100;200,TCGA-67-6217-01,TCGA-67-6217,Female,Stage IIA,73,0:LIVING,13.86,0,II,matched
TCGA-69-7973-01Z-00-DX1.aefb015a-cb51-425f-a80f-cd51091a0ee3,TCGA-69-7973-01,TCGA-69-7973,3,85.95263626195138,2312003.735949968,2.312003735949968,107254.125,0.0463901175124749,2204749.610949968,37728.146578435815,0.016318376130535914,51.09225866680139,88.28587472370558,99.48071829152703,46.65096462025196,margin-localized,5.0,50;100;200,TCGA-69-7973-01,TCGA-69-7973,Female,Stage IB,42,0:LIVING,7.56,0,I,matched
TCGA-69-7979-01Z-00-DX1.c9bc265d-4889-4333-9852-b8b535887f1e,TCGA-69-7979-01,TCGA-69-7979,18,128.3525503970683,2264836.224422132,2.2648362244221323,127442.69316100699,0.056270158427691036,2137393.531261125,82485.67331580988,0.03642014924803488,59.35693723540398,87.90481425627104,99.90772373615964,41.2632554459776,margin-localized,5.0,50;100;200,TCGA-69-7979-01,TCGA-69-7979,Female,Stage IB,71,0:LIVING,13.4,0,I,matched
TCGA-69-7980-01Z-00-DX1.8bbf8cc0-eca7-49e5-a022-c22e3e6ed6dc,TCGA-69-7980-01,TCGA-69-7980,12,56.81134919020537,2885176.787889855,2.885176787889855,51625.17667593347,0.01789324553442384,2833551.6112139216,162073.6134315051,0.056174586636003554,56.68904357115613,74.70987097783394,99.948726008634,32.935780315638496,margin-localized,5.0,50;100;200,TCGA-69-7980-01,TCGA-69-7980,Female,Stage I,70,0:LIVING,13.5,0,I,matched
TCGA-69-8253-01Z-00-DX1.631c741f-46bd-4d4b-8f6c-64787fb4c402,TCGA-69-8253-01,TCGA-69-8253,3,86.29277423906782,7038124.001139831,7.038124001139831,218173.7796597351,0.03099885418676932,6819950.221480096,370293.9413073493,0.05261259125974192,73.40488174364776,97.15136929168533,99.83924223734046,28.953087054751173,margin-localized,5.0,50;100;200,TCGA-69-8253-01,TCGA-69-8253,Female,Stage IIA,59,0:LIVING,13.99,0,II,matched
TCGA-71-6725-01Z-00-DX1.b9e1d4aa-439d-481f-b24b-134c4e470f28,TCGA-71-6725-01,TCGA-71-6725,7,190.53506849213846,4503485.258857158,4.503485258857158,647764.5135038749,0.14383626819470416,3855720.745353283,582254.1730568963,0.12928968112236122,77.21911833873212,92.85007065058045,97.17113423429832,20.82554020907981,margin-localized,5.0,50;100;200,TCGA-71-6725-01,TCGA-71-6725,Female,Stage IB,48,0:LIVING,8.41,0,I,matched
TCGA-71-8520-01Z-00-DX1.EAE99132-A397-4B4D-8B09-CBB774A7B62F,TCGA-71-8520-01,TCGA-71-8520,2,177.2109302115125,3160062.9106729473,3.160062910672947,688688.7086299456,0.21793512600775622,2471374.2020430015,79176.76038738861,0.025055438016747464,47.019164282538725,81.5842057131253,93.17980288236767,44.7145460113373,peritumoral,5.0,50;100;200,TCGA-71-8520-01,TCGA-71-8520,Female,Stage IB,60,1:DECEASED,6.9,1,I,matched
TCGA-73-4658-01Z-00-DX1.d5beb44f-9d76-485a-8af4-407b0f1a610e,TCGA-73-4658-01,TCGA-73-4658,15,111.7900671957687,3245863.893553437,3.2458638935534374,181131.65988065564,0.0558038370741295,3064732.233672782,227201.78615008696,0.06999732385616325,71.46644950623485,86.53229319133726,98.00581014839199,26.72172863513886,margin-localized,5.0,50;100;200,TCGA-73-4658-01,TCGA-73-4658,Female,Stage IB,80,1:DECEASED,52.56,1,I,matched
TCGA-73-4662-01Z-00-DX1.76e23a15-0917-44ad-9181-50100d318003,TCGA-73-4662-01,TCGA-73-4662,2,72.1667538683465,5475190.753754741,5.475190753754741,434678.125,0.0793904988062579,5040512.628754741,86937.47656504462,0.015878437934865593,58.67325550532344,93.47147145645226,99.44731360204874,42.72184745537112,margin-localized,5.0,50;100;200,TCGA-73-4662-01,TCGA-73-4662,Female,Stage IA,65,0:LIVING,82.62,0,I,matched
TCGA-73-7498-01Z-00-DX1.5313bba9-7f6a-49b4-8d6e-a0f46a04f189,TCGA-73-7498-01,TCGA-73-7498,5,45.47456240417924,2218458.5336445076,2.2184585336445077,236932.3125,0.10680042421652346,1981526.2211445074,114920.02913489018,0.05180174765137409,56.89782663195015,81.46148262049849,97.76155805948648,40.25252321283723,margin-localized,5.0,50;100;200,TCGA-73-7498-01,TCGA-73-7498,Female,Stage IA,58,0:LIVING,39.06,0,I,matched
TCGA-75-5147-01Z-00-DX1.3156FA5C-9737-4EAA-989C-FD578FBF15A1,TCGA-75-5147-01,TCGA-75-5147,1,11.446199916696564,532962.1654502685,0.5329621654502685,201578.84375,0.378223552847692,331383.32170026854,16408.9375,0.0307881845348948,95.49144673172178,99.6862138450691,100.0,21.019336335859894,immune-penetrated,5.0,50;100;200,TCGA-75-5147-01,TCGA-75-5147,Female,Stage IB,,0:LIVING,43.79,0,I,matched
TCGA-75-6212-01Z-00-DX1.FCB36956-DF6C-485D-8E7A-922A2BDAE669,TCGA-75-6212-01,TCGA-75-6212,2,32.13175625881472,2851946.2550860643,2.851946255086064,309530.59375,0.10853310899460102,2542415.6613360643,149078.25147144817,0.0522724617287535,87.78451443920557,98.1758159044119,99.39102770716568,25.01124746988842,margin-localized,5.0,50;100;200,TCGA-75-6212-01,TCGA-75-6212,Female,Stage IIB,,1:DECEASED,49.8,1,II,matched
TCGA-78-7145-01Z-00-DX1.ecde66bf-2de8-4e31-b3ab-4fed4f055dda,TCGA-78-7145-01,TCGA-78-7145,9,148.81866725980433,5679896.95478302,5.67989695478302,1846572.1862922292,0.32510663503098197,3833324.7684907904,324134.61148066155,0.05706698802127194,59.680047105057824,75.12134998860117,83.21221046373046,22.02528731367652,immune-penetrated,5.0,50;100;200,TCGA-78-7145-01,TCGA-78-7145,Female,Stage IV,52,1:DECEASED,27.14,1,IV,matched
TCGA-78-7146-01Z-00-DX1.830209b2-94c5-4277-a7b6-b2f2634de0dc,TCGA-78-7146-01,TCGA-78-7146,2,127.73070654467809,1900538.5155081414,1.9005385155081413,186146.3125,0.09794398323478891,1714392.203008141,79888.22669706971,0.04203452129235604,69.7795279953169,89.71007811193374,96.99544727848617,26.75262837554471,margin-localized,5.0,50;100;200,TCGA-78-7146-01,TCGA-78-7146,Female,Stage IIIA,71,1:DECEASED,5.68,1,III,matched
TCGA-78-7147-01Z-00-DX1.a9fd2c5d-b8f3-4524-bd64-6c3362ce373b,TCGA-78-7147-01,TCGA-78-7147,12,224.50114150636279,13207947.178833866,13.207947178833866,1426021.9284409678,0.10796696179450285,11781925.2503929,85149.85928099278,0.006446865521800995,53.331500307067216,90.17148406713166,99.18109519243863,46.9349616490735,margin-localized,5.0,50;100;200,TCGA-78-7147-01,TCGA-78-7147,Female,Stage IIB,67,1:DECEASED,19.25,1,II,matched
TCGA-78-7153-01Z-00-DX1.5190321a-f1aa-4c6e-b4b9-6767b779682b,TCGA-78-7153-01,TCGA-78-7153,5,352.49640570677303,9615075.718016997,9.615075718016996,2804288.61949371,0.29165538595176693,6810787.098523287,46134.56900313299,0.004798149318437997,22.77596949209386,68.49395685507038,95.18941303133052,72.875,peritumoral,5.0,50;100;200,TCGA-78-7153-01,TCGA-78-7153,Female,Stage IB,65,0:LIVING,119.42,0,I,matched
TCGA-78-7158-01Z-00-DX1.74db3dcd-2715-4ce7-8e48-30c8b7946ba0,TCGA-78-7158-01,TCGA-78-7158,7,256.46001154882555,2642004.482259117,2.642004482259117,319364.03125,0.12087944339023951,2322640.451009117,60316.64522330843,0.022829879974970012,40.72975220649755,74.25076570243483,98.0444162482763,61.27002223763265,peritumoral,5.0,50;100;200,TCGA-78-7158-01,TCGA-78-7158,Female,Stage IIIB,59,1:DECEASED,5.88,1,III,matched
TCGA-78-7159-01Z-00-DX1.399d865f-f4f9-4602-b15b-908be0afe459,TCGA-78-7159-01,TCGA-78-7159,4,166.35205550815934,2018034.3411702542,2.0180343411702544,293964.7182677655,0.14566883836936884,1724069.6229024888,21033.464523996237,0.010422748560264327,31.888432676911847,61.37978046472101,89.87190271015436,72.0375336196347,peritumoral,5.0,50;100;200,TCGA-78-7159-01,TCGA-78-7159,Female,Stage IA,60,0:LIVING,64.85,0,I,matched
TCGA-78-7161-01Z-00-DX1.646cf15a-5961-4728-b9fe-fe3fff11831f,TCGA-78-7161-01,TCGA-78-7161,10,161.99205735242242,519053.11176054575,0.5190531117605458,67190.10716459717,0.12944746046642316,451863.0045959485,47763.69063378328,0.09202081550340084,68.19190755090914,91.86036751612787,99.22901449777603,26.221189546814994,margin-localized,5.0,50;100;200,TCGA-78-7161-01,TCGA-78-7161,Female,Stage IIB,69,1:DECEASED,9.56,1,II,matched
TCGA-78-7539-01Z-00-DX1.b838d859-2fb7-48d1-a442-d366ac404099,TCGA-78-7539-01,TCGA-78-7539,13,129.53307747040367,3762332.860163216,3.762332860163216,513898.22797866166,0.13659031432863916,3248434.6321845544,120511.26920525794,0.032030996109161367,46.935491064579224,79.27201063914387,94.13524991815261,48.37499999999999,peritumoral,5.0,50;100;200,TCGA-78-7539-01,TCGA-78-7539,Female,Stage IIA,75,0:LIVING,25.99,0,II,matched
TCGA-78-7540-01Z-00-DX1.25c29857-0d5f-4e52-be0c-32c6686b653f,TCGA-78-7540-01,TCGA-78-7540,6,67.12565941428248,2430433.0335127194,2.4304330335127196,79425.34375,0.03267950305761195,2351007.68976272,113433.7841145991,0.04667225245480332,64.5163028754667,95.66923498631255,99.99281877087148,43.687321172738436,margin-localized,5.0,50;100;200,TCGA-78-7540-01,TCGA-78-7540,Female,Stage IB,66,1:DECEASED,39.32,1,I,matched
TCGA-78-8648-01Z-00-DX1.D3EAEF8E-E739-490F-BF48-A4796B0C0E7A,TCGA-78-8648-01,TCGA-78-8648,9,181.22641275534207,1507306.478437052,1.507306478437052,11919.71875,0.00790795960909007,1495386.7596870519,20308.1875,0.013473164078122886,44.43326318455992,71.86145132114754,98.59550598701016,57.235976721376915,peritumoral,5.0,50;100;200,TCGA-78-8648-01,TCGA-78-8648,Female,Stage IIB,58,1:DECEASED,39.72,1,II,matched
TCGA-78-8655-01Z-00-DX1.DC81D146-A4A6-411E-A5DC-C0689A8D445F,TCGA-78-8655-01,TCGA-78-8655,16,253.18985018376165,10243114.74601655,10.24311474601655,348115.09938171913,0.033985277722003236,9894999.64663483,297950.97974480764,0.02908792756233429,45.498560106908144,81.35054589773777,99.37635439509818,51.20790954530364,peritumoral,5.0,50;100;200,TCGA-78-8655-01,TCGA-78-8655,Female,Stage IA,77,0:LIVING,77.53,0,I,matched
TCGA-78-8662-01Z-00-DX1.754A4C57-B5FA-4077-99E4-F6EFA6459410,TCGA-78-8662-01,TCGA-78-8662,8,171.78861573029428,8588851.450724728,8.588851450724729,889008.75,0.10350729141147101,7699842.700724728,59936.649410131155,0.0069784242694142405,39.65807468954,82.71170112416323,95.75060048330667,58.991789682971984,peritumoral,5.0,50;100;200,TCGA-78-8662-01,TCGA-78-8662,Female,Stage IB,53,1:DECEASED,110.41,1,I,matched
TCGA-80-5608-01Z-00-DX1.CB85BA53-AF00-4C7D-8489-C2FF0F4F49AB,TCGA-80-5608-01,TCGA-80-5608,2,11.203540739366435,266835.9351739085,0.26683593517390847,19296.8125,0.0723171430692925,247539.12267390848,13863.663054872133,0.05195575718029353,83.96203095473251,97.97501974519346,99.25521884872633,25.70323423229069,margin-localized,5.0,50;100;200,TCGA-80-5608-01,TCGA-80-5608,Female,Stage IA,,0:LIVING,93.04,0,I,matched
TCGA-86-7714-01Z-00-DX1.8ee03c3b-013e-4dd5-aa0e-9c1a771cbdc5,TCGA-86-7714-01,TCGA-86-7714,5,140.89043053891103,4439833.899271395,4.439833899271395,2439867.9098189296,0.5495403578542268,1999965.9894524647,61090.586659487395,0.013759655889269359,37.01990443808083,51.92597158415928,61.23052986998972,30.14237051062839,immune-penetrated,5.0,50;100;200,TCGA-86-7714-01,TCGA-86-7714,Female,Stage IIIA,61,1:DECEASED,20.53,1,III,matched
TCGA-86-7953-01Z-00-DX1.847865ce-df59-4677-bac2-ee88a258fe4e,TCGA-86-7953-01,TCGA-86-7953,25,25.98475588487626,1335952.0789796854,1.3359520789796855,34984.75,0.02618712942661769,1300967.3289796854,27837.932624510388,0.020837523338240706,53.611162465761275,97.3227305521886,99.99797195195649,44.972561078951244,margin-localized,5.0,50;100;200,TCGA-86-7953-01,TCGA-86-7953,Female,Stage IA,69,0:LIVING,32.75,0,I,matched
TCGA-86-7954-01Z-00-DX1.0a063ee6-18b7-4b66-9726-04fb452156cb,TCGA-86-7954-01,TCGA-86-7954,9,12.757496038792482,679109.523313436,0.679109523313436,17934.84375,0.026409353917604184,661174.679563436,9139.28125,0.013457742729639,71.3098874149166,94.75739305643913,99.83826892499742,33.76434880165765,margin-localized,5.0,50;100;200,TCGA-86-7954-01,TCGA-86-7954,Female,Stage IB,68,0:LIVING,19.88,0,I,matched
TCGA-86-8074-01Z-00-DX1.0c34b434-8701-4060-a4ea-08a72371ee1e,TCGA-86-8074-01,TCGA-86-8074,13,19.12858625949232,1084786.4093369727,1.0847864093369728,11417.4375,0.010525055809814578,1073368.9718369727,18336.163835113908,0.01690301766070343,53.435094367390775,78.044917445422,99.46057839354575,47.4920220081668,margin-localized,5.0,50;100;200,TCGA-86-8074-01,TCGA-86-8074,Female,Stage IIA,62,0:LIVING,0.79,0,II,matched
TCGA-86-8075-01Z-00-DX1.171bd8bd-af24-4770-b24b-732e675efd75,TCGA-86-8075-01,TCGA-86-8075,6,24.859525402685353,2179744.0880750665,2.1797440880750663,28551.40625,0.013098512988840707,2151192.6818250665,55007.56263584297,0.025235789346454974,56.66194328140814,91.81203010695954,99.50960566741752,38.879069320779784,margin-localized,5.0,50;100;200,TCGA-86-8075-01,TCGA-86-8075,Female,Stage IB,66,1:DECEASED,22.8,1,I,matched
TCGA-86-8278-01Z-00-DX1.6500afef-f0f0-4e7c-a6c0-60da81993641,TCGA-86-8278-01,TCGA-86-8278,3,173.85883624950418,3705796.5418005083,3.7057965418005083,855966.2829909913,0.23098037718366188,2849830.258809517,133464.195351239,0.03601498189277108,60.038067048383446,87.83620363981551,98.07367398365565,37.344103031804096,margin-localized,5.0,50;100;200,TCGA-86-8278-01,TCGA-86-8278,Female,Stage IIB,63,0:LIVING,31.01,0,II,matched
TCGA-86-8280-01Z-00-DX1.52627b97-1cfa-4382-819b-949b58c0f995,TCGA-86-8280-01,TCGA-86-8280,19,182.16534612430846,6170080.2998206755,6.170080299820675,235220.43944177165,0.038122751732843414,5934859.860378904,145881.32247934793,0.02364334261315655,44.679717570926485,82.78922706657093,99.50085881220583,52.603952144777104,peritumoral,5.0,50;100;200,TCGA-86-8280-01,TCGA-86-8280,Female,Stage IIA,54,0:LIVING,23.03,0,II,matched
TCGA-86-8668-01Z-00-DX1.d720d486-02c7-4f98-8feb-e0e50a12c158,TCGA-86-8668-01,TCGA-86-8668,3,152.58226362778643,11170287.821420893,11.170287821420892,5166524.057766268,0.46252380783408237,6003763.763654623,504894.1147902087,0.04519974085376653,47.45113194344246,68.82908845233584,75.96166209167971,35.09034099649076,immune-penetrated,5.0,50;100;200,TCGA-86-8668-01,TCGA-86-8668,Female,Stage IA,61,0:LIVING,13.9,0,I,matched
TCGA-86-8671-01Z-00-DX1.1fd0019c-df9d-48cc-9055-8de57759f273,TCGA-86-8671-01,TCGA-86-8671,4,7.647851681522546,924161.5907068698,0.9241615907068699,4561.8125,0.004936163270441455,919599.7782068697,1536.9340607360875,0.001663057712191352,3.7782328324574226,61.56374834333972,96.49129879547901,93.49124583667988,peritumoral,5.0,50;100;200,TCGA-86-8671-01,TCGA-86-8671,Female,Stage IIB,72,0:LIVING,27.56,0,II,matched
TCGA-86-A456-01Z-00-DX1.5C7CBF9B-0AE3-4776-9434-296AA0C605CC,TCGA-86-A456-01,TCGA-86-A456,2,72.88507889979772,8724267.435973888,8.724267435973887,2006693.8792866766,0.23001288005136328,6717573.556687213,340408.03610280296,0.0390185237443725,61.27534974055552,88.39713007287875,94.8366425239025,35.532115754624016,margin-localized,5.0,50;100;200,TCGA-86-A456-01,TCGA-86-A456,Female,Stage IA,78,0:LIVING,29.43,0,I,matched
TCGA-86-A4P7-01Z-00-DX1.37026DCF-5A81-4098-B444-C8A40CA168D0,TCGA-86-A4P7-01,TCGA-86-A4P7,4,47.61965519978954,3704102.2674394725,3.7041022674394726,140069.3313209815,0.03781465013864397,3564032.936118491,118040.85965300859,0.03186760276319435,58.7932979727816,92.2136203637638,98.83174560054414,42.570713231046525,margin-localized,5.0,50;100;200,TCGA-86-A4P7-01,TCGA-86-A4P7,Female,Stage IB,63,0:LIVING,13.63,0,I,matched
TCGA-86-A4P8-01Z-00-DX1.D65E8855-F7A1-4584-A501-BBFBC61C2DEB,TCGA-86-A4P8-01,TCGA-86-A4P8,3,54.94675929362587,2367653.9824184957,2.3676539824184957,398907.5512406415,0.16848219976517348,1968746.431177854,195213.73466808267,0.0824502803693794,70.10861247252802,89.17140641004893,96.8728657652201,26.632334670471533,margin-localized,5.0,50;100;200,TCGA-86-A4P8-01,TCGA-86-A4P8,Female,Stage IIIA,59,0:LIVING,26.45,0,III,matched
TCGA-93-7347-01Z-00-DX1.a22b7163-07bd-4f6a-97c7-f1561c4d73cb,TCGA-93-7347-01,TCGA-93-7347,8,53.26564963635546,8619914.227516603,8.619914227516603,1664663.0821290398,0.19311828844132586,6955251.145387563,1655515.912391984,0.19205712130025893,65.2582875022203,89.03511230162297,99.63841164245189,40.26183832116959,immune-penetrated,5.0,50;100;200,TCGA-93-7347-01,TCGA-93-7347,Female,Stage IA,76,0:LIVING,22.44,0,I,matched
TCGA-95-7043-01Z-00-DX1.AE0FD8AA-9B88-45FE-B247-402BED1285EF,TCGA-95-7043-01,TCGA-95-7043,4,54.24083717425415,599755.1867771398,0.5997551867771398,20926.03125,0.03489095502858203,578829.1555271398,77339.75845659604,0.12895221277233299,78.36366656576203,97.15800783438513,99.55537399277178,20.2256798402427,margin-localized,5.0,50;100;200,TCGA-95-7043-01,TCGA-95-7043,Female,Stage IA,63,1:DECEASED,16.52,1,I,matched
TCGA-95-A4VK-01Z-00-DX1.D09778E0-285E-4593-84C8-B6009DDF4E41,TCGA-95-A4VK-01,TCGA-95-A4VK,20,192.54236292073097,5205590.180172632,5.205590180172632,1486248.242394668,0.28551003650951634,3719341.937777964,238719.98988227724,0.04585839100272019,54.43723758482994,80.86945669880447,97.67823331904657,31.49336487658948,margin-localized,5.0,50;100;200,TCGA-95-A4VK-01,TCGA-95-A4VK,Female,Stage IIIA,74,0:LIVING,21.39,0,III,matched
TCGA-95-A4VN-01Z-00-DX1.B997A80F-C396-40AB-808A-B70EB83A2B74,TCGA-95-A4VN-01,TCGA-95-A4VN,11,232.14554830727545,31268006.1677574,31.2680061677574,6467763.57136574,0.20684924829121654,24800242.596391656,1015185.3107429517,0.03246722241566459,50.6802496851769,84.88421309434557,92.90272870258725,39.914165718451386,margin-localized,5.0,50;100;200,TCGA-95-A4VN-01,TCGA-95-A4VN,Female,Stage IIA,62,0:LIVING,18.17,0,II,matched
TCGA-95-A4VP-01Z-00-DX1.1B145AC0-2471-4974-BBB6-C88BDF0BE8BD,TCGA-95-A4VP-01,TCGA-95-A4VP,18,243.17108790361382,16841048.477631904,16.841048477631904,1296646.5025062836,0.0769932171520363,15544401.975125618,107233.21419342702,0.006367371623913618,25.258991492935827,68.48001062310917,93.01970399490952,74.76065977504479,peritumoral,5.0,50;100;200,TCGA-95-A4VP-01,TCGA-95-A4VP,Female,Stage IIIA,66,0:LIVING,19.88,0,III,matched
TCGA-97-7546-01Z-00-DX1.dad9871f-cdfb-424d-a5b2-4e0905c29137,TCGA-97-7546-01,TCGA-97-7546,7,48.92197808423817,1218993.004441056,1.218993004441056,8515.9375,0.006986042962490016,1210477.066941056,53475.38979043839,0.04386849604190996,67.08164247508418,94.97980223509333,99.93258267299271,34.81241053815927,margin-localized,5.0,50;100;200,TCGA-97-7546-01,TCGA-97-7546,Female,Stage IA,76,0:LIVING,42.21,0,I,matched
TCGA-97-7547-01Z-00-DX1.3563966f-21ee-4405-9106-9e0bf8df9f1a,TCGA-97-7547-01,TCGA-97-7547,9,147.84477377991342,13757552.088065939,13.757552088065939,818376.2218486429,0.059485598645019684,12939175.866217298,135279.83166697132,0.009833132435262269,45.9516151700001,87.75578249038458,98.91597073740182,63.068570074562494,peritumoral,5.0,50;100;200,TCGA-97-7547-01,TCGA-97-7547,Female,Stage IB,67,0:LIVING,64.55,0,I,matched
TCGA-97-7553-01Z-00-DX1.e31eec5e-0053-407a-b057-9b87555b122d,TCGA-97-7553-01,TCGA-97-7553,4,16.01904206559816,4338264.2211539075,4.338264221153907,70785.1875,0.016316476796144126,4267479.0336539075,154302.1778330898,0.035567722473124966,54.94995517892066,98.74776883309795,99.99761979728164,45.325558463189395,margin-localized,5.0,50;100;200,TCGA-97-7553-01,TCGA-97-7553,Female,Stage IA,58,0:LIVING,61.43,0,I,matched
TCGA-97-7554-01Z-00-DX1.4107ca63-4642-42b9-b6f2-13778ecaf9a7,TCGA-97-7554-01,TCGA-97-7554,3,327.60024118253097,21379579.693169862,21.379579693169863,8837900.24845998,0.413380448787935,12541679.444709878,1529235.5604936867,0.07152785894019384,58.242430883755084,77.78656699634764,86.09999166865259,25.86654451216861,immune-penetrated,5.0,50;100;200,TCGA-97-7554-01,TCGA-97-7554,Female,Stage IIIA,83,0:LIVING,25.46,0,III,matched
TCGA-97-7941-01Z-00-DX1.6845ef95-2231-44a2-aeae-004a117f1964,TCGA-97-7941-01,TCGA-97-7941,12,158.9444693752453,4441937.355079043,4.441937355079043,455724.15896994254,0.10259580956243204,3986213.1961091002,76614.77490057424,0.01724805389544061,49.88519192734831,89.08393234954632,98.12134348122454,45.3405516618402,margin-localized,5.0,50;100;200,TCGA-97-7941-01,TCGA-97-7941,Female,Stage IA,72,0:LIVING,15.9,0,I,matched
TCGA-97-8177-01Z-00-DX1.4c2ddf48-40d3-4fa0-8b5f-0485e8270ac7,TCGA-97-8177-01,TCGA-97-8177,10,330.1649740265871,23587218.454682786,23.587218454682787,6866966.256325237,0.2911308202583732,16720252.198357552,622563.3342180008,0.026394097100262488,60.62406720739055,85.84437838168446,93.32648371567993,32.38658094025981,margin-localized,5.0,50;100;200,TCGA-97-8177-01,TCGA-97-8177,Female,Stage IB,59,0:LIVING,16.39,0,I,matched
TCGA-97-8552-01Z-00-DX1.69631717-0E05-49C1-B112-15C2E36BC2F8,TCGA-97-8552-01,TCGA-97-8552,2,99.57421226296304,9497541.819263928,9.497541819263928,506093.7566874567,0.053286815295821424,8991448.06257647,462534.53358638287,0.048700447167099696,72.53735530718141,96.24190927486441,99.98017321589893,28.118610385294648,margin-localized,5.0,50;100;200,TCGA-97-8552-01,TCGA-97-8552,Female,Stage I,55,0:LIVING,20.57,0,I,matched
TCGA-97-A4M0-01Z-00-DX1.BDDFB04C-2475-485A-9A85-C4B9EB15155E,TCGA-97-A4M0-01,TCGA-97-A4M0,6,37.310259803172244,1605810.5575935554,1.6058105575935555,66990.15625,0.04171734700162296,1538820.4013435554,78213.15166169664,0.04870633792500763,56.273059589975404,86.57046569378328,99.64636216439484,44.10215414239989,margin-localized,5.0,50;100;200,TCGA-97-A4M0-01,TCGA-97-A4M0,Female,Stage IB,60,0:LIVING,21.42,0,I,matched
TCGA-97-A4M1-01Z-00-DX1.1C4B8247-BA3F-4841-BC9D-554F03F7894C,TCGA-97-A4M1-01,TCGA-97-A4M1,2,137.53512217161867,3185406.31382861,3.1854063138286097,579676.8125,0.1819789236881601,2605729.50132861,58663.73560175326,0.018416405890538976,77.72357179605936,98.95090395373771,100.0,32.880940527910695,margin-localized,5.0,50;100;200,TCGA-97-A4M1-01,TCGA-97-A4M1,Female,Stage IA,52,0:LIVING,19.74,0,I,matched
TCGA-97-A4M3-01Z-00-DX1.16330A66-2501-48D2-AF6A-713698BF6918,TCGA-97-A4M3-01,TCGA-97-A4M3,5,150.25096690413187,3852340.9406940066,3.8523409406940066,741443.375,0.19246566864521278,3110897.565694006,47294.88922824327,0.012276921995310988,69.11094432697404,88.1906502845476,98.07067179483514,36.053129198448225,margin-localized,5.0,50;100;200,TCGA-97-A4M3-01,TCGA-97-A4M3,Female,Stage IA,69,0:LIVING,17.74,0,I,matched
TCGA-97-A4M6-01Z-00-DX1.01D83621-3D8E-4339-9F9B-CBD3083D5AE0,TCGA-97-A4M6-01,TCGA-97-A4M6,9,84.86608067463396,2582691.512596912,2.582691512596912,148877.14256088834,0.05764418314566398,2433814.3700360237,182081.6895752535,0.07050075035565097,72.5247505135316,93.17750650922468,99.91750228181358,30.99880290027342,margin-localized,5.0,50;100;200,TCGA-97-A4M6-01,TCGA-97-A4M6,Female,Stage IA,45,0:LIVING,18.66,0,I,matched
TCGA-99-7458-01Z-00-DX1.10ea0b2c-c763-40d1-83a4-3d4ae957fdb0,TCGA-99-7458-01,TCGA-99-7458,2,7.684610974890038,267426.22431390936,0.2674262243139094,2509.21875,0.00938284476938446,264917.00556390936,18792.34375,0.07027113290109213,86.12191768682571,99.32305608951135,100.0,23.817010727629107,margin-localized,5.0,50;100;200,TCGA-99-7458-01,TCGA-99-7458,Female,Stage IIIA,74,0:LIVING,24.54,0,III,matched
TCGA-99-8025-01Z-00-DX1.76d4e012-91a7-4f1d-ba0f-4cecd812ec49,TCGA-99-8025-01,TCGA-99-8025,6,50.44349454914009,639579.5227769427,0.6395795227769427,17094.28125,0.026727374222019512,622485.2415269427,19420.412601893535,0.030364343932672348,60.9558843737159,91.67873816001126,99.9848633411308,44.064051391128345,margin-localized,5.0,50;100;200,TCGA-99-8025-01,TCGA-99-8025,Female,Stage IIIA,72,0:LIVING,34.82,0,III,matched
TCGA-99-8028-01Z-00-DX1.23de89b1-67f8-41fb-980a-010ea190d687,TCGA-99-8028-01,TCGA-99-8028,3,15.715111532871765,2279481.578371897,2.2794815783718967,187323.8701225151,0.08217827768378361,2092157.7082493817,205827.5070230005,0.09029575363798785,37.16923645351651,93.57323570332707,99.44823966487361,63.73949931921626,peritumoral,5.0,50;100;200,TCGA-99-8028-01,TCGA-99-8028,Female,Stage IA,50,0:LIVING,36.73,0,I,matched
TCGA-99-8033-01Z-00-DX1.06f8ca81-c0a7-4ab5-b2fe-d5fc6671e29d,TCGA-99-8033-01,TCGA-99-8033,3,6.61731164615956,383937.5325531626,0.3839375325531626,2194.125,0.005714796845750387,381743.40755316254,4993.402352840131,0.01300576768213905,51.45037033120347,90.71478841701807,99.99225948299392,57.30578613892318,peritumoral,5.0,50;100;200,TCGA-99-8033-01,TCGA-99-8033,Female,Stage IV,74,1:DECEASED,21.55,1,IV,matched
TCGA-99-AA5R-01Z-00-DX1.4DE7FC30-D338-49CE-B8D9-EB0F34A3DD0B,TCGA-99-AA5R-01,TCGA-99-AA5R,3,18.054594780697137,3651981.7537354077,3.6519817537354076,5213.40625,0.0014275553936345653,3646768.3474854077,58376.56739442414,0.01598490116625419,36.06335673358772,83.47442212466822,99.99376224537096,62.86953256546449,peritumoral,5.0,50;100;200,TCGA-99-AA5R-01,TCGA-99-AA5R,Female,Stage IA,70,0:LIVING,21.62,0,I,matched
TCGA-J2-8194-01Z-00-DX1.7700924D-B6AF-46A7-A7D7-B5C17A66C5F7,TCGA-J2-8194-01,TCGA-J2-8194,9,388.3219825995908,13830012.194483021,13.830012194483022,7685886.111606863,0.5557396482031207,6144126.082876157,488998.34317466797,0.03535776659472043,39.870592778074204,56.51770882406667,67.03497027833485,34.55113963388183,immune-penetrated,5.0,50;100;200,TCGA-J2-8194-01,TCGA-J2-8194,Female,Stage IIB,69,0:LIVING,23.78,0,II,matched
TCGA-J2-A4AE-01Z-00-DX1.42C5DE4A-7787-4E59-8969-D12503262C96,TCGA-J2-A4AE-01,TCGA-J2-A4AE,7,61.27587703847541,5166476.920480363,5.166476920480363,435002.96875,0.08419721513234879,4731473.951730363,123890.20299347436,0.023979629620014917,66.59753465779264,95.49749591668198,99.53614770267247,31.879166394371104,margin-localized,5.0,50;100;200,TCGA-J2-A4AE-01,TCGA-J2-A4AE,Female,Stage IA,77,0:LIVING,35.45,0,I,matched
TCGA-J2-A4AG-01Z-00-DX1.487780B8-18E7-494A-8054-5637239870EB,TCGA-J2-A4AG-01,TCGA-J2-A4AG,2,94.00619279136107,10195117.972664036,10.195117972664036,976189.0443023406,0.09575063740505765,9218928.928361695,585165.2320446628,0.057396612144523934,65.00590968509312,94.1156191169428,99.60258129777021,33.54550314498204,margin-localized,5.0,50;100;200,TCGA-J2-A4AG-01,TCGA-J2-A4AG,Female,Stage IA,66,0:LIVING,32.46,0,I,matched
TCGA-L4-A4E5-01Z-00-DX1.C2A5EF71-1F40-4E34-AC30-58D7121C1338,TCGA-L4-A4E5-01,TCGA-L4-A4E5,4,178.97806374855693,17803783.24922955,17.80378324922955,1375471.9487300222,0.07725728455998503,16428311.300499532,1505532.8133578042,0.08456252203716058,59.98939154936702,88.8333579290698,99.08620538151112,39.875,margin-localized,5.0,50;100;200,TCGA-L4-A4E5-01,TCGA-L4-A4E5,Female,Stage I,48,0:LIVING,18.99,0,I,matched
TCGA-L9-A443-01Z-00-DX1.9F68A13A-2865-41BF-88A7-B0DF75961C6F,TCGA-L9-A443-01,TCGA-L9-A443,5,95.89097339021613,1670737.1873522275,1.6707371873522274,555683.5,0.33259779228392183,1115053.6873522275,71909.3460883913,0.04304048933174986,70.84005663768991,94.26972283004183,99.82567949513259,26.278853190350603,immune-penetrated,5.0,50;100;200,TCGA-L9-A443-01,TCGA-L9-A443,Female,Stage IA,63,1:DECEASED,6.34,1,I,matched
TCGA-L9-A444-01Z-00-DX1.88CF6F01-0C1F-4572-81E3-1A5790692861,TCGA-L9-A444-01,TCGA-L9-A444,8,131.2127203921154,21969553.61455966,21.96955361455966,6587565.310563114,0.2998497569016333,15381988.30399655,476048.9840467494,0.021668577905527505,62.207959853266146,86.13100663802442,98.4013138684144,37.24181957155155,immune-penetrated,5.0,50;100;200,TCGA-L9-A444-01,TCGA-L9-A444,Female,Stage IA,60,0:LIVING,10.09,0,I,matched
TCGA-L9-A8F4-01Z-00-DX1.E2BBB8DE-94E2-4781-9B55-8A4CFBF8A69D,TCGA-L9-A8F4-01,TCGA-L9-A8F4,21,175.70773361528637,15014144.736332279,15.014144736332279,526614.2026441811,0.03507453883602462,14487530.533688096,615173.1462911839,0.040972906355601114,54.09671537482465,89.74341998941678,99.88891319923576,45.43767193915199,margin-localized,5.0,50;100;200,TCGA-L9-A8F4-01,TCGA-L9-A8F4,Female,Stage IB,64,0:LIVING,15.64,0,I,matched
TCGA-MP-A4T6-01Z-00-DX1.085C4F5A-DB1B-434A-9D62-E2187D133B0A,TCGA-MP-A4T6-01,TCGA-MP-A4T6,7,329.4707520746841,8295769.521902053,8.295769521902052,2969425.0947777107,0.35794450254891863,5326344.427124343,81561.34597873235,0.00983167935938895,39.76244929408262,74.7501443489267,89.8777219540294,52.009914920138065,immune-penetrated,5.0,50;100;200,TCGA-MP-A4T6-01,TCGA-MP-A4T6,Female,Stage IIIA,76,1:DECEASED,58.8,1,III,matched
TCGA-MP-A4TH-01Z-00-DX1.E89D2C19-F9B2-4BF2-AA5F-6104CBC076D1,TCGA-MP-A4TH-01,TCGA-MP-A4TH,14,186.06399916691896,17705446.259434868,17.70544625943487,5089932.089284055,0.28747832812018137,12615514.170150805,246692.98608149766,0.013933169628528287,49.592255924784276,73.83325534322923,81.59607685800006,38.84878611388752,immune-penetrated,5.0,50;100;200,TCGA-MP-A4TH-01,TCGA-MP-A4TH,Female,Stage IA,70,0:LIVING,24.34,0,I,matched
TCGA-MP-A4TJ-01Z-00-DX1.14EDBE5C-5D0C-4002-BE95-AF5C9D9F3D43,TCGA-MP-A4TJ-01,TCGA-MP-A4TJ,9,182.42635496642268,29047236.360776372,29.047236360776374,2746894.236954584,0.09456645729863042,26300342.123821788,521085.65237904026,0.017939250602259798,43.58642124887731,82.2278191349057,97.02747587782368,53.522483593346074,peritumoral,5.0,50;100;200,TCGA-MP-A4TJ-01,TCGA-MP-A4TJ,Female,Stage IA,62,1:DECEASED,11.14,1,I,matched
TCGA-MP-A5C7-01Z-00-DX1.26E5FA5A-3E6D-4CD3-8FA2-F331B7012311,TCGA-MP-A5C7-01,TCGA-MP-A5C7,4,96.72945017995657,2360490.233993171,2.3604902339931706,641030.2576117234,0.27156657900139314,1719459.9763814474,51434.428354626056,0.0217897230049607,43.79111969623985,71.10790991825546,90.8516577560319,46.68277251834985,peritumoral,5.0,50;100;200,TCGA-MP-A5C7-01,TCGA-MP-A5C7,Female,Stage IB,76,0:LIVING,73.85,0,I,matched
TCGA-NJ-A4YF-01Z-00-DX1.4A3DE76A-9F1E-4766-A013-5E7E3A665071,TCGA-NJ-A4YF-01,TCGA-NJ-A4YF,16,299.0373904566422,14712135.4689297,14.7121354689297,1112303.9586655675,0.07560452124809634,13599831.510264134,566581.426717286,0.03851116161306693,69.21417751795609,93.96247393338909,99.17810126587412,33.50023320814349,margin-localized,5.0,50;100;200,TCGA-NJ-A4YF-01,TCGA-NJ-A4YF,Female,Stage IA,50,0:LIVING,70.99,0,I,matched
TCGA-NJ-A4YI-01Z-00-DX1.C4111D01-27BF-486F-8E0E-C8053DB16133,TCGA-NJ-A4YI-01,TCGA-NJ-A4YI,11,370.1858085441015,13829365.536366664,13.829365536366664,2609246.44938899,0.18867434247272832,11220119.086977674,655180.3542621253,0.047376024051082995,68.41594151258678,90.1481630743385,99.06616824663772,29.862706675718464,margin-localized,5.0,50;100;200,TCGA-NJ-A4YI-01,TCGA-NJ-A4YI,Female,Stage IIIA,87,1:DECEASED,0.13,1,III,matched
TCGA-NJ-A55A-01Z-00-DX1.42C356FE-52A3-4A60-886B-75F84ADBC534,TCGA-NJ-A55A-01,TCGA-NJ-A55A,6,73.24787491981536,4385075.681932993,4.385075681932993,296919.05005714286,0.06771127150221896,4088156.6318758503,24860.152467079446,0.005669264174733878,49.542265333047645,86.82279844505763,97.96207313349134,49.02837188812209,margin-localized,5.0,50;100;200,TCGA-NJ-A55A-01,TCGA-NJ-A55A,Female,Stage IB,76,0:LIVING,0.49,0,I,matched
TCGA-NJ-A55O-01Z-00-DX1.8E23C821-B8BB-4D89-9E38-E97424A685CE,TCGA-NJ-A55O-01,TCGA-NJ-A55O,10,55.83756086399853,3273543.7033489086,3.2735437033489085,108208.55114734659,0.03305547777982827,3165335.1522015617,244106.040122831,0.07456935426678589,74.87446092449832,94.6883752971806,99.92917029451905,26.703595848686746,margin-localized,5.0,50;100;200,TCGA-NJ-A55O-01,TCGA-NJ-A55O,Female,Stage IIA,56,0:LIVING,0.43,0,II,matched
TCGA-O1-A52J-01Z-00-DX1.26F6ECCA-D614-4950-98E6-4D76E82F71B4,TCGA-O1-A52J-01,TCGA-O1-A52J,5,93.46838138224216,9568304.054765685,9.568304054765685,408394.9516634701,0.04268206249780084,9159909.103102215,729412.8356285931,0.07623219657879649,79.83499082570931,98.0394007354859,99.99499025127031,31.375,margin-localized,5.0,50;100;200,TCGA-O1-A52J-01,TCGA-O1-A52J,Female,Stage IA,74,1:DECEASED,59.07,1,I,matched
TCGA-S2-AA1A-01Z-00-DX1.4B5D5FAE-8305-4D2D-B245-584589352886,TCGA-S2-AA1A-01,TCGA-S2-AA1A,9,122.52728615631095,5326934.446952071,5.326934446952071,55330.63152030126,0.01038695558792918,5271603.815431771,147253.56732217935,0.027643209952852694,54.04734119250253,87.56410043798596,99.53846361319181,47.80330793993236,margin-localized,5.0,50;100;200,TCGA-S2-AA1A-01,TCGA-S2-AA1A,Female,Stage IA,68,0:LIVING,16.85,0,I,matched
