wsi_name,sample_id,subject_id,wsi_n_clusters_scored,wsi_necrosis_area_um2,wsi_necrosis_perimeter_um,wsi_necrosis_fraction_of_cluster,wsi_dominant_necrosis_phenotype,clinical__sample_id,clinical__subject_id,SEX,AJCC_PATHOLOGIC_TUMOR_STAGE,AGE,OS_STATUS,OS_MONTHS,OS_Status,stage,clinical_match
TCGA-05-4250-01Z-00-DX1.90f67fdf-dff9-46ca-af71-0978d7c221ba,TCGA-05-4250-01,TCGA-05-4250,2,3241.59,697.47,0.0111,focal,TCGA-05-4250-01,TCGA-05-4250,Female,Stage IIIA,79,1:DECEASED,3.98,1,III,matched
TCGA-05-4398-01Z-00-DX1.269bc75f-492e-48b1-87ee-85924aa80e74,TCGA-05-4398-01,TCGA-05-4398,6,505.16,214.49,0.001,focal,TCGA-05-4398-01,TCGA-05-4398,Female,Stage IIIB,47,0:LIVING,47.01,0,III,matched
TCGA-05-4402-01Z-00-DX1.c653ddc2-88c1-45ac-88e7-4e512b8e8d53,TCGA-05-4402-01,TCGA-05-4402,2,962.03,302.91,0.0038,focal,TCGA-05-4402-01,TCGA-05-4402,Female,Stage IV,57,1:DECEASED,8.02,1,IV,matched
TCGA-38-4627-01Z-00-DX1.fe406eb9-b38b-410d-aa1a-84ab8ac091c7,TCGA-38-4627-01,TCGA-38-4627,63,137887.5,25473.08,0.0209,focal,TCGA-38-4627-01,TCGA-38-4627,Female,Stage IIA,64,1:DECEASED,37.68,1,II,matched
TCGA-38-4628-01Z-00-DX1.eee4f100-142f-4d9c-8e38-b16aab123413,TCGA-38-4628-01,TCGA-38-4628,7,6680.29,2639.39,0.0077,focal,TCGA-38-4628-01,TCGA-38-4628,Female,Stage IIB,65,1:DECEASED,49.01,1,II,matched
TCGA-38-4630-01Z-00-DX1.d08d0193-c5ed-4db8-b236-1a4c3c3177b8,TCGA-38-4630-01,TCGA-38-4630,7,20471.5,4994.32,0.0398,focal,TCGA-38-4630-01,TCGA-38-4630,Female,Stage IB,75,1:DECEASED,35.25,1,I,matched
TCGA-38-4631-01Z-00-DX1.5e0c873a-9c4c-4e0b-bf2e-e3cd8b760761,TCGA-38-4631-01,TCGA-38-4631,3,2376.28,869.7,0.0096,focal,TCGA-38-4631-01,TCGA-38-4631,Female,Stage IB,72,1:DECEASED,11.63,1,I,matched
TCGA-44-3918-01Z-00-DX1.6da70a8b-6307-423a-9d2d-380c16962855,TCGA-44-3918-01,TCGA-44-3918,9,108712.4,6223.63,0.0884,present,TCGA-44-3918-01,TCGA-44-3918,Female,Stage IA,60,0:LIVING,34.03,0,I,matched
TCGA-44-6777-01Z-00-DX1.aca7b23d-a601-4476-8bfd-eb46f0b6a96e,TCGA-44-6777-01,TCGA-44-6777,26,6042.37,1404.1,0.0021,focal,TCGA-44-6777-01,TCGA-44-6777,Female,Stage IB,85,1:DECEASED,32.42,1,I,matched
TCGA-44-7661-01Z-00-DX1.baf72abd-edb9-4f56-beb3-f5138aa50930,TCGA-44-7661-01,TCGA-44-7661,3,1341.47,337.46,0.0045,focal,TCGA-44-7661-01,TCGA-44-7661,Female,Stage IB,69,1:DECEASED,18.3,1,I,matched
TCGA-44-7670-01Z-00-DX1.2a981dd6-0063-438e-b20e-b180b16e2b23,TCGA-44-7670-01,TCGA-44-7670,6,25770.82,3945.7,0.0323,focal,TCGA-44-7670-01,TCGA-44-7670,Female,Stage IIA,47,0:LIVING,28.98,0,II,matched
TCGA-44-A479-01Z-00-DX1.CA5654C6-A623-452E-A8AC-DB6279CA97B1,TCGA-44-A479-01,TCGA-44-A479,41,23617.69,3573.12,0.005,focal,TCGA-44-A479-01,TCGA-44-A479,Female,Stage IB,73,0:LIVING,15.97,0,I,matched
TCGA-49-4490-01Z-00-DX1.bde106d9-1494-4775-b77d-11c86bb09b72,TCGA-49-4490-01,TCGA-49-4490,45,64628.36,12359.37,0.0122,focal,TCGA-49-4490-01,TCGA-49-4490,Female,Stage IIIA,45,1:DECEASED,12.65,1,III,matched
TCGA-49-4490-01Z-00-DX2.1b491bd7-60d2-40a6-96cd-01385bce2b0f,TCGA-49-4490-01,TCGA-49-4490,54,23051.47,6292.11,0.0042,focal,TCGA-49-4490-01,TCGA-49-4490,Female,Stage IIIA,45,1:DECEASED,12.65,1,III,matched
TCGA-49-4490-01Z-00-DX3.0949a10a-0a1f-49dc-9296-ab4d4f0bf988,TCGA-49-4490-01,TCGA-49-4490,40,24197.69,6220.72,0.0061,focal,TCGA-49-4490-01,TCGA-49-4490,Female,Stage IIIA,45,1:DECEASED,12.65,1,III,matched
TCGA-49-4490-01Z-00-DX4.4e94aeb6-f616-4bdd-82bc-2ca2f2b5a5c4,TCGA-49-4490-01,TCGA-49-4490,60,141948.81,29629.37,0.0207,focal,TCGA-49-4490-01,TCGA-49-4490,Female,Stage IIIA,45,1:DECEASED,12.65,1,III,matched
TCGA-49-4490-01Z-00-DX5.feea87ff-61c6-465e-8b36-4803f6af3d62,TCGA-49-4490-01,TCGA-49-4490,50,102553.62,18741.57,0.0192,focal,TCGA-49-4490-01,TCGA-49-4490,Female,Stage IIIA,45,1:DECEASED,12.65,1,III,matched
TCGA-49-4490-01Z-00-DX6.0a04ad8e-7f33-4496-bd9e-0110ec33f887,TCGA-49-4490-01,TCGA-49-4490,17,5593.94,1259.21,0.0033,focal,TCGA-49-4490-01,TCGA-49-4490,Female,Stage IIIA,45,1:DECEASED,12.65,1,III,matched
TCGA-49-4505-01Z-00-DX1.d49d603e-1f76-43a1-a803-9f2d6a6df715,TCGA-49-4505-01,TCGA-49-4505,16,17283.43,2456.28,0.0109,focal,TCGA-49-4505-01,TCGA-49-4505,Female,Stage IIB,61,1:DECEASED,14.06,1,II,matched
TCGA-49-4505-01Z-00-DX2.48df81e7-5a8e-4c5b-993a-6a54481a35e9,TCGA-49-4505-01,TCGA-49-4505,14,11058.75,2184.83,0.0086,focal,TCGA-49-4505-01,TCGA-49-4505,Female,Stage IIB,61,1:DECEASED,14.06,1,II,matched
TCGA-49-4505-01Z-00-DX3.d3f8d0c4-e4bc-4201-9b2f-e010f51dd8c3,TCGA-49-4505-01,TCGA-49-4505,20,19908.55,4559.63,0.0079,focal,TCGA-49-4505-01,TCGA-49-4505,Female,Stage IIB,61,1:DECEASED,14.06,1,II,matched
TCGA-49-4505-01Z-00-DX4.623c4278-fc3e-4c80-bb4d-000e24fbb1c2,TCGA-49-4505-01,TCGA-49-4505,22,17902.96,4592.07,0.0072,focal,TCGA-49-4505-01,TCGA-49-4505,Female,Stage IIB,61,1:DECEASED,14.06,1,II,matched
TCGA-49-4506-01Z-00-DX1.b13b8ef2-fd06-4309-a767-696a9afeaedd,TCGA-49-4506-01,TCGA-49-4506,7,32676.03,9429.62,0.0504,present,TCGA-49-4506-01,TCGA-49-4506,Female,Stage IIB,68,1:DECEASED,32.82,1,II,matched
TCGA-49-4506-01Z-00-DX2.81e180ae-bd9f-49cc-9a0f-297800cc7280,TCGA-49-4506-01,TCGA-49-4506,37,138645.51,39263.94,0.0212,focal,TCGA-49-4506-01,TCGA-49-4506,Female,Stage IIB,68,1:DECEASED,32.82,1,II,matched
TCGA-49-4506-01Z-00-DX3.a05a3969-bbef-48d8-86de-f51c8870afd6,TCGA-49-4506-01,TCGA-49-4506,15,64145.97,13621.33,0.044,focal,TCGA-49-4506-01,TCGA-49-4506,Female,Stage IIB,68,1:DECEASED,32.82,1,II,matched
TCGA-49-4506-01Z-00-DX4.9460a2c1-efe2-4095-9b0e-dfe0eda684ba,TCGA-49-4506-01,TCGA-49-4506,8,37144.59,6945.66,0.0227,focal,TCGA-49-4506-01,TCGA-49-4506,Female,Stage IIB,68,1:DECEASED,32.82,1,II,matched
TCGA-49-4507-01Z-00-DX2.a7bfbeee-00ea-4301-ace4-ce591807e2d3,TCGA-49-4507-01,TCGA-49-4507,4,1630.47,517.85,0.0036,focal,TCGA-49-4507-01,TCGA-49-4507,Female,Stage IIIA,73,1:DECEASED,8.8,1,III,matched
TCGA-49-6743-01Z-00-DX4.5ea81023-1372-48ed-88a8-374e2394d7f7,TCGA-49-6743-01,TCGA-49-6743,34,24185.06,4257.49,0.0063,focal,TCGA-49-6743-01,TCGA-49-6743,Female,Stage IIIA,81,0:LIVING,53.25,0,III,matched
TCGA-49-6761-01Z-00-DX1.10c577a2-f65c-4517-8a25-83d44e380f8f,TCGA-49-6761-01,TCGA-49-6761,24,23453.72,5844.62,0.0068,focal,TCGA-49-6761-01,TCGA-49-6761,Female,Stage IIIA,68,0:LIVING,11.63,0,III,matched
TCGA-49-6767-01Z-00-DX1.53459c0e-b8ec-4893-9910-87b63c503134,TCGA-49-6767-01,TCGA-49-6767,22,32388.38,4052.04,0.0148,focal,TCGA-49-6767-01,TCGA-49-6767,Female,Stage IIB,46,0:LIVING,22.24,0,II,matched
TCGA-49-AAQV-01Z-00-DX1.4CC37621-C952-4684-96E3-9B97CDAD8056,TCGA-49-AAQV-01,TCGA-49-AAQV,19,28838.65,6390.4,0.0121,focal,TCGA-49-AAQV-01,TCGA-49-AAQV,Female,Stage II,63,1:DECEASED,22.24,1,II,matched
TCGA-49-AARE-01Z-00-DX1.3559B3A9-6699-472F-B731-1BD9F93EE82A,TCGA-49-AARE-01,TCGA-49-AARE,32,435852.09,29957.26,0.1412,present,TCGA-49-AARE-01,TCGA-49-AARE,Female,Stage IA,51,1:DECEASED,40.37,1,I,matched
TCGA-49-AARO-01Z-00-DX1.FB8C82DC-F823-43CF-A8EA-1208C767AF54,TCGA-49-AARO-01,TCGA-49-AARO,21,78464.62,13478.52,0.0527,present,TCGA-49-AARO-01,TCGA-49-AARO,Female,Stage IA,39,0:LIVING,123.49,0,I,matched
TCGA-50-5931-01Z-00-DX1.34261ED6-7815-487C-A50C-2DAD587187B9,TCGA-50-5931-01,TCGA-50-5931,8,16612.01,2641.16,0.0308,focal,TCGA-50-5931-01,TCGA-50-5931,Female,Stage IB,75,1:DECEASED,14.26,1,I,matched
TCGA-50-6590-01Z-00-DX1.B08B2656-3DC7-4D35-A54D-9C57A7A773B3,TCGA-50-6590-01,TCGA-50-6590,18,62857.6,12001.82,0.0279,focal,TCGA-50-6590-01,TCGA-50-6590,Female,Stage IB,72,1:DECEASED,42.31,1,I,matched
TCGA-50-6594-01Z-00-DX1.43b2005a-4245-4025-ad85-4a957f308a5c,TCGA-50-6594-01,TCGA-50-6594,35,140020.12,22398.02,0.0416,focal,TCGA-50-6594-01,TCGA-50-6594,Female,Stage IIIA,79,1:DECEASED,12.16,1,III,matched
TCGA-50-6597-01Z-00-DX1.ec7fc0b2-78a1-4384-bddd-e89f02ee5eb6,TCGA-50-6597-01,TCGA-50-6597,3,12495.63,1948.98,0.0487,focal,TCGA-50-6597-01,TCGA-50-6597,Female,Stage IB,79,1:DECEASED,41.66,1,I,matched
TCGA-50-6673-01Z-00-DX1.e24fb432-3fff-4f00-a316-16d05275c1e7,TCGA-50-6673-01,TCGA-50-6673,3,19787.0,3181.38,0.0622,present,TCGA-50-6673-01,TCGA-50-6673,Female,Stage I,84,1:DECEASED,0.72,1,I,matched
TCGA-53-7624-01Z-00-DX1.51b4de19-3531-4bcb-b822-fa966480f2ad,TCGA-53-7624-01,TCGA-53-7624,4,3109.53,693.46,0.0077,focal,TCGA-53-7624-01,TCGA-53-7624,Female,Stage IV,40,1:DECEASED,34.26,1,IV,matched
TCGA-53-7626-01Z-00-DX1.FD4CAF75-07B5-4117-83DD-99233DAA3EBC,TCGA-53-7626-01,TCGA-53-7626,45,61777.57,18412.3,0.0118,focal,TCGA-53-7626-01,TCGA-53-7626,Female,Stage IIA,76,1:DECEASED,30.52,1,II,matched
TCGA-53-7813-01Z-00-DX1.97c5eff3-ceeb-499b-b2e1-bcd3cd60c5e7,TCGA-53-7813-01,TCGA-53-7813,7,31568.06,4933.7,0.0424,focal,TCGA-53-7813-01,TCGA-53-7813,Female,Stage IIIB,51,0:LIVING,13.93,0,III,matched
TCGA-55-6970-01Z-00-DX1.be042a9b-3eab-4b6c-9cd7-7486ffab037f,TCGA-55-6970-01,TCGA-55-6970,18,71081.22,12789.29,0.0335,focal,TCGA-55-6970-01,TCGA-55-6970,Female,Stage IIIA,67,1:DECEASED,15.24,1,III,matched
TCGA-55-6971-01Z-00-DX1.6c790768-8252-466a-95e1-97d2086a8132,TCGA-55-6971-01,TCGA-55-6971,3,598.53,160.19,0.0037,focal,TCGA-55-6971-01,TCGA-55-6971,Female,Stage IB,59,0:LIVING,45.99,0,I,matched
TCGA-55-6979-01Z-00-DX1.9238436e-3886-4a10-86fe-26658967dff2,TCGA-55-6979-01,TCGA-55-6979,13,6571.72,1476.16,0.0061,focal,TCGA-55-6979-01,TCGA-55-6979,Female,Stage IIB,59,1:DECEASED,7.79,1,II,matched
TCGA-55-7724-01Z-00-DX1.31a194ac-62e3-4225-8e32-8c2a83dcdd10,TCGA-55-7724-01,TCGA-55-7724,4,3317.03,950.3,0.013,focal,TCGA-55-7724-01,TCGA-55-7724,Female,Stage IB,76,0:LIVING,23.16,0,I,matched
TCGA-55-7726-01Z-00-DX1.37df197b-d4fb-41c4-ac6a-72dbaa31027b,TCGA-55-7726-01,TCGA-55-7726,7,4388.16,1314.64,0.005,focal,TCGA-55-7726-01,TCGA-55-7726,Female,Stage IA,72,0:LIVING,21.42,0,I,matched
TCGA-55-7995-01Z-00-DX1.fef24d04-35a0-4f57-8f51-7ad602a78871,TCGA-55-7995-01,TCGA-55-7995,2,6790.38,1006.05,0.0252,focal,TCGA-55-7995-01,TCGA-55-7995,Female,Stage IA,73,0:LIVING,29.2,0,I,matched
TCGA-55-8096-01Z-00-DX1.c833417d-10c1-4430-a241-d6f5496e1cd9,TCGA-55-8096-01,TCGA-55-8096,7,2662.66,755.55,0.0042,focal,TCGA-55-8096-01,TCGA-55-8096,Female,Stage IB,67,1:DECEASED,23.62,1,I,matched
TCGA-55-8204-01Z-00-DX1.30ba69f3-53f1-41cc-826c-20dce3cfe86b,TCGA-55-8204-01,TCGA-55-8204,3,6686.06,1620.07,0.0216,focal,TCGA-55-8204-01,TCGA-55-8204,Female,Stage IB,87,0:LIVING,16.92,0,I,matched
TCGA-55-8299-01Z-00-DX1.6F652EC5-EBB8-499C-A66D-E0951FBFCAA2,TCGA-55-8299-01,TCGA-55-8299,21,150920.44,24701.53,0.0775,present,TCGA-55-8299-01,TCGA-55-8299,Female,Stage IA,61,1:DECEASED,15.41,1,I,matched
TCGA-55-8510-01Z-00-DX1.BB1EAC72-6215-400B-BCBF-E3D51A60182D,TCGA-55-8510-01,TCGA-55-8510,5,6968.52,1141.4,0.0115,focal,TCGA-55-8510-01,TCGA-55-8510,Female,Stage IB,55,0:LIVING,17.71,0,I,matched
TCGA-55-8511-01Z-00-DX1.8EDFB05B-5B59-46EA-973C-1048B1E284D2,TCGA-55-8511-01,TCGA-55-8511,4,458.84,148.06,0.0015,focal,TCGA-55-8511-01,TCGA-55-8511,Female,Stage IB,73,0:LIVING,18.13,0,I,matched
TCGA-55-A493-01Z-00-DX1.1CF94B85-7A64-4213-9B04-16504512DE2E,TCGA-55-A493-01,TCGA-55-A493,2,1500.69,508.79,0.0078,focal,TCGA-55-A493-01,TCGA-55-A493,Female,Stage IB,54,0:LIVING,0.92,0,I,matched
TCGA-55-A494-01Z-00-DX1.8C7C4BE0-791A-47CA-B0A8-1935366350E0,TCGA-55-A494-01,TCGA-55-A494,4,0.0,0.0,0.0,absent,TCGA-55-A494-01,TCGA-55-A494,Female,Stage IB,61,0:LIVING,15.8,0,I,matched
TCGA-62-A46O-01Z-00-DX1.39B361AD-ED1D-4C0C-8611-0E8CCBDBD252,TCGA-62-A46O-01,TCGA-62-A46O,7,161900.72,3940.93,0.1614,present,TCGA-62-A46O-01,TCGA-62-A46O,Female,Stage IB,65,1:DECEASED,47.77,1,I,matched
TCGA-64-1677-01Z-00-DX1.7720D42B-1F57-4C23-9BC5-87C456E7737B,TCGA-64-1677-01,TCGA-64-1677,48,429252.66,89073.3,0.0894,present,TCGA-64-1677-01,TCGA-64-1677,Female,Stage IIIA,77,1:DECEASED,20.63,1,III,matched
TCGA-64-1678-01Z-00-DX1.92C851BD-37AC-4C4C-9920-DF394411CC2C,TCGA-64-1678-01,TCGA-64-1678,29,245659.61,38033.44,0.0903,present,TCGA-64-1678-01,TCGA-64-1678,Female,[Discrepancy],70,0:LIVING,39.06,0,,matched
TCGA-64-1679-01Z-00-DX1.f9fd24ef-d51c-4530-9fb5-e8a8f09dba73,TCGA-64-1679-01,TCGA-64-1679,29,136852.01,35491.64,0.0403,focal,TCGA-64-1679-01,TCGA-64-1679,Female,Stage IIIA,58,0:LIVING,81.73,0,III,matched
TCGA-67-3771-01Z-00-DX1.7B54D132-6AB7-4F2D-8BFF-33AFE83CF204,TCGA-67-3771-01,TCGA-67-3771,15,23285.92,4722.51,0.0132,focal,TCGA-67-3771-01,TCGA-67-3771,Female,Stage IA,77,0:LIVING,20.04,0,I,matched
TCGA-69-7974-01Z-00-DX1.e4282067-fc3d-4fee-bae7-fe99000979d4,TCGA-69-7974-01,TCGA-69-7974,3,2017.72,745.6,0.0046,focal,TCGA-69-7974-01,TCGA-69-7974,Female,Stage IIIA,54,0:LIVING,6.04,0,III,matched
TCGA-69-A59K-01Z-00-DX1.01EAF520-9AC1-4ECC-8EF3-B9122924A1E3,TCGA-69-A59K-01,TCGA-69-A59K,6,53674.96,4243.96,0.1033,present,TCGA-69-A59K-01,TCGA-69-A59K,Female,Stage IIB,60,0:LIVING,19.42,0,II,matched
TCGA-73-4666-01Z-00-DX1.dd9c8922-ddd1-4674-8124-9e334532e47e,TCGA-73-4666-01,TCGA-73-4666,10,21264.93,5134.37,0.0173,focal,TCGA-73-4666-01,TCGA-73-4666,Female,Stage IV,52,0:LIVING,26.28,0,IV,matched
TCGA-73-4668-01Z-00-DX1.3470b27e-210f-4ff3-9dde-69aa85faa9ee,TCGA-73-4668-01,TCGA-73-4668,21,41324.0,3654.4,0.0177,focal,TCGA-73-4668-01,TCGA-73-4668,Female,Stage IIB,66,0:LIVING,15.34,0,II,matched
TCGA-73-4670-01Z-00-DX1.a92a23d5-01aa-45a2-9f83-4784cd65fd58,TCGA-73-4670-01,TCGA-73-4670,15,54255.86,9068.4,0.0421,focal,TCGA-73-4670-01,TCGA-73-4670,Female,Stage IV,69,0:LIVING,4.3,0,IV,matched
TCGA-73-7499-01Z-00-DX1.81f5c1c1-3d40-4773-a1fb-e1f8eb9f6730,TCGA-73-7499-01,TCGA-73-7499,27,30937.94,8699.55,0.0109,focal,TCGA-73-7499-01,TCGA-73-7499,Female,Stage IB,81,1:DECEASED,50.3,1,I,matched
TCGA-75-6214-01Z-00-DX1.00424C13-65B8-4872-81EB-EE207AB3F78C,TCGA-75-6214-01,TCGA-75-6214,4,21639.41,4689.95,0.056,present,TCGA-75-6214-01,TCGA-75-6214,Female,Stage IIIA,,1:DECEASED,36.63,1,III,matched
TCGA-78-7220-01Z-00-DX1.3df84ce0-4395-4c9e-ba62-76b55676a440,TCGA-78-7220-01,TCGA-78-7220,21,19475.0,4058.62,0.0065,focal,TCGA-78-7220-01,TCGA-78-7220,Female,Stage IIIA,53,1:DECEASED,26.51,1,III,matched
TCGA-83-5908-01Z-00-DX1.381c8f82-61a0-4e9d-982d-1ad0af7bead9,TCGA-83-5908-01,TCGA-83-5908,16,9262.35,1954.43,0.0046,focal,TCGA-83-5908-01,TCGA-83-5908,Female,Stage IA,59,0:LIVING,27.07,0,I,matched
TCGA-86-6851-01Z-00-DX1.0b13e600-fd7b-44a2-9ec2-26e9938fb7bc,TCGA-86-6851-01,TCGA-86-6851,13,20097.22,4157.18,0.0151,focal,TCGA-86-6851-01,TCGA-86-6851,Female,Stage IIA,73,0:LIVING,5.88,0,II,matched
TCGA-86-8056-01Z-00-DX1.eee7e03a-842c-4a44-bff8-f7b906725605,TCGA-86-8056-01,TCGA-86-8056,14,23360.77,5349.75,0.0187,focal,TCGA-86-8056-01,TCGA-86-8056,Female,Stage IIIA,63,0:LIVING,4.57,0,III,matched
TCGA-95-7039-01Z-00-DX1.C191A46D-A667-4BF6-8E6B-3E5CBF9DF43F,TCGA-95-7039-01,TCGA-95-7039,49,40934.1,10091.53,0.0074,focal,TCGA-95-7039-01,TCGA-95-7039,Female,Stage IIB,54,0:LIVING,41.79,0,II,matched
TCGA-95-7948-01Z-00-DX1.FF1AEF38-19E5-4475-87C8-B318204FEF1D,TCGA-95-7948-01,TCGA-95-7948,18,10865.24,2973.53,0.0058,focal,TCGA-95-7948-01,TCGA-95-7948,Female,Stage IB,42,0:LIVING,15.64,0,I,matched
TCGA-97-7938-01Z-00-DX1.d774d0a2-ee34-43ba-9d9d-34bf9718292e,TCGA-97-7938-01,TCGA-97-7938,12,4644.02,1084.82,0.0032,focal,TCGA-97-7938-01,TCGA-97-7938,Female,Stage IA,76,1:DECEASED,0.59,1,I,matched
TCGA-97-8172-01Z-00-DX1.812ab977-692e-42f8-af57-7ce9084ab045,TCGA-97-8172-01,TCGA-97-8172,77,136070.25,32535.86,0.0133,focal,TCGA-97-8172-01,TCGA-97-8172,Female,Stage IB,75,0:LIVING,17.9,0,I,matched
TCGA-97-8175-01Z-00-DX1.f7148cec-5e4b-46ac-b167-d41b36eb3ee5,TCGA-97-8175-01,TCGA-97-8175,49,60555.26,10567.38,0.0094,focal,TCGA-97-8175-01,TCGA-97-8175,Female,Stage IB,55,0:LIVING,18.1,0,I,matched
TCGA-J2-8192-01Z-00-DX1.A784F381-7906-480F-99A1-0B88005953A0,TCGA-J2-8192-01,TCGA-J2-8192,46,384637.49,54994.19,0.0555,present,TCGA-J2-8192-01,TCGA-J2-8192,Female,Stage IIA,65,0:LIVING,24.28,0,II,matched
TCGA-J2-A4AD-01Z-00-DX1.C3C3B0C6-0666-4CCF-8422-345560B237DA,TCGA-J2-A4AD-01,TCGA-J2-A4AD,3,884.84,284.52,0.0023,focal,TCGA-J2-A4AD-01,TCGA-J2-A4AD,Female,Stage IA,61,1:DECEASED,18.07,1,I,matched
TCGA-L9-A5IP-01Z-00-DX1.E699D989-8BB8-41DF-9B95-A880858653E6,TCGA-L9-A5IP-01,TCGA-L9-A5IP,20,1040087.65,31301.93,0.3738,present,TCGA-L9-A5IP-01,TCGA-L9-A5IP,Female,Stage IV,40,1:DECEASED,1.91,1,IV,matched
TCGA-MP-A4T4-01Z-00-DX1.5F72FF0B-59C0-4E95-A8C1-BF22A948F7AC,TCGA-MP-A4T4-01,TCGA-MP-A4T4,18,10666.85,1395.92,0.0062,focal,TCGA-MP-A4T4-01,TCGA-MP-A4T4,Female,Stage IIB,68,1:DECEASED,85.97,1,II,matched
TCGA-MP-A4T7-01Z-00-DX1.C74D7A5B-1D1A-423B-85CA-C11E0CCF5873,TCGA-MP-A4T7-01,TCGA-MP-A4T7,34,10738.28,2730.3,0.0026,focal,TCGA-MP-A4T7-01,TCGA-MP-A4T7,Female,Stage IV,75,1:DECEASED,5.49,1,IV,matched
TCGA-MP-A4T9-01Z-00-DX1.F7B341C4-EBCD-455F-BE90-3B77AC6B76EC,TCGA-MP-A4T9-01,TCGA-MP-A4T9,1,0.0,0.0,0.0,absent,TCGA-MP-A4T9-01,TCGA-MP-A4T9,Female,Stage IIIA,54,1:DECEASED,41.56,1,III,matched
TCGA-MP-A4TA-01Z-00-DX1.11DDADA4-B7A2-4216-9B18-7AD993AE12E4,TCGA-MP-A4TA-01,TCGA-MP-A4TA,23,49285.47,11879.43,0.0193,focal,TCGA-MP-A4TA-01,TCGA-MP-A4TA,Female,Stage IA,75,1:DECEASED,31.21,1,I,matched
TCGA-MP-A4TF-01Z-00-DX1.F98B0438-6D32-4EA3-ABA8-E624457EA658,TCGA-MP-A4TF-01,TCGA-MP-A4TF,34,498172.81,28413.86,0.1482,present,TCGA-MP-A4TF-01,TCGA-MP-A4TF,Female,Stage IIA,58,1:DECEASED,11.04,1,II,matched
TCGA-MP-A4TK-01Z-00-DX1.57494698-D9D9-4C04-AAB2-16616CCFDCC9,TCGA-MP-A4TK-01,TCGA-MP-A4TK,48,65919.98,12985.97,0.0099,focal,TCGA-MP-A4TK-01,TCGA-MP-A4TK,Female,Stage IIB,56,1:DECEASED,19.12,1,II,matched
TCGA-NJ-A4YQ-01Z-00-DX1.56C29975-77E9-4822-A9E1-83AD70D6C5F7,TCGA-NJ-A4YQ-01,TCGA-NJ-A4YQ,102,110513.08,27556.26,0.0088,focal,TCGA-NJ-A4YQ-01,TCGA-NJ-A4YQ,Female,Stage IA,69,0:LIVING,47.04,0,I,matched
