wsi_name,sample_id,subject_id,n_clusters,n_clusters_with_tumor,wsi_cluster_area_mm2,wsi_tumor_area_mm2,wsi_tumor_fraction_of_cluster,wsi_tumor_perimeter_um,wsi_tumor_perimeter_mm,wsi_tumor_boundary_density_per_mm,wsi_tumor_n_islands,wsi_tumor_patch_density_per_mm2,wsi_area_weighted_tumor_boundary_fractal_dimension,wsi_area_weighted_tumor_compactness_mean,wsi_area_weighted_tumor_solidity_mean,wsi_area_weighted_tumor_elongation_mean,wsi_area_weighted_tumor_largest_patch_index,wsi_area_weighted_tumor_island_nnd_median_um,wsi_area_weighted_tumor_island_gap_median_um,wsi_area_weighted_tumor_spread_frac,clinical__sample_id,clinical__subject_id,SEX,AJCC_PATHOLOGIC_TUMOR_STAGE,AGE,OS_STATUS,OS_MONTHS,OS_Status,stage,clinical_match
TCGA-05-4250-01Z-00-DX1.90f67fdf-dff9-46ca-af71-0978d7c221ba,TCGA-05-4250-01,TCGA-05-4250,1,1,57.225166085708665,36.28819133520417,0.6341299434737112,718551.6951025083,718.5516951025083,19.801254035094928,192,3.3551671953635416,1.6716966808475948,0.023909220255778005,0.6583627170514256,1.5103383196966242,0.28463484892595053,168.896834265773,11.844976968129776,0.9571072966671532,TCGA-05-4250-01,TCGA-05-4250,Female,Stage IIIA,79,1:DECEASED,3.98,1,III,matched
TCGA-05-4398-01Z-00-DX1.269bc75f-492e-48b1-87ee-85924aa80e74,TCGA-05-4398-01,TCGA-05-4398,4,4,129.47345227337098,75.61533682874779,0.5840219404136469,2412579.9672075026,2412.5799672075027,31.905960726875676,992,7.661802343120391,1.657532720084783,0.02438635658386807,0.6361602762433118,1.831551374702103,0.34949721886433854,122.40102835419678,6.83745643493385,0.9708979516620195,TCGA-05-4398-01,TCGA-05-4398,Female,Stage IIIB,47,0:LIVING,47.01,0,III,matched
TCGA-05-4402-01Z-00-DX1.c653ddc2-88c1-45ac-88e7-4e512b8e8d53,TCGA-05-4402-01,TCGA-05-4402,2,2,110.13221406664292,66.12690546426593,0.6004319991628552,2130651.1708727935,2130.6511708727935,32.22063932848284,1012,9.188955371292375,1.7309004768918341,0.03414648470160314,0.6116553624634175,1.374972858210226,0.43048548769678446,120.76562433479957,8.810924548452627,0.9700918569025138,TCGA-05-4402-01,TCGA-05-4402,Female,Stage IV,57,1:DECEASED,8.02,1,IV,matched
TCGA-38-4627-01Z-00-DX1.fe406eb9-b38b-410d-aa1a-84ab8ac091c7,TCGA-38-4627-01,TCGA-38-4627,19,19,64.39493878329648,16.44278872769827,0.2553428738092596,1086348.9320340047,1086.3489320340047,66.06841151002712,1048,16.27457094922874,1.5654750045494026,0.13427188289925543,0.6658319131368441,1.7473480371175554,0.20770666013680517,124.53245922716339,14.632148069237738,0.9282320301475423,TCGA-38-4627-01,TCGA-38-4627,Female,Stage IIA,64,1:DECEASED,37.68,1,II,matched
TCGA-38-4628-01Z-00-DX1.eee4f100-142f-4d9c-8e38-b16aab123413,TCGA-38-4628-01,TCGA-38-4628,6,6,47.66744793575794,19.51362990848697,0.40937014154367457,886116.897751394,886.1168977513939,45.410151873691085,633,13.279502625210869,1.8144791857868894,0.10723639048595193,0.603104507783761,1.7758872146719011,0.24480095684527978,136.5717770664276,17.06434891940372,0.939582488434299,TCGA-38-4628-01,TCGA-38-4628,Female,Stage IIB,65,1:DECEASED,49.01,1,II,matched
TCGA-38-4630-01Z-00-DX1.d08d0193-c5ed-4db8-b236-1a4c3c3177b8,TCGA-38-4630-01,TCGA-38-4630,5,5,163.8048598254278,130.16365234815086,0.7946263162574694,992880.5766056109,992.8805766056109,7.627940355806373,168,1.0256105965295725,1.4659902422673927,0.019062556574452414,0.7394796694142785,1.6780618239506702,0.8488416550630717,281.7447289639963,6.551243655810255,0.9480978969899535,TCGA-38-4630-01,TCGA-38-4630,Female,Stage IB,75,1:DECEASED,35.25,1,I,matched
TCGA-38-4631-01Z-00-DX1.5e0c873a-9c4c-4e0b-bf2e-e3cd8b760761,TCGA-38-4631-01,TCGA-38-4631,3,3,68.4997829138872,41.817295212555806,0.6104733976328857,730955.1373728621,730.955137372862,17.479732576137298,247,3.6058508435057366,1.6631909881461617,0.029054929741272016,0.5759568573217324,1.7775760846344482,0.657409407597854,194.0666558329085,16.0960547390718,0.9451425196354463,TCGA-38-4631-01,TCGA-38-4631,Female,Stage IB,72,1:DECEASED,11.63,1,I,matched
TCGA-44-3918-01Z-00-DX1.6da70a8b-6307-423a-9d2d-380c16962855,TCGA-44-3918-01,TCGA-44-3918,4,4,127.69387272434216,64.5617210348556,0.5055976426858598,2153218.5327608427,2153.2185327608427,33.351318679970795,1590,12.45165461801285,1.7845155996653501,0.10660488145332034,0.6609036949124777,1.728888977390386,0.16627583543862448,133.34151657963508,12.16651445466373,0.9584995563740026,TCGA-44-3918-01,TCGA-44-3918,Female,Stage IA,60,0:LIVING,34.03,0,I,matched
TCGA-44-6777-01Z-00-DX1.aca7b23d-a601-4476-8bfd-eb46f0b6a96e,TCGA-44-6777-01,TCGA-44-6777,9,9,118.9186792007706,55.52504136497801,0.4669160617839945,1781698.5718188873,1781.6985718188873,32.088198910243044,1133,9.527519205684705,1.734034305222406,0.14785164608647614,0.6798701493849042,1.5950252834679504,0.08961101092441895,158.1955297770921,11.418930083903934,0.95296158487511,TCGA-44-6777-01,TCGA-44-6777,Female,Stage IB,85,1:DECEASED,32.42,1,I,matched
TCGA-44-7661-01Z-00-DX1.baf72abd-edb9-4f56-beb3-f5138aa50930,TCGA-44-7661-01,TCGA-44-7661,2,2,4.98855352662066,1.0881295363981152,0.21812526027664667,194893.84257059553,194.89384257059552,179.1090454319673,197,39.49040517431342,1.6913398492874077,0.1280722739687779,0.5361798777192311,1.7986936467103467,0.09235537163784363,84.21134068319644,9.967120213282625,0.9051576124764746,TCGA-44-7661-01,TCGA-44-7661,Female,Stage IB,69,1:DECEASED,18.3,1,I,matched
TCGA-44-7670-01Z-00-DX1.2a981dd6-0063-438e-b20e-b180b16e2b23,TCGA-44-7670-01,TCGA-44-7670,6,6,72.96298797998882,30.109039513073018,0.4126618213789553,1587125.6953507536,1587.1256953507536,52.71259797781463,1014,13.897457163871968,1.7295185246121199,0.09677048130999114,0.5822443379099332,2.0574176935507906,0.1549740328154243,117.37112527607002,9.005702254718448,0.931162324743863,TCGA-44-7670-01,TCGA-44-7670,Female,Stage IIA,47,0:LIVING,28.98,0,II,matched
TCGA-44-A479-01Z-00-DX1.CA5654C6-A623-452E-A8AC-DB6279CA97B1,TCGA-44-A479-01,TCGA-44-A479,7,7,127.84849240307612,42.49567121613098,0.3323908668563111,1410005.2201067472,1410.0052201067472,33.17997291854804,1526,11.936003087067169,1.7781771825056016,0.25440371453923183,0.709744876053161,1.7653977157995342,0.05523427563431271,173.21485428977664,28.512675516259144,0.9386717504220234,TCGA-44-A479-01,TCGA-44-A479,Female,Stage IB,73,0:LIVING,15.97,0,I,matched
TCGA-49-4490-01Z-00-DX1.bde106d9-1494-4775-b77d-11c86bb09b72,TCGA-49-4490-01,TCGA-49-4490,7,7,118.39363028643415,47.96582644134566,0.4051385731250925,1944424.1391106881,1944.4241391106882,40.53769700994103,1632,13.784525367214783,1.6095047982255102,0.07733305249674281,0.5599052662992263,1.759683465783154,0.4973539257277585,114.50862654926118,13.765158606387507,0.967874497378674,TCGA-49-4490-01,TCGA-49-4490,Female,Stage IIIA,45,1:DECEASED,12.65,1,III,matched
TCGA-49-4490-01Z-00-DX2.1b491bd7-60d2-40a6-96cd-01385bce2b0f,TCGA-49-4490-01,TCGA-49-4490,17,17,150.8012462339673,52.05420219026298,0.34518416452275985,3223457.3665640615,3223.4573665640614,61.92501721152162,2803,18.58737954758783,1.5585786924665082,0.0879796414913714,0.5687091843264879,1.6683674282091374,0.1992776857526981,109.88831957236964,11.469741236629465,0.9685724546928894,TCGA-49-4490-01,TCGA-49-4490,Female,Stage IIIA,45,1:DECEASED,12.65,1,III,matched
TCGA-49-4490-01Z-00-DX3.0949a10a-0a1f-49dc-9296-ab4d4f0bf988,TCGA-49-4490-01,TCGA-49-4490,10,10,178.672151292485,66.27329187725073,0.37092121742443146,4135642.679117043,4135.642679117043,62.402855840886076,3580,20.036698355635547,1.7231747125171557,0.10733256364705651,0.5993922357471142,1.8399333156306308,0.0999139693735572,106.50216857292553,10.293125399546422,0.97740572580325,TCGA-49-4490-01,TCGA-49-4490,Female,Stage IIIA,45,1:DECEASED,12.65,1,III,matched
TCGA-49-4490-01Z-00-DX4.4e94aeb6-f616-4bdd-82bc-2ca2f2b5a5c4,TCGA-49-4490-01,TCGA-49-4490,21,21,119.43606662168105,33.92199056079328,0.28401798150505625,2047166.376599918,2047.1663765999178,60.34924079502615,1960,16.410453353327394,1.6205597685428468,0.12465846508305226,0.6192510091142728,1.7796227805145175,0.23890996381917778,120.94601996079399,16.089324856119813,0.9385258590989163,TCGA-49-4490-01,TCGA-49-4490,Female,Stage IIIA,45,1:DECEASED,12.65,1,III,matched
TCGA-49-4490-01Z-00-DX5.feea87ff-61c6-465e-8b36-4803f6af3d62,TCGA-49-4490-01,TCGA-49-4490,20,20,189.05516742990545,63.625563884331804,0.3365449606550521,3865296.6481392,3865.2966481392,60.75068592187446,3220,17.032065527613018,1.6214252337378765,0.09774621929607927,0.5660606943823218,1.8812580023802994,0.13862718577925073,115.54270535539105,12.544866449234208,0.9580282492560594,TCGA-49-4490-01,TCGA-49-4490,Female,Stage IIIA,45,1:DECEASED,12.65,1,III,matched
TCGA-49-4490-01Z-00-DX6.0a04ad8e-7f33-4496-bd9e-0110ec33f887,TCGA-49-4490-01,TCGA-49-4490,9,9,187.51471684093602,118.60087920404888,0.6324883785236708,2890368.872857614,2890.368872857614,24.37055182267941,1754,9.353932478205824,1.643594878740322,0.026828139836952057,0.6187286138692417,1.2958510785025403,0.5302046285028759,98.43696870107884,7.713781930877163,0.9734983682413555,TCGA-49-4490-01,TCGA-49-4490,Female,Stage IIIA,45,1:DECEASED,12.65,1,III,matched
TCGA-49-4505-01Z-00-DX1.d49d603e-1f76-43a1-a803-9f2d6a6df715,TCGA-49-4505-01,TCGA-49-4505,4,4,80.99329912938843,26.772982664976983,0.33055799618937104,2018637.4763859855,2018.6374763859856,75.39830364237532,1519,18.754637930890638,1.6887713252170897,0.10077583474452553,0.5363799206496502,1.7664730169165743,0.15476840096760025,110.11438251815856,10.31627109809658,0.9607709759103678,TCGA-49-4505-01,TCGA-49-4505,Female,Stage IIB,61,1:DECEASED,14.06,1,II,matched
TCGA-49-4505-01Z-00-DX2.48df81e7-5a8e-4c5b-993a-6a54481a35e9,TCGA-49-4505-01,TCGA-49-4505,8,8,109.82981248062563,43.24086810152715,0.39370792979506347,2540960.452811842,2540.960452811842,58.76293803458822,1651,15.032348346140008,1.7747112694337999,0.10737598047020552,0.5580065348503352,1.803507850378588,0.09746819633357812,129.6993288214814,10.834869565016989,0.9580823923901659,TCGA-49-4505-01,TCGA-49-4505,Female,Stage IIB,61,1:DECEASED,14.06,1,II,matched
TCGA-49-4505-01Z-00-DX3.d3f8d0c4-e4bc-4201-9b2f-e010f51dd8c3,TCGA-49-4505-01,TCGA-49-4505,7,7,54.553845439299884,17.759528228927994,0.32554127185568216,1173345.7579814813,1173.3457579814813,66.0685206755803,922,16.90073344189598,1.6705562566896175,0.12339185693886415,0.5776708919907182,1.9052719466195656,0.09854644553181792,126.19500306429703,10.464008865864006,0.9487818950690634,TCGA-49-4505-01,TCGA-49-4505,Female,Stage IIB,61,1:DECEASED,14.06,1,II,matched
TCGA-49-4505-01Z-00-DX4.623c4278-fc3e-4c80-bb4d-000e24fbb1c2,TCGA-49-4505-01,TCGA-49-4505,4,4,111.81855293522865,42.87406624759647,0.38342533615536445,2571223.1761831813,2571.2231761831813,59.97152594145009,1850,16.54466053653565,1.7197712585989284,0.08243998543832656,0.5351343932740475,1.8791199823281701,0.12007654977239002,116.33052975653057,11.252754997771984,0.9861861437150716,TCGA-49-4505-01,TCGA-49-4505,Female,Stage IIB,61,1:DECEASED,14.06,1,II,matched
TCGA-49-4506-01Z-00-DX1.b13b8ef2-fd06-4309-a767-696a9afeaedd,TCGA-49-4506-01,TCGA-49-4506,3,3,197.58828151180214,83.68573938892932,0.42353594428083885,6570427.484549233,6570.427484549233,78.51310787866954,6204,31.398623200381593,1.7485783564177786,0.09181263934751618,0.6173892410959907,1.954643548014869,0.03506298728581333,88.07145415735006,7.76307987566838,0.9810371022350063,TCGA-49-4506-01,TCGA-49-4506,Female,Stage IIB,68,1:DECEASED,32.82,1,II,matched
TCGA-49-4506-01Z-00-DX2.81e180ae-bd9f-49cc-9a0f-297800cc7280,TCGA-49-4506-01,TCGA-49-4506,16,16,200.73181284566533,95.78268358063305,0.4771674316231903,5005624.589908829,5005.624589908829,52.260224946557564,3737,18.616879641660137,1.6594498194010208,0.056973248567406654,0.6237097276386753,1.9168390888562292,0.35713841552844694,100.68305494877444,8.379293018385493,0.9581414726756717,TCGA-49-4506-01,TCGA-49-4506,Female,Stage IIB,68,1:DECEASED,32.82,1,II,matched
TCGA-49-4506-01Z-00-DX3.a05a3969-bbef-48d8-86de-f51c8870afd6,TCGA-49-4506-01,TCGA-49-4506,12,12,256.7712672797894,118.28536695806378,0.46066434228084713,7434121.276357779,7434.12127635778,62.84903591661875,5693,22.171483828043165,1.3395842077961584,0.06543469414650185,0.6010707439565075,1.997762615212274,0.08276585201097075,97.61953171788723,8.314826254212113,0.977306580752999,TCGA-49-4506-01,TCGA-49-4506,Female,Stage IIB,68,1:DECEASED,32.82,1,II,matched
TCGA-49-4506-01Z-00-DX4.9460a2c1-efe2-4095-9b0e-dfe0eda684ba,TCGA-49-4506-01,TCGA-49-4506,4,4,124.3506311699824,65.21133711651935,0.5244150070085131,3102860.0861648703,3102.86008616487,47.58160503012985,1900,15.279375602064897,1.5658260327456572,0.04703410543884385,0.7031573733250911,1.7808962495584792,0.2434899946212692,103.27441908469034,7.609095415810375,0.9564250517054255,TCGA-49-4506-01,TCGA-49-4506,Female,Stage IIB,68,1:DECEASED,32.82,1,II,matched
TCGA-49-4507-01Z-00-DX2.a7bfbeee-00ea-4301-ace4-ce591807e2d3,TCGA-49-4507-01,TCGA-49-4507,4,4,146.7341423316342,119.27879230605214,0.8128905134871054,1130516.4386155459,1130.516438615546,9.4779333086707,300,2.0445139436053625,1.5157475852810256,0.0084703020365331,0.6792411323358538,2.135458697124331,0.9316577177383685,161.83880690939588,6.911857887704853,0.9468198861770998,TCGA-49-4507-01,TCGA-49-4507,Female,Stage IIIA,73,1:DECEASED,8.8,1,III,matched
TCGA-49-6743-01Z-00-DX4.5ea81023-1372-48ed-88a8-374e2394d7f7,TCGA-49-6743-01,TCGA-49-6743,8,8,23.364952554576035,4.183277699128531,0.17904071019862763,478906.7499442934,478.9067499442934,114.48122366919608,440,18.831623944976762,1.5566817710847713,0.12245484630680874,0.5950615285681593,1.9841905485643747,0.18582570766880102,107.96972777872102,13.49263473914781,0.934062151260527,TCGA-49-6743-01,TCGA-49-6743,Female,Stage IIIA,81,0:LIVING,53.25,0,III,matched
TCGA-49-6761-01Z-00-DX1.10c577a2-f65c-4517-8a25-83d44e380f8f,TCGA-49-6761-01,TCGA-49-6761,6,6,132.28878487309882,43.14495939279851,0.3261422306825658,2872049.7664895346,2872.0497664895347,66.5674462766772,3153,23.83421998338401,1.7786547627678535,0.1631661726027215,0.6226789987485059,1.8600896167738907,0.06660633139197403,113.81580216018526,15.05574763990732,0.9594882948808305,TCGA-49-6761-01,TCGA-49-6761,Female,Stage IIIA,68,0:LIVING,11.63,0,III,matched
TCGA-49-6767-01Z-00-DX1.53459c0e-b8ec-4893-9910-87b63c503134,TCGA-49-6767-01,TCGA-49-6767,12,12,199.8277186589591,142.6318988778236,0.7137743443953833,1675184.8285198691,1675.1848285198691,11.744811936878214,945,4.7290736557564745,1.5835512280316844,0.015233864309428352,0.579311690786715,1.5023208049823797,0.8610640603565393,126.94278484862168,13.305170033845584,0.983529658773841,TCGA-49-6767-01,TCGA-49-6767,Female,Stage IIB,46,0:LIVING,22.24,0,II,matched
TCGA-49-AAQV-01Z-00-DX1.4CC37621-C952-4684-96E3-9B97CDAD8056,TCGA-49-AAQV-01,TCGA-49-AAQV,9,9,143.05170065442832,51.24167268427934,0.35820386929942516,4411571.032194064,4411.571032194064,86.0934235963673,4420,30.897919981234242,1.7312505646105298,0.13476676089358972,0.5943414188262922,1.7998617762482967,0.06463667389034729,95.16934669936064,8.581303681226888,0.9721298612065312,TCGA-49-AAQV-01,TCGA-49-AAQV,Female,Stage II,63,1:DECEASED,22.24,1,II,matched
TCGA-49-AARE-01Z-00-DX1.3559B3A9-6699-472F-B731-1BD9F93EE82A,TCGA-49-AARE-01,TCGA-49-AARE,11,11,64.75160682718455,24.121500818427428,0.37252358667801505,1167274.7060494225,1167.2747060494225,48.39146265549498,755,11.659942308690782,1.645190279095171,0.06555867688377419,0.6112981798533914,2.039016872677732,0.3989509381336247,140.42203768324282,13.785344763143966,0.9271782058223874,TCGA-49-AARE-01,TCGA-49-AARE,Female,Stage IA,51,1:DECEASED,40.37,1,I,matched
TCGA-49-AARO-01Z-00-DX1.FB8C82DC-F823-43CF-A8EA-1208C767AF54,TCGA-49-AARO-01,TCGA-49-AARO,13,13,50.48974160216825,19.68723879382564,0.38992552088997395,996961.4905226371,996.9614905226372,50.6399856761684,605,11.982632130840983,1.6200194055497725,0.06084831829652419,0.5747881234062001,1.9484689822685721,0.4094470659550756,122.51454666961811,8.900534463912132,0.9318343261276929,TCGA-49-AARO-01,TCGA-49-AARO,Female,Stage IA,39,0:LIVING,123.49,0,I,matched
TCGA-50-5931-01Z-00-DX1.34261ED6-7815-487C-A50C-2DAD587187B9,TCGA-50-5931-01,TCGA-50-5931,8,8,164.5157431906153,81.58365918887941,0.49590183654553305,2629315.606635259,2629.315606635259,32.22845889454366,1736,10.55218161090269,1.2734340960771298,0.11813238956142415,0.6345712954227172,1.6558870637216803,0.10013194681251894,141.2984363154015,12.637528146752029,0.9622599122953167,TCGA-50-5931-01,TCGA-50-5931,Female,Stage IB,75,1:DECEASED,14.26,1,I,matched
TCGA-50-6590-01Z-00-DX1.B08B2656-3DC7-4D35-A54D-9C57A7A773B3,TCGA-50-6590-01,TCGA-50-6590,5,5,89.69307461581077,48.80153457437666,0.5440947897417056,1342987.7854851605,1342.9877854851604,27.519376126141303,548,6.109724773593618,1.6461935068781846,0.021707877991839045,0.5713967156071911,1.6609828448949686,0.5819880458868604,123.20314424224425,8.939171308838274,0.9474950574653453,TCGA-50-6590-01,TCGA-50-6590,Female,Stage IB,72,1:DECEASED,42.31,1,I,matched
TCGA-50-6594-01Z-00-DX1.43b2005a-4245-4025-ad85-4a957f308a5c,TCGA-50-6594-01,TCGA-50-6594,9,9,119.95741638956112,65.8092668910468,0.5486052373563258,1467683.055799561,1467.683055799561,22.302072719172564,905,7.5443438783394345,1.663834872832402,0.04624944333890031,0.6273450990690153,1.437215866915569,0.6206998626455451,147.13835850443596,14.62469774136586,0.9653136804131778,TCGA-50-6594-01,TCGA-50-6594,Female,Stage IIIA,79,1:DECEASED,12.16,1,III,matched
TCGA-50-6597-01Z-00-DX1.ec7fc0b2-78a1-4384-bddd-e89f02ee5eb6,TCGA-50-6597-01,TCGA-50-6597,3,3,99.96448213524856,62.233128712273476,0.6225524044437519,1798370.3380815778,1798.3703380815778,28.897315228937014,839,8.39298100764291,1.6501437490054238,0.015949707321062767,0.5964755582846809,1.4960247451315294,0.6065317712716539,111.72436407020083,6.58644451903074,0.9669596007922342,TCGA-50-6597-01,TCGA-50-6597,Female,Stage IB,79,1:DECEASED,41.66,1,I,matched
TCGA-50-6673-01Z-00-DX1.e24fb432-3fff-4f00-a316-16d05275c1e7,TCGA-50-6673-01,TCGA-50-6673,1,1,76.25260929835731,39.92425034171197,0.5235788087657224,1081320.7666515731,1081.3207666515732,27.08430984668567,754,9.888186213402708,1.769170625723123,0.20285161854670408,0.7050050283879248,1.7186018656849364,0.05634260478881707,169.35568386165846,12.390702897192412,0.9646945863004716,TCGA-50-6673-01,TCGA-50-6673,Female,Stage I,84,1:DECEASED,0.72,1,I,matched
TCGA-53-7624-01Z-00-DX1.51b4de19-3531-4bcb-b822-fa966480f2ad,TCGA-53-7624-01,TCGA-53-7624,4,4,234.32385247949907,188.87997969326403,0.8060638201985395,1642433.2396877669,1642.433239687767,8.695644940003879,629,2.6843191307424883,1.578497336889062,0.01142588713319785,0.7640574653650698,1.2361355951242499,0.8924870480858816,126.08530882381393,9.987527213028033,0.9814172150748113,TCGA-53-7624-01,TCGA-53-7624,Female,Stage IV,40,1:DECEASED,34.26,1,IV,matched
TCGA-53-7626-01Z-00-DX1.FD4CAF75-07B5-4117-83DD-99233DAA3EBC,TCGA-53-7626-01,TCGA-53-7626,8,8,101.08228199307709,28.884903977485124,0.28575635025199964,1864830.92968111,1864.8309296811099,64.56074533378013,1669,16.511301160714854,1.7278665005092875,0.15038335745682974,0.6617699819079217,1.8882922521588053,0.1358912631078476,135.09875753568585,22.095845070478166,0.96298266802894,TCGA-53-7626-01,TCGA-53-7626,Female,Stage IIA,76,1:DECEASED,30.52,1,II,matched
TCGA-53-7813-01Z-00-DX1.97c5eff3-ceeb-499b-b2e1-bcd3cd60c5e7,TCGA-53-7813-01,TCGA-53-7813,2,2,95.37343042648247,51.53736690629233,0.5403744698689361,1258594.2969254449,1258.594296925445,24.421005039195745,624,6.542702692035423,1.8130190470833627,0.1015638446809924,0.6204123120627797,1.685653114837289,0.1797189517325932,171.8422872983656,14.731547535662374,0.9729081533749903,TCGA-53-7813-01,TCGA-53-7813,Female,Stage IIIB,51,0:LIVING,13.93,0,III,matched
TCGA-55-6970-01Z-00-DX1.be042a9b-3eab-4b6c-9cd7-7486ffab037f,TCGA-55-6970-01,TCGA-55-6970,4,4,130.0371073885929,53.33462172667283,0.4101492473782253,2524965.899176548,2524.9658991765477,47.3419669519059,1838,14.134426987117317,1.7699718511693185,0.1453595977697733,0.6320655564189895,1.840200411494875,0.046927565847474186,130.8662303444825,13.81656131458004,0.9698127768122019,TCGA-55-6970-01,TCGA-55-6970,Female,Stage IIIA,67,1:DECEASED,15.24,1,III,matched
TCGA-55-6971-01Z-00-DX1.6c790768-8252-466a-95e1-97d2086a8132,TCGA-55-6971-01,TCGA-55-6971,2,2,19.032495167878963,8.59268012243027,0.45147417858968314,290736.6848898612,290.7366848898612,33.83539020973494,167,8.77446695911133,1.6957906763349255,0.08356466967110843,0.6524320119657602,1.5941313453410508,0.4677051764298845,166.13554373350794,18.75,0.9415193117098946,TCGA-55-6971-01,TCGA-55-6971,Female,Stage IB,59,0:LIVING,45.99,0,I,matched
TCGA-55-6979-01Z-00-DX1.9238436e-3886-4a10-86fe-26658967dff2,TCGA-55-6979-01,TCGA-55-6979,6,6,75.629206721607,36.278325789404384,0.479686715780926,908880.7204986904,908.8807204986904,25.052995162311,530,7.0078746422786535,1.7375608741965893,0.10863245800701637,0.6449654857261125,1.8386519425574175,0.14913825066579275,183.11139016431184,18.156737144717823,0.9685152239700968,TCGA-55-6979-01,TCGA-55-6979,Female,Stage IIB,59,1:DECEASED,7.79,1,II,matched
TCGA-55-7724-01Z-00-DX1.31a194ac-62e3-4225-8e32-8c2a83dcdd10,TCGA-55-7724-01,TCGA-55-7724,3,3,2.3313934307885953,0.46282082791177803,0.1985168276618282,40162.88330033557,40.162883300335565,86.77846993521936,33,14.154625111402895,1.4680653989139534,0.11925035089880918,0.6376598688662103,1.5684897097302957,0.3803185001780731,117.32112294145625,28.311184833472876,0.7614962888980672,TCGA-55-7724-01,TCGA-55-7724,Female,Stage IB,76,0:LIVING,23.16,0,I,matched
TCGA-55-7726-01Z-00-DX1.37df197b-d4fb-41c4-ac6a-72dbaa31027b,TCGA-55-7726-01,TCGA-55-7726,1,1,15.458669280607648,5.0371169071681,0.3258441471082497,262294.7249446944,262.2947249446944,52.07239176272329,204,13.19647870699393,1.6904671593151166,0.10525734789639116,0.5888302067725605,1.7135967539933958,0.12599301148734635,132.42157873301505,21.403854793003994,0.9493240420310828,TCGA-55-7726-01,TCGA-55-7726,Female,Stage IA,72,0:LIVING,21.42,0,I,matched
TCGA-55-7995-01Z-00-DX1.fef24d04-35a0-4f57-8f51-7ad602a78871,TCGA-55-7995-01,TCGA-55-7995,1,1,36.08078731682949,18.64967715407584,0.516886646355882,572858.4909333552,572.8584909333551,30.716804703944078,272,7.538638156965288,1.7178750927750988,0.060661880705484464,0.6074649399942833,2.0444346149859682,0.31800094953969527,164.95548641982177,10.621322893124,0.9562951326759545,TCGA-55-7995-01,TCGA-55-7995,Female,Stage IA,73,0:LIVING,29.2,0,I,matched
TCGA-55-8096-01Z-00-DX1.c833417d-10c1-4430-a241-d6f5496e1cd9,TCGA-55-8096-01,TCGA-55-8096,2,2,32.38629121930259,13.373409515543312,0.4129342697805611,552990.089602396,552.990089602396,41.34997054862341,374,11.548095997392002,1.782497768936247,0.12037437174366596,0.6083401487943353,1.6778657288856913,0.13158721777796167,152.9885599752967,14.532792295883356,0.9322729264909481,TCGA-55-8096-01,TCGA-55-8096,Female,Stage IB,67,1:DECEASED,23.62,1,I,matched
TCGA-55-8204-01Z-00-DX1.30ba69f3-53f1-41cc-826c-20dce3cfe86b,TCGA-55-8204-01,TCGA-55-8204,2,2,1.2008420984029817,0.18689704129512674,0.1556383154318823,20386.124049904247,20.386124049904247,109.07676177555308,21,17.4877280101424,1.4365379233922138,0.11928307166440501,0.5655459841443443,1.8414266142509215,0.36185286777804193,151.38572235281052,29.33281027559781,0.6911522366001371,TCGA-55-8204-01,TCGA-55-8204,Female,Stage IB,87,0:LIVING,16.92,0,I,matched
TCGA-55-8299-01Z-00-DX1.6F652EC5-EBB8-499C-A66D-E0951FBFCAA2,TCGA-55-8299-01,TCGA-55-8299,7,7,19.782634178296586,3.893458182866861,0.19681191836112255,382422.91160771827,382.4229116077183,98.22191318005365,361,18.24832814206568,1.2579129322894382,0.1641705707139075,0.6847334287126113,1.6261261787821855,0.1530902178877359,123.19446617784472,21.9531394600086,0.8918513177783979,TCGA-55-8299-01,TCGA-55-8299,Female,Stage IA,61,1:DECEASED,15.41,1,I,matched
TCGA-55-8510-01Z-00-DX1.BB1EAC72-6215-400B-BCBF-E3D51A60182D,TCGA-55-8510-01,TCGA-55-8510,2,2,14.349591733469037,5.245201339678972,0.3655296566692589,357658.4330617192,357.65843306171917,68.18774149928234,374,26.063459291854354,1.6708759347545428,0.18722430980391644,0.632563648251298,1.6597251396371682,0.07230928226868898,103.9340867309495,9.670031229525295,0.9372330040298732,TCGA-55-8510-01,TCGA-55-8510,Female,Stage IB,55,0:LIVING,17.71,0,I,matched
TCGA-55-8511-01Z-00-DX1.8EDFB05B-5B59-46EA-973C-1048B1E284D2,TCGA-55-8511-01,TCGA-55-8511,1,1,29.452349232137035,13.716892138742368,0.46573168172863894,457796.9064448035,457.79690644480354,33.37468151052886,246,8.352474638307502,1.6429521689922313,0.0402707661822447,0.5978584751131754,1.606528348835578,0.25719605388036915,136.15995086261245,15.310129804120105,0.9630240031889358,TCGA-55-8511-01,TCGA-55-8511,Female,Stage IB,73,0:LIVING,18.13,0,I,matched
TCGA-55-A493-01Z-00-DX1.1CF94B85-7A64-4213-9B04-16504512DE2E,TCGA-55-A493-01,TCGA-55-A493,1,1,31.77005785964351,19.878872768875368,0.6257109400523587,341703.9817141066,341.7039817141066,17.189303723957494,118,3.7141890178894394,1.6458261314009006,0.03832470549137933,0.6649955183993423,1.461678988327357,0.44386185164674763,202.73901621495796,12.652439764744859,0.9505644212748341,TCGA-55-A493-01,TCGA-55-A493,Female,Stage IB,54,0:LIVING,0.92,0,I,matched
TCGA-55-A494-01Z-00-DX1.8C7C4BE0-791A-47CA-B0A8-1935366350E0,TCGA-55-A494-01,TCGA-55-A494,4,4,155.679756193093,111.04421893696903,0.7132861821754042,1680927.0621613932,1680.9270621613932,15.13745675599305,435,2.7941975927843825,1.6228567273633254,0.026379246436689343,0.6331735221857689,1.4896672555911585,0.8213930273497565,213.78862052125064,8.827173742593699,0.9284005788937038,TCGA-55-A494-01,TCGA-55-A494,Female,Stage IB,61,0:LIVING,15.8,0,I,matched
TCGA-62-A46O-01Z-00-DX1.39B361AD-ED1D-4C0C-8611-0E8CCBDBD252,TCGA-62-A46O-01,TCGA-62-A46O,7,7,140.71717374881723,87.0581919800798,0.6186749609928943,2033310.6250199727,2033.3106250199726,23.35576444644318,1122,7.973440413199251,1.6085808304342177,0.052064799203796336,0.7182673512110488,1.7003568760956074,0.37508946012619115,127.292690351621,11.612456278162476,0.9567393014895116,TCGA-62-A46O-01,TCGA-62-A46O,Female,Stage IB,65,1:DECEASED,47.77,1,I,matched
TCGA-64-1677-01Z-00-DX1.7720D42B-1F57-4C23-9BC5-87C456E7737B,TCGA-64-1677-01,TCGA-64-1677,12,12,66.26470413665133,12.672049209866445,0.19123377030000913,1888466.852095896,1888.466852095896,149.02616150082005,1924,29.03506512354329,1.6542633567354517,0.10963305050159594,0.6579023751253508,1.8839824092405661,0.05038409929056576,97.65061007299845,9.26594915076492,0.9389136093403189,TCGA-64-1677-01,TCGA-64-1677,Female,Stage IIIA,77,1:DECEASED,20.63,1,III,matched
TCGA-64-1678-01Z-00-DX1.92C851BD-37AC-4C4C-9920-DF394411CC2C,TCGA-64-1678-01,TCGA-64-1678,9,9,25.51546858501831,4.376033742001948,0.17150512942456345,642660.6582616867,642.6606582616866,146.85916429147144,539,21.12444058019298,1.5984842732545197,0.0830516575867317,0.60708643603385,2.0157592137724447,0.08908668006419879,115.33549425089045,9.372630980385157,0.9243396006935678,TCGA-64-1678-01,TCGA-64-1678,Female,[Discrepancy],70,0:LIVING,39.06,0,,matched
TCGA-64-1679-01Z-00-DX1.f9fd24ef-d51c-4530-9fb5-e8a8f09dba73,TCGA-64-1679-01,TCGA-64-1679,5,5,42.18078071738444,7.154377858050856,0.16961226739699115,1011388.5512768556,1011.3885512768557,141.36638731468946,1404,33.28530141267285,1.638568808431583,0.17067099993553544,0.5952161559276777,2.0060065141924452,0.03403003300137437,96.08269727658552,15.07883958564439,0.9378249538170642,TCGA-64-1679-01,TCGA-64-1679,Female,Stage IIIA,58,0:LIVING,81.73,0,III,matched
TCGA-67-3771-01Z-00-DX1.7B54D132-6AB7-4F2D-8BFF-33AFE83CF204,TCGA-67-3771-01,TCGA-67-3771,6,6,86.70131861981967,39.897250118687865,0.46016889654971727,1336502.126418239,1336.502126418239,33.49860259647874,750,8.6503874674468,1.743071883045832,0.09106710486565461,0.6107498554119519,1.634355993311835,0.19353400257617692,141.6695472243559,11.56691519005533,0.946430451613107,TCGA-67-3771-01,TCGA-67-3771,Female,Stage IA,77,0:LIVING,20.04,0,I,matched
TCGA-69-7974-01Z-00-DX1.e4282067-fc3d-4fee-bae7-fe99000979d4,TCGA-69-7974-01,TCGA-69-7974,1,1,98.85025911555455,54.870142178909674,0.5550834430769398,1422292.8878013054,1422.2928878013054,25.92107166706029,793,8.022234914660105,1.760553593138729,0.06845326684661793,0.5620175792854623,1.919556785887755,0.2106754211661833,153.80477936738507,14.267533073380275,0.9645966727220328,TCGA-69-7974-01,TCGA-69-7974,Female,Stage IIIA,54,0:LIVING,6.04,0,III,matched
TCGA-69-A59K-01Z-00-DX1.01EAF520-9AC1-4ECC-8EF3-B9122924A1E3,TCGA-69-A59K-01,TCGA-69-A59K,4,4,158.05412972014483,105.73259781516492,0.6689644744011314,1532438.266989459,1532.438266989459,14.493527054621046,332,2.100546190016349,1.1147310095722751,0.035994176749360646,0.5379354980738976,1.6286296746695388,0.6319345602245193,271.1747186509455,18.44633268227952,0.9713769217734147,TCGA-69-A59K-01,TCGA-69-A59K,Female,Stage IIB,60,0:LIVING,19.42,0,II,matched
TCGA-73-4666-01Z-00-DX1.dd9c8922-ddd1-4674-8124-9e334532e47e,TCGA-73-4666-01,TCGA-73-4666,4,4,60.52691492472379,34.82010849132904,0.5752830544004129,872096.4212700473,872.0964212700474,25.0457697880872,482,7.963399433119209,1.655744985945156,0.05965990279249164,0.6063931866060465,1.3684458032218554,0.49503767533086906,136.21899098666347,12.398259622551025,0.944202198899909,TCGA-73-4666-01,TCGA-73-4666,Female,Stage IV,52,0:LIVING,26.28,0,IV,matched
TCGA-73-4668-01Z-00-DX1.3470b27e-210f-4ff3-9dde-69aa85faa9ee,TCGA-73-4668-01,TCGA-73-4668,4,4,85.71134602150073,28.05630829437789,0.3273348231789517,2336738.047040704,2336.7380470407043,83.28743833731524,1532,17.873946345629633,1.7701409864871154,0.07713434273945927,0.5731048576858867,2.284680927583379,0.12711853685892915,112.42556178068492,9.31504069664433,0.9724024979802673,TCGA-73-4668-01,TCGA-73-4668,Female,Stage IIB,66,0:LIVING,15.34,0,II,matched
TCGA-73-4670-01Z-00-DX1.a92a23d5-01aa-45a2-9f83-4784cd65fd58,TCGA-73-4670-01,TCGA-73-4670,8,8,18.940448215699195,7.015548404536217,0.3704003371325304,290959.7702499055,290.9597702499055,41.47356036511307,235,12.407309337337393,1.6117213450231043,0.15374079484957337,0.7150157970745062,1.6609470961837534,0.21165362607102106,125.29624600707072,10.412302277180833,0.8807763972522265,TCGA-73-4670-01,TCGA-73-4670,Female,Stage IV,69,0:LIVING,4.3,0,IV,matched
TCGA-73-7499-01Z-00-DX1.81f5c1c1-3d40-4773-a1fb-e1f8eb9f6730,TCGA-73-7499-01,TCGA-73-7499,9,9,54.053270126540745,16.803579923426504,0.3108707370356814,1101705.648237168,1101.7056482371681,65.56374613371754,905,16.7427428142897,1.6613916177407375,0.10237880452759761,0.5903943110929528,1.7389181837933012,0.27158603308100954,120.81958430475201,12.280518032545439,0.9153775971745574,TCGA-73-7499-01,TCGA-73-7499,Female,Stage IB,81,1:DECEASED,50.3,1,I,matched
TCGA-75-6214-01Z-00-DX1.00424C13-65B8-4872-81EB-EE207AB3F78C,TCGA-75-6214-01,TCGA-75-6214,3,3,23.31979692941678,17.998545707562702,0.7718139982968043,133162.3569449395,133.1623569449395,7.39850647427513,51,2.1869830236671572,1.2450689749258665,0.04726388869907848,0.8087200366104672,1.6333661055179398,0.9343448980952741,155.51053425755273,13.613683636853283,0.8544723278174648,TCGA-75-6214-01,TCGA-75-6214,Female,Stage IIIA,,1:DECEASED,36.63,1,III,matched
TCGA-78-7220-01Z-00-DX1.3df84ce0-4395-4c9e-ba62-76b55676a440,TCGA-78-7220-01,TCGA-78-7220,4,4,191.24847681444308,127.89512197376582,0.6687379899911818,1764094.7062818203,1764.0947062818202,13.793291558404205,763,3.989574258101376,1.7074116558261319,0.05558274257312757,0.6914801955289843,1.4935325759110898,0.3691012515451677,180.9517667546986,13.852568809126218,0.9797833144951111,TCGA-78-7220-01,TCGA-78-7220,Female,Stage IIIA,53,1:DECEASED,26.51,1,III,matched
TCGA-83-5908-01Z-00-DX1.381c8f82-61a0-4e9d-982d-1ad0af7bead9,TCGA-83-5908-01,TCGA-83-5908,1,1,77.98219608100038,29.52506424693643,0.3786128851291728,1397309.7450996407,1397.3097450996406,47.32622199948736,1417,18.170814252629626,1.6683936682111784,0.14416971394066613,0.628414733544821,1.9237558239773191,0.05204766326714119,119.5183040374988,15.90990257669732,0.9623479119835822,TCGA-83-5908-01,TCGA-83-5908,Female,Stage IA,59,0:LIVING,27.07,0,I,matched
TCGA-86-6851-01Z-00-DX1.0b13e600-fd7b-44a2-9ec2-26e9938fb7bc,TCGA-86-6851-01,TCGA-86-6851,7,7,10.950318531066372,3.4623861359333503,0.3161904492650566,157692.7084491717,157.6927084491717,45.54451821898331,126,11.506514595217878,1.5244598768844988,0.1403903508885385,0.6291563681556825,1.8798377475738828,0.47080521432410916,156.4242850547616,17.33553301367463,0.7554731675108726,TCGA-86-6851-01,TCGA-86-6851,Female,Stage IIA,73,0:LIVING,5.88,0,II,matched
TCGA-86-8056-01Z-00-DX1.eee7e03a-842c-4a44-bff8-f7b906725605,TCGA-86-8056-01,TCGA-86-8056,9,9,15.709807483475146,4.265648410864091,0.2715277329369598,292705.9599048287,292.7059599048287,68.61933561128527,196,12.476282742876942,1.445451875352842,0.08873257436630867,0.5822758586613758,2.1740405478230302,0.27231624720600833,139.83489438305602,8.820479831751767,0.8841591892738082,TCGA-86-8056-01,TCGA-86-8056,Female,Stage IIIA,63,0:LIVING,4.57,0,III,matched
TCGA-95-7039-01Z-00-DX1.C191A46D-A667-4BF6-8E6B-3E5CBF9DF43F,TCGA-95-7039-01,TCGA-95-7039,8,8,88.91779372059014,24.42551616242512,0.2746977307959121,1740774.4990976192,1740.7744990976191,71.26868834712822,1484,16.689572895423286,1.4582799216354012,0.11262229129876943,0.5788655541493136,1.853158618511109,0.08460752625492507,124.23475224418777,14.060913766434934,0.974561686137772,TCGA-95-7039-01,TCGA-95-7039,Female,Stage IIB,54,0:LIVING,41.79,0,II,matched
TCGA-95-7948-01Z-00-DX1.FF1AEF38-19E5-4475-87C8-B318204FEF1D,TCGA-95-7948-01,TCGA-95-7948,6,6,120.26178463452962,58.73363819719612,0.48838156173787967,2352233.947569042,2352.233947569042,40.04917828641058,1386,11.524858077002552,1.3430282094837336,0.051530580069348866,0.6136755889462717,1.5979103266708674,0.30424006808108867,128.9269923962304,9.725127868215449,0.9720870164757478,TCGA-95-7948-01,TCGA-95-7948,Female,Stage IB,42,0:LIVING,15.64,0,I,matched
TCGA-97-7938-01Z-00-DX1.d774d0a2-ee34-43ba-9d9d-34bf9718292e,TCGA-97-7938-01,TCGA-97-7938,3,3,46.90131327676232,8.840881724918598,0.18849966253074824,1584544.797107047,1584.5447971070469,179.22927219362123,1465,31.235799120487474,1.715863922500566,0.10702779666723382,0.4956067789242824,2.118553493654629,0.024552498304746703,91.37765168655703,8.031458416523865,0.9707765948942884,TCGA-97-7938-01,TCGA-97-7938,Female,Stage IA,76,1:DECEASED,0.59,1,I,matched
TCGA-97-8172-01Z-00-DX1.812ab977-692e-42f8-af57-7ce9084ab045,TCGA-97-8172-01,TCGA-97-8172,10,10,209.62284535831571,62.613836258936544,0.2986975782716264,4327911.359709487,4327.911359709487,69.12068670911036,5403,25.774862423818654,1.7463008627546284,0.2321909135434468,0.6568875460136842,1.7927569563081363,0.01568263145650538,112.83755196743708,17.257651784350223,0.9751695376901498,TCGA-97-8172-01,TCGA-97-8172,Female,Stage IB,75,0:LIVING,17.9,0,I,matched
TCGA-97-8175-01Z-00-DX1.f7148cec-5e4b-46ac-b167-d41b36eb3ee5,TCGA-97-8175-01,TCGA-97-8175,14,14,213.49301203987596,112.88276052347845,0.528742179638153,3033422.9297613846,3033.4229297613847,26.872331219526334,1632,7.64427830403731,1.3311843443443505,0.04896519276901719,0.6225887827435952,1.6732837274594679,0.36140911536332104,135.2448601714046,11.054449465720563,0.961420530792252,TCGA-97-8175-01,TCGA-97-8175,Female,Stage IB,55,0:LIVING,18.1,0,I,matched
TCGA-J2-8192-01Z-00-DX1.A784F381-7906-480F-99A1-0B88005953A0,TCGA-J2-8192-01,TCGA-J2-8192,10,10,540.9530899817253,201.33005099589437,0.37217654307639836,13010213.496046279,13010.213496046279,64.62131923024045,10522,19.450854787344795,1.739242918061211,0.13312061503182868,0.5719213350056174,1.9529152851317255,0.026495714062372507,107.07617935673022,10.50456413198869,0.9800543618227981,TCGA-J2-8192-01,TCGA-J2-8192,Female,Stage IIA,65,0:LIVING,24.28,0,II,matched
TCGA-J2-A4AD-01Z-00-DX1.C3C3B0C6-0666-4CCF-8422-345560B237DA,TCGA-J2-A4AD-01,TCGA-J2-A4AD,1,1,10.855131987262663,2.1441941627626244,0.19752815214762998,386066.44534066325,386.0664453406633,180.0519990424968,482,44.40296078993563,,0.13902484583682345,0.5496326827465499,1.809404716822889,0.057723689553795914,78.4211636374391,11.542029296656501,0.9373871781594335,TCGA-J2-A4AD-01,TCGA-J2-A4AD,Female,Stage IA,61,1:DECEASED,18.07,1,I,matched
TCGA-L9-A5IP-01Z-00-DX1.E699D989-8BB8-41DF-9B95-A880858653E6,TCGA-L9-A5IP-01,TCGA-L9-A5IP,13,13,114.53046487622534,71.07770913063834,0.6206008960799468,1705476.5840983083,1705.4765840983084,23.994535065328318,864,7.543844346862093,1.5348275350035958,0.031112299141172476,0.6813986021023958,1.9338410163264945,0.5603553895110064,159.89785316135254,12.714524068279738,0.90526515256785,TCGA-L9-A5IP-01,TCGA-L9-A5IP,Female,Stage IV,40,1:DECEASED,1.91,1,IV,matched
TCGA-MP-A4T4-01Z-00-DX1.5F72FF0B-59C0-4E95-A8C1-BF22A948F7AC,TCGA-MP-A4T4-01,TCGA-MP-A4T4,2,2,80.84687786090302,29.978119434746073,0.37080120133177435,1291826.4267052708,1291.8264267052707,43.09231036046852,1159,14.335742216218398,1.7464344068216482,0.16958022466329334,0.6958259455999948,1.8572639417826369,0.03654589311084318,140.5865355673206,15.946905140557426,0.9661536067278598,TCGA-MP-A4T4-01,TCGA-MP-A4T4,Female,Stage IIB,68,1:DECEASED,85.97,1,II,matched
TCGA-MP-A4T7-01Z-00-DX1.C74D7A5B-1D1A-423B-85CA-C11E0CCF5873,TCGA-MP-A4T7-01,TCGA-MP-A4T7,5,5,79.38510591345157,33.38996737580677,0.42060745515928005,1132175.180149117,1132.175180149117,33.90764559325244,835,10.518345858357188,1.6976729095877834,0.07308944392026358,0.5845228415436526,1.8392387225742501,0.1938699796681998,136.0198840002876,13.664878646143436,0.9586042879839495,TCGA-MP-A4T7-01,TCGA-MP-A4T7,Female,Stage IV,75,1:DECEASED,5.49,1,IV,matched
TCGA-MP-A4T9-01Z-00-DX1.F7B341C4-EBCD-455F-BE90-3B77AC6B76EC,TCGA-MP-A4T9-01,TCGA-MP-A4T9,1,1,0.20180077298432267,0.03806106583452794,0.1886071359968715,5350.3897361744675,5.350389736174468,140.57382836927135,2,9.910764812359636,1.4286737082017398,0.050934494869918134,0.4121201061390315,1.2382098350064403,0.8758293047294726,222.71734468828421,4.962358310319802,0.30934007184585155,TCGA-MP-A4T9-01,TCGA-MP-A4T9,Female,Stage IIIA,54,1:DECEASED,41.56,1,III,matched
TCGA-MP-A4TA-01Z-00-DX1.11DDADA4-B7A2-4216-9B18-7AD993AE12E4,TCGA-MP-A4TA-01,TCGA-MP-A4TA,1,1,28.361632593072724,6.032081861738833,0.21268457808074692,436012.1968049532,436.0121968049532,72.28220816606532,358,12.622686611046532,1.5565477958788596,0.1532116040166927,0.5990008108084741,2.001378070880904,0.041986629761029334,144.32481646130964,16.405029716522918,0.9675026086066765,TCGA-MP-A4TA-01,TCGA-MP-A4TA,Female,Stage IA,75,1:DECEASED,31.21,1,I,matched
TCGA-MP-A4TF-01Z-00-DX1.F98B0438-6D32-4EA3-ABA8-E624457EA658,TCGA-MP-A4TF-01,TCGA-MP-A4TF,11,11,146.3172060131011,73.44311726816366,0.5019445031064057,2170432.8150735395,2170.4328150735396,29.552569332652567,1587,10.846297870517713,1.744113142303803,0.08237554917737482,0.6095726528914831,1.7668734699065705,0.43674798691365574,140.96788721296747,12.66482979904532,0.9461944549635747,TCGA-MP-A4TF-01,TCGA-MP-A4TF,Female,Stage IIA,58,1:DECEASED,11.04,1,II,matched
TCGA-MP-A4TK-01Z-00-DX1.57494698-D9D9-4C04-AAB2-16616CCFDCC9,TCGA-MP-A4TK-01,TCGA-MP-A4TK,7,7,101.27864007018458,34.92463001715831,0.34483707515183926,1749484.1804891855,1749.4841804891855,50.09313426168501,1311,12.944486607358636,1.613553382884489,0.11915097432798949,0.6213000563762473,1.8183401922407056,0.09182148151007039,135.87792863583766,15.19520662358987,0.9484571461110123,TCGA-MP-A4TK-01,TCGA-MP-A4TK,Female,Stage IIB,56,1:DECEASED,19.12,1,II,matched
TCGA-NJ-A4YQ-01Z-00-DX1.56C29975-77E9-4822-A9E1-83AD70D6C5F7,TCGA-NJ-A4YQ-01,TCGA-NJ-A4YQ,10,10,148.8506417156694,35.207860358000666,0.23653146504570535,2846889.3264131597,2846.88932641316,80.85948130518048,2757,18.521922164543632,1.711838737520972,0.14739837081882667,0.6618315522679902,1.8014852441397216,0.05368864847698392,131.31275596990304,22.85765878754503,0.9590550800090067,TCGA-NJ-A4YQ-01,TCGA-NJ-A4YQ,Female,Stage IA,69,0:LIVING,47.04,0,I,matched
