wsi_name,sample_id,subject_id,WSI_tumor_stroma_ratio,WSI_TSR_category,WSI_sTIL_pct,WSI_neighborhood_sTIL_pct,WSI_neighborhood_intratumoral_TIL_pct,WSI_tumor_pct_TS_compartment,WSI_stroma_pct_TS_compartment,n_clusters_input,n_clusters_scored,n_clusters_sTIL_reliable,n_til_neighborhoods,n_master_rois,n_foci,n_intertumor_edges,WSI_TSR_stroma_fraction,WSI_TSR_compartment_stroma_fraction,WSI_sTILs_pct_stromal_occupancy,WSI_iTILs_pct_computational,WSI_inter_tumor_sTILs_pct,mean_master_tissue_fraction,total_master_area_mm2,clinical__sample_id,clinical__subject_id,SEX,AJCC_PATHOLOGIC_TUMOR_STAGE,AGE,OS_STATUS,OS_MONTHS,OS_Status,stage,clinical_match
TCGA-05-4244-01Z-00-DX1.d4ff32cd-38cf-40ea-8213-45c2b100ac01,TCGA-05-4244-01,TCGA-05-4244,4.089605049930859,stroma-low,62.47181485241491,62.47181485241491,7.435005925426845,80.35211003231804,19.647889967681966,2,1,1,1,1,2,1,0.19647889967681967,0.22102635863299758,62.47181485241491,7.435005925426845,100.0,0.9219489116795756,30.6958085,TCGA-05-4244-01,TCGA-05-4244,MALE,Stage IV,70,0:LIVING,0,0,IV,matched
TCGA-05-4382-01Z-00-DX1.76b49a4c-dbbb-48b0-b677-6d3037e5ce88,TCGA-05-4382-01,TCGA-05-4382,0.7930585811686579,stroma-high,23.91360954752644,23.91360954752644,8.321217220210118,44.229373735897006,55.770626264102994,7,1,1,1,1,7,7,0.55770626264103,0.5696727854588954,23.91360954752644,8.321217220210118,27.856756933194116,0.9514959196902052,32.0316715,TCGA-05-4382-01,TCGA-05-4382,Male,Stage IB,68,0:LIVING,19.94,0,I,matched
TCGA-05-4395-01Z-00-DX1.20205276-ca16-46b2-914a-fe5e576a5cf9,TCGA-05-4395-01,TCGA-05-4395,2.088007895158457,stroma-low,3.5529156258810803,3.5529156258810803,1.9504981608044232,67.61666310608035,32.38333689391964,1,1,1,1,1,1,0,0.3238333689391964,0.320401421600605,3.5529156258810803,1.9504981608044232,,0.9331405858219782,40.17753175,TCGA-05-4395-01,TCGA-05-4395,Male,Stage IIIB,76,1:DECEASED,0,1,III,matched
TCGA-05-4397-01Z-00-DX1.00e9cdb3-b50e-439c-86b0-d7b73b802c0d,TCGA-05-4397-01,TCGA-05-4397,48.42885087609814,stroma-low,70.62678029734394,70.62678029734394,0.5268784138857251,97.97689005049568,2.023109949504331,6,6,4,6,6,6,0,0.02023109949504331,0.026144651171499046,70.62678029734394,0.5268784138857251,,0.9646090999979208,100.59629199999999,TCGA-05-4397-01,TCGA-05-4397,Male,Stage IIB,65,1:DECEASED,24.01,1,II,matched
TCGA-05-4415-01Z-00-DX1.55E0C429-B308-4962-8DA9-41D7D3F7764E,TCGA-05-4415-01,TCGA-05-4415,9.943651532767655,stroma-low,62.23876121370977,62.23876121370977,3.607129282528618,90.86228214590182,9.137717854098188,5,5,5,5,5,5,0,0.09137717854098187,0.1139843270557972,62.23876121370977,3.607129282528618,,0.798518244907498,52.476183500000005,TCGA-05-4415-01,TCGA-05-4415,Male,Stage IIIB,57,1:DECEASED,2.99,1,III,matched
TCGA-05-4418-01Z-00-DX1.f3863ea5-564f-482f-9878-cc104cf69401,TCGA-05-4418-01,TCGA-05-4418,2.251530467169517,stroma-low,30.451651396398077,30.451651396398077,13.152481221411524,69.2452520406334,30.754747959366586,9,3,3,3,3,9,6,0.30754747959366585,0.3028203609348399,30.451651396398077,13.152481221411524,11.410199989642104,0.9162699771220854,85.030584,TCGA-05-4418-01,TCGA-05-4418,Male,Stage IIIA,69,1:DECEASED,9,1,III,matched
TCGA-05-4432-01Z-00-DX1.90d00d62-402b-404a-85e2-0edf869193ab,TCGA-05-4432-01,TCGA-05-4432,1.6511357325508107,stroma-low,30.304522225187796,30.304522225187796,12.463903879026038,62.28031678190078,37.71968321809922,3,3,3,3,3,3,0,0.3771968321809922,0.36115363425171215,30.304522225187796,12.463903879026038,,0.8556409327769945,81.85064924999999,TCGA-05-4432-01,TCGA-05-4432,Male,Stage IIB,66,0:LIVING,25,0,II,matched
TCGA-35-4123-01Z-00-DX1.990553a8-657e-49ec-9782-e6d30a4c4909,TCGA-35-4123-01,TCGA-35-4123,2.173000957485792,stroma-low,21.04584601138256,21.04584601138256,6.790495400332702,68.48409397290646,31.51590602709352,9,2,2,2,2,9,8,0.3151590602709352,0.3152952205577699,21.04584601138256,6.790495400332702,22.411884654938746,0.9500908489825087,114.277275,TCGA-35-4123-01,TCGA-35-4123,Male,Stage IA,38,0:LIVING,5.98,0,I,matched
TCGA-38-4629-01Z-00-DX1.d00cc280-5370-4b9f-9655-6c35deb94647,TCGA-38-4629-01,TCGA-38-4629,4.88598280338771,stroma-low,6.010334088287776,6.010334088287776,5.719150929914463,83.01048383246304,16.989516167536955,2,2,2,2,2,2,0,0.16989516167536955,0.163160504634398,6.010334088287776,5.719150929914463,,0.9366499927490317,101.426472,TCGA-38-4629-01,TCGA-38-4629,Male,Stage IIB,68,1:DECEASED,28.38,1,II,matched
TCGA-44-2656-01Z-00-DX1.5f247f31-4bb5-460d-a1f7-7dcdba33c835,TCGA-44-2656-01,TCGA-44-2656,2.1128812440745848,stroma-low,39.69153867690613,39.69153867690613,10.138273375967374,67.87542082103148,32.12457917896851,11,9,9,9,9,11,2,0.3212457917896851,0.3342957184532664,39.69153867690613,10.138273375967374,28.14488888157525,0.8764419592678184,46.055898000000006,TCGA-44-2656-01,TCGA-44-2656,Male,Stage IB,59,0:LIVING,46.94,0,I,matched
TCGA-44-2662-01Z-00-DX1.398f3f84-fd48-4454-b789-a3e90cd36d73,TCGA-44-2662-01,TCGA-44-2662,0.598439512184782,stroma-high,17.344145804402004,17.344145804402004,5.781916198478269,37.438983935452256,62.56101606454774,67,12,12,12,12,67,82,0.6256101606454774,0.6451816354272696,17.344145804402004,5.781916198478269,26.419457217469706,0.9744532655707885,85.175073,TCGA-44-2662-01,TCGA-44-2662,Male,Stage IB,65,0:LIVING,42.05,0,I,matched
TCGA-44-2668-01Z-00-DX1.f66fa464-dad1-4a9f-8486-3d7579ca42b6,TCGA-44-2668-01,TCGA-44-2668,1.0758980584425917,stroma-low,21.440022319394856,21.440022319394856,8.711592121753155,51.82807768748368,48.17192231251633,10,4,4,4,4,10,9,0.4817192231251633,0.48923738583876797,21.440022319394856,8.711592121753155,23.583977581081577,0.9266671357945886,41.842116000000004,TCGA-44-2668-01,TCGA-44-2668,Male,Stage IB,51,1:DECEASED,25,1,I,matched
TCGA-44-7660-01Z-00-DX1.f96c114b-f0fc-498a-97cc-e262344de357,TCGA-44-7660-01,TCGA-44-7660,0.5275290214630151,stroma-high,5.460848479876493,5.460848479876493,2.449376888716125,34.53479534927368,65.46520465072632,29,7,7,7,7,29,25,0.6546520465072632,0.6570506695278409,5.460848479876493,2.449376888716125,3.214730771550415,0.931933367177068,82.501416,TCGA-44-7660-01,TCGA-44-7660,Male,Stage IB,72,0:LIVING,19.45,0,I,matched
TCGA-44-7662-01Z-00-DX1.2f0b6cea-795a-40ad-93a9-319858e6fb3b,TCGA-44-7662-01,TCGA-44-7662,1.50757196374027,stroma-low,26.35952330530117,26.35952330530117,9.17764731026872,60.120785586212655,39.87921441378734,3,3,3,3,3,3,0,0.3987921441378734,0.39035737894705563,26.35952330530117,9.17764731026872,,0.7994908406793719,18.148833,TCGA-44-7662-01,TCGA-44-7662,Male,Stage IB,61,0:LIVING,7.16,0,I,matched
TCGA-49-6745-01Z-00-DX6.3174fffa-c17c-44d1-8d21-1921a9ec1bee,TCGA-49-6745-01,TCGA-49-6745,2.209368676891803,stroma-low,20.231887236622484,20.231887236622484,12.569014688348293,68.84122390798441,31.158776092015582,8,3,3,3,3,8,5,0.31158776092015583,0.2956150010684015,20.231887236622484,12.569014688348293,23.48337288315696,0.8967130006771273,105.972921,TCGA-49-6745-01,TCGA-49-6745,Male,Stage IIIA,82,0:LIVING,17.15,0,III,matched
TCGA-49-AAR9-01Z-00-DX1.B6A9966E-89B8-404B-8ABC-1F8F8553D4DA,TCGA-49-AAR9-01,TCGA-49-AAR9,0.17360829522555882,stroma-high,0.0010439656146845604,0.0010439656146845604,0.08238718418980077,14.792694967462939,85.20730503253706,3,2,2,2,2,3,1,0.8520730503253706,0.85199406852685,0.0010439656146845604,0.08238718418980077,0.0,0.99999999796846,1.195137,TCGA-49-AAR9-01,TCGA-49-AAR9,Male,Stage IIB,61,1:DECEASED,8.54,1,II,matched
TCGA-50-5066-02Z-00-DX1.A2CA045A-7956-4E04-9EC9-5856FC789110,TCGA-50-5066-02,TCGA-50-5066,1.647138372441648,stroma-low,44.885319423713604,44.885319423713604,20.98502766262412,62.2233574787544,37.776642521245584,21,6,6,6,6,21,16,0.37776642521245585,0.3890212676741897,44.885319423713604,20.98502766262412,33.436996037965656,0.8089175363651374,149.08409999999998,TCGA-50-5066-02,TCGA-50-5066,Male,Stage IB,72,0:LIVING,47.37,0,I,matched
TCGA-55-1592-01Z-00-DX1.ee15e261-2f9c-4a93-a19f-27cb1c3bae15,TCGA-55-1592-01,TCGA-55-1592,1.7778500173950607,stroma-low,34.92330076265179,34.92330076265179,5.193664147490147,64.0009362010929,35.99906379890711,10,7,7,7,7,10,3,0.3599906379890711,0.3737734832897796,34.92330076265179,5.193664147490147,16.8535909309514,0.8401651582994665,78.065856,TCGA-55-1592-01,TCGA-55-1592,Male,Stage IA,65,1:DECEASED,23.03,1,I,matched
TCGA-55-1594-01Z-00-DX1.bd90c500-7c0b-4c45-a3f7-2d9177384b1d,TCGA-55-1594-01,TCGA-55-1594,2.261713506585284,stroma-low,20.734763111068563,20.734763111068563,2.2930190954218546,69.34126807946083,30.65873192053918,2,2,2,2,2,2,0,0.3065873192053918,0.3100522960757524,20.734763111068563,2.2930190954218546,,0.9883729118951559,175.019805,TCGA-55-1594-01,TCGA-55-1594,Male,Stage IIIA,68,0:LIVING,38.7,0,III,matched
TCGA-55-6975-01Z-00-DX1.2762a872-b1c3-47fd-8ed5-b715a5b20163,TCGA-55-6975-01,TCGA-55-6975,0.5874316044387206,stroma-high,1.1863099587700532,1.1863099587700532,0.529795861609731,37.00515995751659,62.99484004248341,12,1,1,1,1,12,17,0.6299484004248341,0.6307453822450292,1.1863099587700532,0.529795861609731,0.49537651356006196,0.9463013693787549,22.485825,TCGA-55-6975-01,TCGA-55-6975,Male,Stage IIB,61,1:DECEASED,3.88,1,II,matched
TCGA-55-6980-01Z-00-DX1.2f1d1858-42b9-4e3b-966d-2f3f429570a6,TCGA-55-6980-01,TCGA-55-6980,0.5336069365345167,stroma-high,9.807246229537139,9.807246229537139,8.838278996700463,34.794243806715265,65.20575619328474,22,7,7,7,7,22,16,0.6520575619328474,0.6390891976055999,9.807246229537139,8.838278996700463,5.573339875421868,0.9244451530985047,128.680524,TCGA-55-6980-01,TCGA-55-6980,Male,Stage IA,56,0:LIVING,69.28,0,I,matched
TCGA-55-7903-01Z-00-DX1.40fc5dcb-b5bb-46b4-90bd-2eeb3ea880f5,TCGA-55-7903-01,TCGA-55-7903,3.451374785364296,stroma-low,7.566129682984527,7.566129682984527,2.4104390429294376,77.53503022733771,22.46496977266229,1,1,1,1,1,1,0,0.22464969772662288,0.2243563808014768,7.566129682984527,2.4104390429294376,,0.9153998672975519,18.641673,TCGA-55-7903-01,TCGA-55-7903,Male,Stage IA,64,0:LIVING,18.63,0,I,matched
TCGA-55-7907-01Z-00-DX1.f5a264f5-3926-4d09-82f3-cd38d554f3db,TCGA-55-7907-01,TCGA-55-7907,0.6571260533041849,stroma-high,32.79216977661455,32.79216977661455,14.917381563000074,39.65456049610257,60.345439503897424,19,6,6,6,6,19,18,0.6034543950389742,0.6218503000655567,32.79216977661455,14.917381563000074,20.343517613241342,0.9551810030514511,37.948679999999996,TCGA-55-7907-01,TCGA-55-7907,Male,Stage IIA,77,1:DECEASED,11.27,1,II,matched
TCGA-55-8090-01Z-00-DX1.83f86d5f-7cb9-443a-a812-b19ba4aea836,TCGA-55-8090-01,TCGA-55-8090,1.538406527624976,stroma-low,21.442579945504466,21.442579945504466,7.786980716432164,60.605206884035404,39.394793115964596,4,2,2,2,2,4,2,0.39394793115964594,0.3979146509958841,21.442579945504466,7.786980716432164,8.78622366906754,0.7601990052543277,17.520462000000002,TCGA-55-8090-01,TCGA-55-8090,Male,Stage IA,80,1:DECEASED,19.65,1,I,matched
TCGA-55-8302-01Z-00-DX1.E0C2B152-BBA9-4AA7-9E6B-BD57B68163CB,TCGA-55-8302-01,TCGA-55-8302,0.7544272943667378,stroma-high,12.740047158982733,12.740047158982733,5.823284477173378,43.0013427623428,56.9986572376572,6,2,2,2,2,6,5,0.569986572376572,0.5753307385591208,12.740047158982733,5.823284477173378,2.6077779186695866,0.8951633810172779,14.347584000000001,TCGA-55-8302-01,TCGA-55-8302,Male,Stage IB,54,0:LIVING,15.7,0,I,matched
TCGA-55-8614-01Z-00-DX1.043DE2B5-A453-4570-8830-99170450658C,TCGA-55-8614-01,TCGA-55-8614,0.44750578737279684,stroma-high,3.430614210136068,3.430614210136068,1.0025609181361317,30.91564754190128,69.08435245809872,18,5,5,5,5,18,14,0.6908435245809872,0.6932443468129779,3.430614210136068,1.0025609181361317,3.302580379745732,0.9874918314487493,34.856109000000004,TCGA-55-8614-01,TCGA-55-8614,Male,Stage IB,76,0:LIVING,17.61,0,I,matched
TCGA-55-A4DF-01Z-00-DX1.C945E1AD-BEF4-403F-BB11-BAC831D24CDA,TCGA-55-A4DF-01,TCGA-55-A4DF,0.9579566830535019,stroma-high,11.688885992671597,11.688885992671597,5.063045790479194,48.92634711200735,51.07365288799265,5,4,4,4,4,5,1,0.5107365288799265,0.5094110402028942,11.688885992671597,5.063045790479194,0.0,0.8830860921942091,17.754561,TCGA-55-A4DF-01,TCGA-55-A4DF,Male,Stage IA,88,1:DECEASED,20.17,1,I,matched
TCGA-55-A4DG-01Z-00-DX1.9CE9B7BE-48EF-44F1-9C25-F15700A3E5DE,TCGA-55-A4DG-01,TCGA-55-A4DG,0.29554791665396307,stroma-high,3.1347467917192695,3.1347467917192695,2.9808691554512583,22.81258090532695,77.18741909467306,10,2,2,2,2,10,10,0.7718741909467306,0.770869569466006,3.1347467917192695,2.9808691554512583,0.2832809638964224,0.8911907920433098,12.924729,TCGA-55-A4DG-01,TCGA-55-A4DG,Male,Stage IA,71,0:LIVING,19.97,0,I,matched
TCGA-62-A471-01Z-00-DX1.51A235BB-7F67-4C0D-8B15-2E26116D8822,TCGA-62-A471-01,TCGA-62-A471,2.4939102566637716,stroma-low,36.36642289626837,36.36642289626837,9.79298637175177,71.3787725917474,28.621227408252594,36,5,5,5,5,36,47,0.2862122740825259,0.3274176002276521,36.36642289626837,9.79298637175177,23.103312562644003,0.9130938853081311,125.4859671875,TCGA-62-A471-01,TCGA-62-A471,Male,Stage IIB,64,0:LIVING,40.93,0,II,matched
TCGA-62-A472-01Z-00-DX1.C2F76C9A-C51A-4521-9B95-2A20063E9931,TCGA-62-A472-01,TCGA-62-A472,1.0202108399920662,stroma-low,25.736783964895977,25.736783964895977,19.71552831311482,50.500216105962124,49.49978389403787,19,4,4,4,4,19,22,0.4949978389403787,0.45641041017062334,25.736783964895977,19.71552831311482,15.194961532396563,0.9351654516297861,195.22789687499997,TCGA-62-A472-01,TCGA-62-A472,Male,Stage IIB,70,0:LIVING,29.89,0,II,matched
TCGA-64-5775-01Z-00-DX1.9A338C1A-CDB6-41AF-B6D5-EDE608B5E3E1,TCGA-64-5775-01,TCGA-64-5775,1.8286391780399847,stroma-low,2.182086745321237,2.182086745321237,4.370283990036747,64.64731140813379,35.35268859186622,16,3,3,3,3,16,15,0.35352688591866216,0.34542907034727094,2.182086745321237,4.370283990036747,0.6929773190592168,0.807252886189355,105.48383749999999,TCGA-64-5775-01,TCGA-64-5775,Male,Stage IIIA,71,1:DECEASED,2.04,1,III,matched
TCGA-64-5815-01Z-00-DX1.1E3600B5-7E83-47BE-AC70-E0C2D623740B,TCGA-64-5815-01,TCGA-64-5815,0.29821062135711135,stroma-high,3.8528463198294394,3.8528463198294394,3.8255720112336995,22.970896744425854,77.02910325557414,49,3,3,3,3,49,70,0.7702910325557414,0.7692432095747623,3.8528463198294394,3.8255720112336995,3.1545893186418352,0.9916541488749729,50.803959875,TCGA-64-5815-01,TCGA-64-5815,Male,Stage IIB,74,0:LIVING,28.45,0,II,matched
TCGA-69-7978-01Z-00-DX1.90a2bf2f-18e2-4bfe-b858-d2de619e2493,TCGA-69-7978-01,TCGA-69-7978,1.2364333525982567,stroma-low,16.23181863254995,16.23181863254995,7.867624040499358,55.285946758117596,44.7140532418824,20,6,6,6,6,20,18,0.44714053241882395,0.4395870149662811,16.23181863254995,7.867624040499358,3.7181570955663474,0.9205322940540963,233.064036,TCGA-69-7978-01,TCGA-69-7978,Male,Stage IIB,59,0:LIVING,4.4,0,II,matched
TCGA-73-4675-01Z-00-DX1.1027587f-8ec4-4b8c-8768-ff7b669683e0,TCGA-73-4675-01,TCGA-73-4675,1.8821130084365254,stroma-low,48.206116800402164,48.206116800402164,16.306215793904318,65.30323422180884,34.69676577819116,49,15,15,15,15,49,45,0.3469676577819116,0.36129899739963317,48.206116800402164,16.306215793904318,58.30964558865276,0.9365828118429659,221.40837,TCGA-73-4675-01,TCGA-73-4675,Male,Stage IIIA,59,1:DECEASED,30.29,1,III,matched
TCGA-73-4676-01Z-00-DX1.4d781bbc-a45e-4f9d-b6b6-2265282dff99,TCGA-73-4676-01,TCGA-73-4676,1.923894048412514,stroma-low,66.18397698586315,66.18397698586315,5.409775086258521,65.79903432058575,34.20096567941426,34,12,12,12,12,34,25,0.3420096567941426,0.3795438879731493,66.18397698586315,5.409775086258521,93.82988018632281,0.928625331707638,354.35195999999996,TCGA-73-4676-01,TCGA-73-4676,Male,Stage IIA,45,1:DECEASED,9.23,1,II,matched
TCGA-78-7148-01Z-00-DX1.aac94f79-77f2-45e6-b0c3-0b103fecbb22,TCGA-78-7148-01,TCGA-78-7148,0.46429716193375714,stroma-high,15.917551358531837,15.917551358531837,7.19294020732417,31.707850974771016,68.29214902522898,54,11,11,11,11,54,62,0.6829214902522898,0.6890739818995195,15.917551358531837,7.19294020732417,18.336669309346213,0.8186742892472704,101.327904,TCGA-78-7148-01,TCGA-78-7148,Male,Stage IIB,71,1:DECEASED,20.57,1,II,matched
TCGA-78-7155-01Z-00-DX1.32258467-7550-4a1b-8df9-a869fb83e559,TCGA-78-7155-01,TCGA-78-7155,4.170004657353219,stroma-low,37.93401967256049,37.93401967256049,12.702332144079994,80.65765765650298,19.342342343497027,1,1,1,1,1,1,0,0.19342342343497027,0.18225671725105072,37.93401967256049,12.702332144079994,,0.9732748633034061,148.911606,TCGA-78-7155-01,TCGA-78-7155,Male,Stage IB,68,1:DECEASED,38.47,1,I,matched
TCGA-78-8640-01Z-00-DX1.6F929E56-34D5-45A6-8A9E-ACB4B88A68B1,TCGA-78-8640-01,TCGA-78-8640,1.2086704545777627,stroma-low,19.869272999846416,19.869272999846416,6.587965763879184,54.72389292266905,45.27610707733095,62,19,19,19,19,62,56,0.4527610707733095,0.4581152209995845,19.869272999846416,6.587965763879184,9.822971063310376,0.949457327233525,280.11578399999996,TCGA-78-8640-01,TCGA-78-8640,Male,Stage IIA,59,0:LIVING,232,0,II,matched
TCGA-78-8660-01Z-00-DX1.11E923ED-C01B-439D-8796-08C9E3DC2D93,TCGA-78-8660-01,TCGA-78-8660,1.2475670821475648,stroma-low,15.915992871780427,15.915992871780427,3.4438579340387236,55.50744589814451,44.49255410185548,36,22,21,22,22,36,16,0.4449255410185548,0.4507279613792711,15.915992871780427,3.4438579340387236,12.155433205414921,0.9997739029120549,253.91584799999998,TCGA-78-8660-01,TCGA-78-8660,Male,Stage IIB,69,1:DECEASED,10.55,1,II,matched
TCGA-80-5611-01Z-00-DX1.31920706-8AF4-46D2-B1D4-7DD5AF4AAC77,TCGA-80-5611-01,TCGA-80-5611,2.2210213892237367,stroma-low,44.88751702769602,44.88751702769602,15.66438440115874,68.9539472371837,31.046052762816302,5,3,3,3,3,5,2,0.310460527628163,0.3081997251037123,44.88751702769602,15.66438440115874,74.77786825570752,0.8865808701739701,68.41497600000001,TCGA-80-5611-01,TCGA-80-5611,Male,Stage IB,,0:LIVING,85.25,0,I,matched
TCGA-86-7955-01Z-00-DX1.ef4f4d94-5efb-4a07-97cf-b0ed69085827,TCGA-86-7955-01,TCGA-86-7955,2.637092642434791,stroma-low,27.622535868688292,27.622535868688292,6.950345346891182,72.50551200338504,27.494487996614975,39,27,26,27,27,39,15,0.27494487996614975,0.29412387090318565,27.622535868688292,6.950345346891182,24.512964059575857,0.7713493808989226,97.55767800000002,TCGA-86-7955-01,TCGA-86-7955,Male,Stage IB,62,0:LIVING,35.22,0,I,matched
TCGA-86-8055-01Z-00-DX1.546dc42e-3742-4da5-8f9b-80732180ce76,TCGA-86-8055-01,TCGA-86-8055,0.3495179626118327,stroma-high,10.456844432375338,10.456844432375338,4.4408900345753475,25.899467239056378,74.10053276094362,14,11,11,11,11,14,3,0.7410053276094363,0.7497912455091995,10.456844432375338,4.4408900345753475,0.5250543930382955,0.8028798083142674,6.714944999999999,TCGA-86-8055-01,TCGA-86-8055,Male,Stage IIA,79,1:DECEASED,4.07,1,II,matched
TCGA-86-8073-01Z-00-DX1.33c016fc-5c9e-4ad6-8de2-a7f8521d205c,TCGA-86-8073-01,TCGA-86-8073,0.5796184095937692,stroma-high,5.279270939698368,5.279270939698368,4.180532820085126,36.69357143937249,63.306428560627516,13,8,8,8,8,13,5,0.6330642856062751,0.6311357891157874,5.279270939698368,4.180532820085126,1.7409597430517576,0.8266495777542562,12.850803,TCGA-86-8073-01,TCGA-86-8073,Male,Stage IB,58,0:LIVING,24.31,0,I,matched
TCGA-86-8585-01Z-00-DX1.bc0b1c69-f71d-46fc-8195-2d205002e6e5,TCGA-86-8585-01,TCGA-86-8585,1.001016204507376,stroma-low,29.169270727218983,29.169270727218983,10.630324865792819,50.02539221084484,49.97460778915516,14,10,10,10,10,14,4,0.49974607789155157,0.5037534206304703,29.169270727218983,10.630324865792819,26.74578186383984,0.9659553658386869,188.843967,TCGA-86-8585-01,TCGA-86-8585,Male,Stage IB,57,0:LIVING,11.6,0,I,matched
TCGA-86-A4JF-01Z-00-DX1.22828B15-D68E-4300-A3A8-FBC11B319BC5,TCGA-86-A4JF-01,TCGA-86-A4JF,0.9433854500634136,stroma-high,16.0676707797268,16.0676707797268,6.782953854912707,48.543403987748825,51.456596012251175,44,12,12,12,12,44,39,0.5145659601225118,0.5159433157227039,16.0676707797268,6.782953854912707,19.433301711752748,0.9729937362519255,156.80274699999998,TCGA-86-A4JF-01,TCGA-86-A4JF,Male,Stage IIB,56,1:DECEASED,24.21,1,II,matched
TCGA-91-A4BC-01Z-00-DX1.8D8783B1-D1BA-4970-B77B-3AED8506C487,TCGA-91-A4BC-01,TCGA-91-A4BC,1.230189421796371,stroma-low,34.15742316271751,34.15742316271751,27.17355116153971,55.16075943026755,44.83924056973245,4,2,2,2,2,4,3,0.4483924056973245,0.42458619925926466,34.15742316271751,27.17355116153971,38.0647364264068,0.9576149414005869,18.32436,TCGA-91-A4BC-01,TCGA-91-A4BC,Male,Stage IIA,59,0:LIVING,1.45,0,II,matched
TCGA-93-A4JP-01Z-00-DX1.994E229B-5251-4F61-8C41-863047F3A136,TCGA-93-A4JP-01,TCGA-93-A4JP,3.057611719030483,stroma-low,12.133107837505047,12.133107837505047,6.065903809346929,75.35496076891907,24.645039231080936,8,6,5,6,6,8,2,0.24645039231080937,0.24193802546329782,12.133107837505047,6.065903809346929,0.8236160808751206,0.9435710803406044,105.53289975,TCGA-93-A4JP-01,TCGA-93-A4JP,Male,Stage IV,64,0:LIVING,18.99,0,IV,matched
TCGA-93-A4JQ-01Z-00-DX1.24573112-917C-43E9-B0FD-763C290AA88A,TCGA-93-A4JQ-01,TCGA-93-A4JQ,0.5812752202858393,stroma-high,16.40409736892291,16.40409736892291,11.14285500763987,36.75990193413421,63.24009806586578,37,11,11,11,11,37,37,0.6324009806586578,0.6264211950700935,16.40409736892291,11.14285500763987,9.099345094033328,0.9673889978303122,129.00918637499998,TCGA-93-A4JQ-01,TCGA-93-A4JQ,Male,Stage IA,49,0:LIVING,17.28,0,I,matched
TCGA-95-7567-01Z-00-DX1.982FF122-A440-4949-926C-B58AF8381090,TCGA-95-7567-01,TCGA-95-7567,1.5120112117389313,stroma-low,29.372059565745968,29.372059565745968,17.851520334936342,60.191260479774954,39.808739520225046,39,15,15,15,15,39,32,0.39808739520225045,0.3946850035227725,29.372059565745968,17.851520334936342,8.781546749499789,0.8958756176272344,193.94761099999997,TCGA-95-7567-01,TCGA-95-7567,Male,Stage IIB,61,0:LIVING,18.66,0,II,matched
TCGA-95-7947-01Z-00-DX1.44291078-2D8E-4E79-8FAB-439E52BAAD60,TCGA-95-7947-01,TCGA-95-7947,1.197214027646762,stroma-low,32.45148123908855,32.45148123908855,6.866662561852818,54.48782014781646,45.51217985218353,27,8,8,8,8,27,27,0.4551217985218353,0.48398408882982763,32.45148123908855,6.866662561852818,35.90814901551907,0.9401935984470211,37.20023775,TCGA-95-7947-01,TCGA-95-7947,Male,Stage IA,67,0:LIVING,15.67,0,I,matched
TCGA-95-8494-01Z-00-DX1.716299EF-71BB-4095-8F4D-F0C2252CE594,TCGA-95-8494-01,TCGA-95-8494,2.281922444954114,stroma-low,15.71109196218331,15.71109196218331,3.4668586363136558,69.53005390064965,30.469946099350366,8,7,7,7,7,8,1,0.30469946099350365,0.30505796394175677,15.71109196218331,3.4668586363136558,49.99951424513947,0.9978985536048708,161.71960675,TCGA-95-8494-01,TCGA-95-8494,Male,Stage IIA,67,0:LIVING,2.76,0,II,matched
TCGA-97-7937-01Z-00-DX1.6db4b2ff-722c-4bb8-b12f-15f1a38b4ab1,TCGA-97-7937-01,TCGA-97-7937,0.785138836741479,stroma-high,8.566707211422237,8.566707211422237,9.2791635305975,43.98194810296324,56.018051897036756,17,4,4,4,4,17,17,0.5601805189703676,0.5409055015213265,8.566707211422237,9.2791635305975,0.7797705803162015,0.9876476755336244,217.994904,TCGA-97-7937-01,TCGA-97-7937,Male,Stage IB,65,0:LIVING,18.53,0,I,matched
TCGA-97-A4LX-01Z-00-DX1.B2334672-A626-4E74-B4D1-A79F70F65909,TCGA-97-A4LX-01,TCGA-97-A4LX,0.3363679242638209,stroma-high,9.144153713660346,9.144153713660346,14.871503593588278,25.170308128213975,74.82969187178603,107,7,7,7,7,107,167,0.7482969187178602,0.7335085939691678,9.144153713660346,14.871503593588278,8.815693661038903,0.9141382213467998,121.1634331875,TCGA-97-A4LX-01,TCGA-97-A4LX,Male,Stage IB,81,0:LIVING,20.17,0,I,matched
TCGA-99-8032-01Z-00-DX1.7380b78f-ea25-43e0-ac90-194b5c6b1432,TCGA-99-8032-01,TCGA-99-8032,0.33317273328187835,stroma-high,7.889424017917941,7.889424017917941,5.570405932303047,24.990965158858693,75.0090348411413,10,3,3,3,3,10,11,0.750090348411413,0.7536119386111886,7.889424017917941,5.570405932303047,12.187982906499185,0.8109632953094206,7.429562999999999,TCGA-99-8032-01,TCGA-99-8032,Male,Stage IA,61,0:LIVING,1.45,0,I,matched
TCGA-MN-A4N1-01Z-00-DX2.9B0852C4-16BF-4962-B86F-E2570E48A89E,TCGA-MN-A4N1-01,TCGA-MN-A4N1,0.5265138542110352,stroma-high,7.466140681220597,7.466140681220597,5.960823085070741,34.491259464078645,65.50874053592138,48,9,9,9,9,48,63,0.6550874053592137,0.6502934313947463,7.466140681220597,5.960823085070741,4.418872562796571,0.9372685257209503,160.7156654375,TCGA-MN-A4N1-01,TCGA-MN-A4N1,Male,Stage IIA,60,0:LIVING,27.17,0,II,matched
TCGA-MN-A4N4-01Z-00-DX1.7D8352EF-7A4B-4084-9612-CF92D9D16041,TCGA-MN-A4N4-01,TCGA-MN-A4N4,0.6234456831235966,stroma-high,7.915507859951186,7.915507859951186,5.1240613182328465,38.402620402060734,61.59737959793926,30,2,2,2,2,30,48,0.6159737959793926,0.6141797633160565,7.915507859951186,5.1240613182328465,6.611380550415389,0.9949537410867453,102.3315879375,TCGA-MN-A4N4-01,TCGA-MN-A4N4,Male,Stage IA,57,0:LIVING,38.6,0,I,matched
TCGA-MP-A4SV-01Z-00-DX1.5430F2CF-BE4B-42D6-9CD4-92E6FB3F6E99,TCGA-MP-A4SV-01,TCGA-MP-A4SV,0.7154729273484495,stroma-high,13.17970343344363,13.17970343344363,11.629345582818788,41.707036930879035,58.292963069120965,35,8,8,8,8,35,45,0.5829296306912096,0.570745630499199,13.17970343344363,11.629345582818788,9.14242301179789,0.9436279462744446,123.51802500000001,TCGA-MP-A4SV-01,TCGA-MP-A4SV,Male,Stage IB,67,1:DECEASED,86.07,1,I,matched
TCGA-MP-A4SW-01Z-00-DX1.A6651B25-A35A-4BDE-9EBF-D264A02003C8,TCGA-MP-A4SW-01,TCGA-MP-A4SW,0.972913468600825,stroma-high,26.80763504469914,26.80763504469914,11.209053826076925,49.31353980216922,50.6864601978308,11,2,2,2,2,11,12,0.506864601978308,0.4982733476261064,26.80763504469914,11.209053826076925,56.10433698576486,0.9811310444006445,104.30958600000001,TCGA-MP-A4SW-01,TCGA-MP-A4SW,Male,Stage IIB,53,1:DECEASED,58.41,1,II,matched
TCGA-MP-A4SY-01Z-00-DX1.9535274F-C850-409E-80A1-B933B2F1A110,TCGA-MP-A4SY-01,TCGA-MP-A4SY,0.9548313131972205,stroma-high,19.038879588541686,19.038879588541686,9.784889905514591,48.84469093323188,51.15530906676812,38,12,12,12,12,38,36,0.5115530906676812,0.5114917963171096,19.038879588541686,9.784889905514591,21.25920564290004,0.8280432979339989,157.00650299999995,TCGA-MP-A4SY-01,TCGA-MP-A4SY,Male,Stage IIB,61,1:DECEASED,49.31,1,II,matched
TCGA-MP-A4TD-01Z-00-DX1.937DEBC9-F5D5-4682-AA9A-13D8226EE06C,TCGA-MP-A4TD-01,TCGA-MP-A4TD,0.6667312742103156,stroma-high,5.3174312779615445,5.3174312779615445,2.660347940111517,40.00232578141355,59.99767421858646,33,7,7,7,7,33,40,0.5999767421858646,0.5991658190441996,5.3174312779615445,2.660347940111517,3.860062850351318,0.9908057447267616,186.68779199999997,TCGA-MP-A4TD-01,TCGA-MP-A4TD,Male,Stage IIIA,71,1:DECEASED,10.09,1,III,matched
TCGA-NJ-A4YG-01Z-00-DX1.507BAE41-5EE9-4657-AAD1-AD456750BA2F,TCGA-NJ-A4YG-01,TCGA-NJ-A4YG,0.2538712885570103,stroma-high,2.5920517466782935,2.5920517466782935,4.15726105720916,20.246997508745284,79.7530024912547,161,8,8,8,8,161,221,0.7975300249125471,0.7944662734286774,2.5920517466782935,4.15726105720916,1.1365052373210867,0.9889206025914498,170.613974375,TCGA-NJ-A4YG-01,TCGA-NJ-A4YG,Male,Stage IB,65,0:LIVING,74.28,0,I,matched
TCGA-NJ-A7XG-01Z-00-DX1.4A876254-653C-410B-A36C-55FC41C1DD93,TCGA-NJ-A7XG-01,TCGA-NJ-A7XG,1.0552249974843098,stroma-low,77.03812971511623,77.03812971511623,33.90280442127471,51.34352680489746,48.656473195102535,16,11,11,11,11,16,5,0.48656473195102534,0.6771397535439082,77.03812971511623,33.90280442127471,65.51158612448131,0.9887139788835472,9.092898,TCGA-NJ-A7XG-01,TCGA-NJ-A7XG,Male,Stage IIIA,49,0:LIVING,20.27,0,III,matched
