group,feature,distribution,n_fit,params,loglik,AIC,BIC,delta_AIC,akaike_weight
female_psg_negative,n_clusters_with_tumor,Poisson,170,lambda=6.17647,-556.2799530956956,1114.5599061913913,1117.6957046284415,175.87568741627138,6.442875319334601e-39
female_psg_negative,n_clusters_with_tumor,Negative Binomial,170,size_r=2.90065; mu=6.17647; p=0.319556,-467.34210938755996,938.6842187751199,944.9558156492204,0.0,1.0
female_psg_negative,wsi_tumor_n_islands,Poisson,170,lambda=1266.25,-79577.47747635865,159156.9549527173,159160.09075115435,156387.26726465585,0.0
female_psg_negative,wsi_tumor_n_islands,Negative Binomial,170,size_r=1.20022; mu=1266.25; p=0.000946956,-1382.8438440307268,2769.6876880614536,2775.959284935554,0.0,1.0
female_psg_negative,wsi_cluster_area_mm2,Log-normal,170,meanlog=4.17155; sdlog=1.02467,-954.5260826330614,1913.0521652661228,1919.3237621402234,19.438537180619505,6.0110338928655275e-05
female_psg_negative,wsi_cluster_area_mm2,Gamma,170,shape=1.35536; scale=72.2206,-944.8068140427516,1893.6136280855033,1899.8852249596039,0.0,0.9999398896610713
female_psg_negative,wsi_cluster_area_mm2,Normal,170,mu=97.8848; sigma=81.3626,-989.0353056332015,1982.070611266403,1988.3422081405035,88.45698318089967,6.191331430116176e-20
female_psg_negative,wsi_tumor_area_mm2,Log-normal,170,meanlog=3.20693; sdlog=1.2244,-820.8146725209991,1645.6293450419982,1651.9009419160989,5.373171543795934,0.06376955464775629
female_psg_negative,wsi_tumor_area_mm2,Gamma,170,shape=0.957122; scale=47.3219,-818.1280867491012,1640.2561734982023,1646.527770372303,0.0,0.9362304453522438
female_psg_negative,wsi_tumor_area_mm2,Normal,170,mu=45.2929; sigma=49.0561,-903.0236315970066,1810.047263194013,1816.3188600681137,169.7910896958108,1.2639098378508992e-37
female_psg_negative,wsi_tumor_perimeter_mm,Log-normal,170,meanlog=7.10851; sdlog=1.06722,-1460.7257344907728,2925.4514689815455,2931.723065855646,22.66797358235317,1.1959330962711747e-05
female_psg_negative,wsi_tumor_perimeter_mm,Gamma,170,shape=1.28836; scale=1467.01,-1449.3917476995962,2902.7834953991924,2909.0550922732928,0.0,0.9999880406690372
female_psg_negative,wsi_tumor_perimeter_mm,Normal,170,mu=1890.04; sigma=1626.83,-1498.2659129404226,3000.531825880845,3006.8034227549456,97.74833048165283,5.945858017542986e-22
female_psg_negative,wsi_tumor_fraction_of_cluster,Beta,170,alpha=4.18985; beta=6.01661,86.85571742536212,-169.71143485072423,-163.43983797662372,0.0,0.9565336716226718
female_psg_negative,wsi_tumor_fraction_of_cluster,Normal,170,mu=0.407358; sigma=0.147833,83.76438801221435,-163.5287760244287,-157.25717915032817,6.182658826295523,0.04346632837732825
female_psg_negative,wsi_tumor_boundary_density_per_mm,Gamma,170,shape=2.9231; scale=20.2799,-822.9341387191953,1649.8682774383906,1656.1398743124912,0.0,0.9950236715661718
female_psg_negative,wsi_tumor_boundary_density_per_mm,Log-normal,170,meanlog=3.90158; sdlog=0.638544,-828.2322128909873,1660.4644257819746,1666.7360226560752,10.596148343583991,0.004976328427661522
female_psg_negative,wsi_tumor_boundary_density_per_mm,Normal,170,mu=59.2803; sigma=35.6467,-848.7410113483273,1701.4820226966547,1707.7536195707553,51.61374525826409,6.1666746327259665e-12
female_psg_negative,wsi_tumor_patch_density_per_mm2,Gamma,170,shape=3.05501; scale=4.73151,-580.2529454074877,1164.5058908149754,1170.777487689076,0.0,0.9619926976486818
female_psg_negative,wsi_tumor_patch_density_per_mm2,Log-normal,170,meanlog=2.49852; sdlog=0.660121,-595.3622680407329,1194.7245360814659,1200.9961329555665,30.218645266490512,2.638009349803241e-07
female_psg_negative,wsi_tumor_patch_density_per_mm2,Normal,170,mu=14.4548; sigma=7.48815,-583.4841808997384,1170.9683617994767,1177.2399586735773,6.462470984501351,0.038007038550383156
female_psg_negative,wsi_area_weighted_tumor_largest_patch_index,Beta,170,alpha=0.871977; beta=1.94184,40.90347283699646,-77.80694567399291,-71.53534879989239,0.0,1.0
female_psg_negative,wsi_area_weighted_tumor_largest_patch_index,Normal,170,mu=0.280738; sigma=0.240176,1.2658187789462403,1.4683624421075194,7.739959316208044,79.27530811610043,6.103593010204998e-18
female_psg_negative,wsi_area_weighted_tumor_compactness_mean,Beta,170,alpha=2.62218; beta=27.5014,284.5705230511947,-565.1410461023894,-558.8694492282889,0.0,0.9999916788288475
female_psg_negative,wsi_area_weighted_tumor_compactness_mean,Normal,170,mu=0.087173; sigma=0.0486026,272.87382382288246,-541.7476476457649,-535.4760507716644,23.39339845662448,8.321171152481382e-06
female_psg_negative,wsi_area_weighted_tumor_solidity_mean,Beta,170,alpha=32.1226; beta=21.5375,220.30579253778433,-436.61158507556866,-430.33998820146815,5.0390406361597115,0.07450101277805489
female_psg_negative,wsi_area_weighted_tumor_solidity_mean,Normal,170,mu=0.59841; sigma=0.0652404,222.82531285586418,-441.65062571172837,-435.37902883762786,0.0,0.9254989872219452
female_psg_negative,wsi_area_weighted_tumor_elongation_mean,Log-normal,170,meanlog=0.577779; sdlog=0.132337,4.366323795023703,-4.7326475900474065,1.5389492840531176,1.7640547144481502,0.18419067956895607
female_psg_negative,wsi_area_weighted_tumor_elongation_mean,Gamma,170,shape=58.0279; scale=0.0309772,5.248351152247778,-6.496702304495557,-0.2251054303950326,0.0,0.4449664474113704
female_psg_negative,wsi_area_weighted_tumor_elongation_mean,Normal,170,mu=1.79754; sigma=0.234866,5.066130722038039,-6.132261444076079,0.13933543002444537,0.364440860419478,0.37084287301967356
female_psg_negative,wsi_area_weighted_tumor_boundary_fractal_dimension,Normal,170,mu=1.63969; sigma=0.135655,98.37878997277551,-192.75757994555102,-186.4859830714505,0.0,1.0
female_psg_negative,wsi_area_weighted_tumor_island_nnd_median_um,Log-normal,170,meanlog=4.85158; sdlog=0.253031,-832.3663174012929,1668.7326348025858,1675.0042316766865,0.0,0.9999996833544315
female_psg_negative,wsi_area_weighted_tumor_island_nnd_median_um,Gamma,170,shape=13.4266; scale=9.8951,-847.3317998533566,1698.6635997067133,1704.935196580814,29.93096490412745,3.166455686012192e-07
female_psg_negative,wsi_area_weighted_tumor_island_nnd_median_um,Normal,170,mu=132.858; sigma=46.2675,-893.07435829841,1790.14871659682,1796.4203134709205,121.41608179423406,4.313528717403392e-27
female_psg_negative,wsi_area_weighted_tumor_island_gap_median_um,Log-normal,170,meanlog=2.45835; sdlog=0.378974,-494.19088456345276,992.3817691269055,998.653366001006,0.0,0.9747324360778248
female_psg_negative,wsi_area_weighted_tumor_island_gap_median_um,Gamma,170,shape=6.99497; scale=1.7974,-497.8435260574727,999.6870521149453,1005.9586489890459,7.305282988039835,0.025267563922165743
female_psg_negative,wsi_area_weighted_tumor_island_gap_median_um,Normal,170,mu=12.5728; sigma=5.35386,-526.4485433274957,1056.8970866549914,1063.168683529092,64.51531752808592,9.54030409450613e-15
